ID;Name;Table;DataType;DataCategory;Description;IsHidden;IsUnique;IsKey;IsNullable;Alignment;SummarizeBy;ColumnStorage;Type;SourceColumn;Expression;FormatString;IsAvailableInMDX;SortByColumn;GroupingBehavior;SourceProviderType;DisplayFolder;AlternateOf;LineageTag
13;"RowNumber-2662979B-1795-4F74-8F37-6A1BA8059B61";"OPORTUNIDAD_TRIAGE";"Integer";"RowNumber";"";True;True;True;False;"Default";"Default";"Consulta1 (12)$RowNumber 2662979B 1795 4F74 8F37 6A1BA8059B61 (13)";"RowNumber";"RowNumber-2662979B-1795-4F74-8F37-6A1BA8059B61";"";"";True;"";"GroupOnValue";"";"";"";""
219883;"TIEMPO_TRIAGE_PROM";"OPORTUNIDAD_TRIAGE";"Integer";"Regular";"";False;False;False;True;"Default";"Sum";"Consulta1 (12)$Columna (219883)";"Calculated";"";"DATEDIFF(OPORTUNIDAD_TRIAGE[LLEGADA_PORTERO],OPORTUNIDAD_TRIAGE[FECHA_TRIAGE],MINUTE)";"0";True;"";"GroupOnValue";"";"";"";"5cee7ca8-617d-4276-aab4-63a85ff180c1"
332494;"FECHA";"OPORTUNIDAD_TRIAGE";"Date";"Regular";"";False;False;False;True;"Default";"None";"Consulta1 (12)$FECHA (332494)";"Data";"FECHA";"";"General Date";True;"";"GroupOnValue";"";"";"";"b56b700c-42f4-4d22-9bb7-4f76772b823d"
377362;"OID_TRIAGE";"OPORTUNIDAD_TRIAGE";"Integer";"Regular";"";False;True;False;False;"Default";"Sum";"Consulta1 (12)$OID TRIAGE (377362)";"Data";"OID_TRIAGE";"";"0";True;"";"GroupOnValue";"";"";"";"2c87f3a4-c974-4d0b-be94-a1603ec7229d"
377363;"GPADOCUME";"OPORTUNIDAD_TRIAGE";"Text";"Regular";"";False;False;False;True;"Default";"None";"Consulta1 (12)$GPADOCUME (377363)";"Data";"GPADOCUME";"";"";True;"";"GroupOnValue";"";"";"";"b8be6a99-8b95-4f35-a917-2090fdc8ca99"
377364;"HCCODIGO";"OPORTUNIDAD_TRIAGE";"Text";"Regular";"";False;False;False;True;"Default";"None";"Consulta1 (12)$HCCODIGO (377364)";"Data";"HCCODIGO";"";"";True;"";"GroupOnValue";"";"";"";"a9f7082a-d6c0-45c7-9df1-26fe8a908e64"
377365;"GPANOMBRE";"OPORTUNIDAD_TRIAGE";"Text";"Regular";"";False;False;False;True;"Default";"None";"Consulta1 (12)$GPANOMBRE (377365)";"Data";"GPANOMBRE";"";"";True;"";"GroupOnValue";"";"";"";"4d9354f8-38e5-4e29-bb44-4dd11ef70176"
377366;"GPASEGNOM";"OPORTUNIDAD_TRIAGE";"Text";"Regular";"";False;False;False;True;"Default";"None";"Consulta1 (12)$GPASEGNOM (377366)";"Data";"GPASEGNOM";"";"";True;"";"GroupOnValue";"";"";"";"09402f72-5ef5-44e5-a5c7-6509e23569a4"
377367;"GPAAPELLI";"OPORTUNIDAD_TRIAGE";"Text";"Regular";"";False;False;False;True;"Default";"None";"Consulta1 (12)$GPAAPELLI (377367)";"Data";"GPAAPELLI";"";"";True;"";"GroupOnValue";"";"";"";"70ea13f7-2ce2-43a7-b15c-eee52744045c"
377368;"GPASEGAPE";"OPORTUNIDAD_TRIAGE";"Text";"Regular";"";False;False;False;True;"Default";"None";"Consulta1 (12)$GPASEGAPE (377368)";"Data";"GPASEGAPE";"";"";True;"";"GroupOnValue";"";"";"";"de01b03c-21ee-4114-a6b2-c33a019bd4b4"
377369;"ENTNOMBRE";"OPORTUNIDAD_TRIAGE";"Text";"Regular";"";False;False;False;True;"Default";"None";"Consulta1 (12)$ENTNOMBRE (377369)";"Data";"ENTNOMBRE";"";"";True;"";"GroupOnValue";"";"";"";"64bb3f26-ab20-4262-bc94-60865d80c606"
377370;"HCTFECTRI";"OPORTUNIDAD_TRIAGE";"Date";"Regular";"";False;False;False;True;"Default";"None";"Consulta1 (12)$HCTFECTRI (377370)";"Data";"HCTFECTRI";"";"General Date";True;"";"GroupOnValue";"";"";"";"af69a8a3-c653-4a63-bacc-e4fd196efa93"
377378;"LLEGADA_PORTERO";"OPORTUNIDAD_TRIAGE";"Text";"Regular";"";False;False;False;True;"Default";"None";"Consulta1 (12)$LLEGADA PORTERO (377378)";"Data";"LLEGADA_PORTERO";"";"";True;"";"GroupOnValue";"";"";"";"878ae6ce-208c-406f-82a4-240cbe33d014"
377379;"FECHA_TRIAGE";"OPORTUNIDAD_TRIAGE";"Date";"Regular";"";False;False;False;True;"Default";"None";"Consulta1 (12)$FECHA TRIAGE (377379)";"Data";"FECHA_TRIAGE";"";"General Date";True;"";"GroupOnValue";"";"";"";"8c9e2091-45b2-43e8-b2d6-657eff8b2479"
377380;"DESCRI_TRIGE";"OPORTUNIDAD_TRIAGE";"Text";"Regular";"";False;False;False;True;"Default";"None";"Consulta1 (12)$DESCRI TRIGE (377380)";"Data";"DESCRI_TRIGE";"";"";True;"";"GroupOnValue";"";"";"";"5741b854-628a-4398-b3de-2e22e5ffd493"
377381;"HORA";"OPORTUNIDAD_TRIAGE";"Integer";"Regular";"";False;False;False;True;"Default";"Sum";"Consulta1 (12)$HORA (377381)";"Data";"HORA";"";"0";True;"";"GroupOnValue";"";"";"";"0e7188a4-0beb-47e3-b23c-4359dff7e884"
377382;"TramoHorario";"OPORTUNIDAD_TRIAGE";"Text";"Regular";"";False;False;False;True;"Default";"None";"Consulta1 (12)$TramoHorario (377382)";"Data";"TramoHorario";"";"";True;"";"GroupOnValue";"";"";"";"fef731be-c5af-449e-9686-ae70999744a4"
377383;"DIA_SEMANA";"OPORTUNIDAD_TRIAGE";"Text";"Regular";"";False;False;False;True;"Default";"None";"Consulta1 (12)$DIA SEMANA (377383)";"Data";"DIA_SEMANA";"";"";True;"";"GroupOnValue";"";"";"";"6c1c6d00-6a2a-4871-b7bb-09764c02de9a"
377384;"MIN";"OPORTUNIDAD_TRIAGE";"Integer";"Regular";"";False;False;False;True;"Default";"Sum";"Consulta1 (12)$MIN (377384)";"Data";"MIN";"";"0";True;"";"GroupOnValue";"";"";"";"442748f3-3e36-46f0-8c61-4c5827ee387b"
377385;"AÑO";"OPORTUNIDAD_TRIAGE";"Integer";"Regular";"";False;False;False;True;"Default";"Sum";"Consulta1 (12)$AÑO (377385)";"Data";"AÑO";"";"0";True;"";"GroupOnValue";"";"";"";"74ece29b-8d59-4dc4-8e6b-1be27b19c95a"
377386;"MES";"OPORTUNIDAD_TRIAGE";"Integer";"Regular";"";False;False;False;True;"Default";"Sum";"Consulta1 (12)$MES (377386)";"Data";"MES";"";"0";True;"";"GroupOnValue";"";"";"";"00870238-bbbf-4c66-8a2a-f1c3bc3f84e1"
377387;"ASEGURADORA";"OPORTUNIDAD_TRIAGE";"Text";"Regular";"";False;False;False;True;"Default";"None";"Consulta1 (12)$ASEGURADORA (377387)";"Data";"ASEGURADORA";"";"";True;"";"GroupOnValue";"";"";"";"ea400d6a-53ee-43a7-9bf8-fb600e68008f"
377388;"GENTERCER1";"OPORTUNIDAD_TRIAGE";"Integer";"Regular";"";False;False;False;True;"Default";"None";"Consulta1 (12)$GENTERCER1 (377388)";"Data";"GENTERCER1";"";"0";True;"";"GroupOnValue";"";"";"";"c51fb958-ab05-47c4-bff4-69a263fce9ed"
377389;"MENORES";"OPORTUNIDAD_TRIAGE";"Text";"Regular";"";False;False;False;True;"Default";"None";"Consulta1 (12)$MENORES (377389)";"Data";"MENORES";"";"";True;"";"GroupOnValue";"";"";"";"f2546da9-5c1e-48db-a4e8-08de253f6092"
377390;"OID_ASEGURADORA";"OPORTUNIDAD_TRIAGE";"Integer";"Regular";"";False;False;False;True;"Default";"Sum";"Consulta1 (12)$OID ASEGURADORA (377390)";"Data";"OID_ASEGURADORA";"";"0";True;"";"GroupOnValue";"";"";"";"b863c919-d8ed-4fdc-a40c-eeb9a731ee51"
1160711;"CLASIFICACION_TRIAGE";"OPORTUNIDAD_TRIAGE";"Text";"Regular";"";False;False;False;True;"Default";"None";"Consulta1 (12)$CLASIFICACION TRIAGE (1160711)";"Data";"CLASIFICACION_TRIAGE";"";"";True;"";"GroupOnValue";"";"";"";"bb925262-9c11-41ab-a808-0dddafe0cae5"
1447943;"TERNOMCOM";"OPORTUNIDAD_TRIAGE";"Text";"Regular";"";False;False;False;True;"Default";"None";"Consulta1 (12)$TERNOMCOM (1447943)";"Data";"TERNOMCOM";"";"";True;"";"GroupOnValue";"";"";"";"4470f878-1384-4728-87d1-40d8c06b58df"
16;"RowNumber-2662979B-1795-4F74-8F37-6A1BA8059B61";"DateTableTemplate_40012e61-7c29-4a06-8f9c-d723de648a2e";"Integer";"RowNumber";"";True;True;True;False;"Default";"Default";"DateTableTemplate 40012e61 7c29 4a06 8f9c d723de648a2e (15)$RowNumber 2662979B 1795 4F74 8F37 6A1BA8059B61 (16)";"RowNumber";"RowNumber-2662979B-1795-4F74-8F37-6A1BA8059B61";"";"";True;"";"GroupOnValue";"";"";"";""
18;"Date";"DateTableTemplate_40012e61-7c29-4a06-8f9c-d723de648a2e";"Date";"PaddedDateTableDates";"";True;False;False;True;"Default";"None";"DateTableTemplate 40012e61 7c29 4a06 8f9c d723de648a2e (15)$Date (18)";"CalculatedTableColumn";"Date";"";"";True;"";"GroupOnValue";"";"";"";"15b3ee6c-a60c-481f-b326-c480043eb2e9"
19;"AÑO";"DateTableTemplate_40012e61-7c29-4a06-8f9c-d723de648a2e";"Integer";"Years";"";True;False;False;True;"Default";"None";"DateTableTemplate 40012e61 7c29 4a06 8f9c d723de648a2e (15)$Año (19)";"Calculated";"";"YEAR([Date])";"";True;"";"GroupOnValue";"";"";"";"e464db36-9f26-4a2e-a934-3077460ec35d"
20;"NroMes";"DateTableTemplate_40012e61-7c29-4a06-8f9c-d723de648a2e";"Integer";"MonthOfYear";"";True;False;False;True;"Default";"None";"DateTableTemplate 40012e61 7c29 4a06 8f9c d723de648a2e (15)$NroMes (20)";"Calculated";"";"MONTH([Date])";"";True;"";"GroupOnValue";"";"";"";"ee0d3802-a5be-4816-bbfd-36aa5cd60ca7"
21;"MES";"DateTableTemplate_40012e61-7c29-4a06-8f9c-d723de648a2e";"Text";"Months";"";True;False;False;True;"Default";"None";"DateTableTemplate 40012e61 7c29 4a06 8f9c d723de648a2e (15)$Mes (21)";"Calculated";"";"FORMAT([Date], ""MMMM"")";"";True;"NroMes";"GroupOnValue";"";"";"";"dde6769e-3552-4d04-b5ae-097bc2c2aecd"
22;"NroTrimestre";"DateTableTemplate_40012e61-7c29-4a06-8f9c-d723de648a2e";"Integer";"QuarterOfYear";"";True;False;False;True;"Default";"None";"DateTableTemplate 40012e61 7c29 4a06 8f9c d723de648a2e (15)$NroTrimestre (22)";"Calculated";"";"INT(([NroMes] + 2) / 3)";"";True;"";"GroupOnValue";"";"";"";"19f2e31a-fad0-49a2-95d2-7cb411b5ae6b"
23;"Trimestre";"DateTableTemplate_40012e61-7c29-4a06-8f9c-d723de648a2e";"Text";"Quarters";"";True;False;False;True;"Default";"None";"DateTableTemplate 40012e61 7c29 4a06 8f9c d723de648a2e (15)$Trimestre (23)";"Calculated";"";"""Trim. "" & [NroTrimestre]";"";True;"NroTrimestre";"GroupOnValue";"";"";"";"8aeb2696-8253-48d3-92ff-766b9da5710b"
24;"Día";"DateTableTemplate_40012e61-7c29-4a06-8f9c-d723de648a2e";"Integer";"DayOfMonth";"";True;False;False;True;"Default";"None";"DateTableTemplate 40012e61 7c29 4a06 8f9c d723de648a2e (15)$Día (24)";"Calculated";"";"DAY([Date])";"";True;"";"GroupOnValue";"";"";"";"3ee809b0-a4e8-46b7-a26a-691c4b0e2d47"
698;"RowNumber-2662979B-1795-4F74-8F37-6A1BA8059B61";"CONSULTA_URGENCIAS";"Integer";"RowNumber";"";True;True;True;False;"Default";"Default";"Consulta1 (697)$RowNumber 2662979B 1795 4F74 8F37 6A1BA8059B61 (698)";"RowNumber";"RowNumber-2662979B-1795-4F74-8F37-6A1BA8059B61";"";"";True;"";"GroupOnValue";"";"";"";""
701;"DOCUMENTO";"CONSULTA_URGENCIAS";"Text";"Regular";"";False;False;False;True;"Default";"None";"Consulta1 (697)$DOCUMENTO (701)";"Data";"DOCUMENTO";"";"";True;"";"GroupOnValue";"";"";"";"5eff21bb-ed9d-4ec4-aeaf-acb9f404f7df"
708;"LLEGADA_PORTERO";"CONSULTA_URGENCIAS";"Text";"Regular";"";False;False;False;True;"Default";"None";"Consulta1 (697)$LLEGADA PORTERO (708)";"Data";"LLEGADA_PORTERO";"";"";True;"";"GroupOnValue";"";"";"";"21377855-dc48-452d-aa1c-4787252532f1"
709;"FECHA_TRIAGE";"CONSULTA_URGENCIAS";"Date";"Regular";"";False;False;False;True;"Default";"None";"Consulta1 (697)$FECHA TRIAGE (709)";"Data";"FECHA_TRIAGE";"";"General Date";True;"";"GroupOnValue";"";"";"";"186ab3cc-4391-49fb-aa3b-da36eae3d45d"
710;"FECHA_ADMISION";"CONSULTA_URGENCIAS";"Date";"Regular";"";False;False;False;True;"Default";"None";"Consulta1 (697)$FECHA ADMISION (710)";"Data";"FECHA_ADMISION";"";"General Date";True;"";"GroupOnValue";"";"";"";"5b9c7158-042d-482e-af19-415338f5a5bc"
711;"FECHA_FOLIO";"CONSULTA_URGENCIAS";"Date";"Regular";"";False;False;False;True;"Default";"None";"Consulta1 (697)$FECHA FOLIO (711)";"Data";"FECHA_FOLIO";"";"General Date";True;"";"GroupOnValue";"";"";"";"4836e0aa-d4de-43df-87dc-261d05f8c792"
12475;"tiempo_consulta";"CONSULTA_URGENCIAS";"Integer";"Regular";"";False;False;False;True;"Default";"Sum";"Consulta1 (697)$Columna (12475)";"Calculated";"";"DATEDIFF(CONSULTA_URGENCIAS[FECHA_ADMISION],CONSULTA_URGENCIAS[FECHA_FOLIO],MINUTE)";"0.00";True;"";"GroupOnValue";"";"";"";"724cd71c-baa8-49c6-a179-8737a0d1c145"
278565;"MENORES_EDAD";"CONSULTA_URGENCIAS";"Text";"Regular";"";False;False;False;True;"Default";"None";"Consulta1 (697)$MENORES EDAD (278565)";"Data";"MENORES_EDAD";"";"";True;"";"GroupOnValue";"";"";"";"ea6d3889-0bae-493f-aa58-dd571fe9819e"
841704;"OID_TERCERO";"CONSULTA_URGENCIAS";"Integer";"Regular";"";False;False;False;True;"Default";"Sum";"Consulta1 (697)$OID TERCERO (841704)";"Data";"OID_TERCERO";"";"0";True;"";"GroupOnValue";"";"";"";"c3d6e8ca-6233-41f5-807e-93427986257b"
896181;"MENORES_EDAD_CONS";"CONSULTA_URGENCIAS";"Text";"Regular";"";False;False;False;True;"Default";"None";"Consulta1 (697)$Columna (896181)";"Calculated";"";"IF(CONSULTA_URGENCIAS[MENORES_EDAD]=""MENORES"", ""MENORES DE EDAD"",""MAYORES DE EDAD"")";"";True;"";"GroupOnValue";"";"";"";"53b9b5a6-6d79-46b8-9a50-976356d73d9e"
1175724;"CLASIFICACION_TRIAGE";"CONSULTA_URGENCIAS";"Text";"Regular";"";False;False;False;True;"Default";"None";"Consulta1 (697)$CLASIFICACION TRIAGE (1175724)";"Data";"CLASIFICACION_TRIAGE";"";"";True;"";"GroupOnValue";"";"";"";"5b680422-29dd-426a-9914-0c4e0d0cd94e"
8473079;"IDENTIFICACION";"CONSULTA_URGENCIAS";"Text";"Regular";"";False;False;False;True;"Default";"None";"Consulta1 (697)$IDENTIFICACION (8473079)";"Data";"IDENTIFICACION";"";"";True;"";"GroupOnValue";"";"";"";"757b8b4d-ed38-47c7-9675-75ed05e0cb65"
8473080;"INGRESO";"CONSULTA_URGENCIAS";"Text";"Regular";"";False;False;False;True;"Default";"None";"Consulta1 (697)$INGRESO (8473080)";"Data";"INGRESO";"";"";True;"";"GroupOnValue";"";"";"";"e66efbf2-b988-48a0-b8e6-e32974faec3c"
8473081;"PACIENTE";"CONSULTA_URGENCIAS";"Text";"Regular";"";False;False;False;True;"Default";"None";"Consulta1 (697)$PACIENTE (8473081)";"Data";"PACIENTE";"";"";True;"";"GroupOnValue";"";"";"";"e13e751b-52e3-4531-81cb-689ce3aa3f81"
8473082;"CAUSA_INGRESO";"CONSULTA_URGENCIAS";"Text";"Regular";"";False;False;False;True;"Default";"None";"Consulta1 (697)$CAUSA INGRESO (8473082)";"Data";"CAUSA_INGRESO";"";"";True;"";"GroupOnValue";"";"";"";"543533f8-3da9-4bb6-8f10-79fab0293f38"
8473083;"DIACODIGO";"CONSULTA_URGENCIAS";"Text";"Regular";"";False;False;False;True;"Default";"None";"Consulta1 (697)$DIACODIGO (8473083)";"Data";"DIACODIGO";"";"";True;"";"GroupOnValue";"";"";"";"a34fa486-983e-4b09-99b0-212f110facce"
8473084;"DIANOMBRE";"CONSULTA_URGENCIAS";"Text";"Regular";"";False;False;False;True;"Default";"None";"Consulta1 (697)$DIANOMBRE (8473084)";"Data";"DIANOMBRE";"";"";True;"";"GroupOnValue";"";"";"";"5bac0bea-5fb4-4b66-9a2d-8d04314acf14"
8690742;"AGRUPA_ASEGURADORA";"CONSULTA_URGENCIAS";"Text";"Regular";"";False;False;False;True;"Default";"None";"Consulta1 (697)$AGRUPA ASEGURADORA (8690742)";"Data";"AGRUPA_ASEGURADORA";"";"";True;"";"GroupOnValue";"";"";"";"0fbca322-dc7a-49f8-aa12-dd2e198daa71"
8690743;"PLAN_BENEFICIO";"CONSULTA_URGENCIAS";"Text";"Regular";"";False;False;False;True;"Default";"None";"Consulta1 (697)$PLAN BENEFICIO (8690743)";"Data";"PLAN_BENEFICIO";"";"";True;"";"GroupOnValue";"";"";"";"3ab011af-b810-43f4-8336-04458642b08a"
8690744;"TIEMPO_CONSULTA_CALCULADA";"CONSULTA_URGENCIAS";"Integer";"Regular";"";False;False;False;True;"Default";"Sum";"Consulta1 (697)$TIEMPO CONSULTA CALCULADA (8690744)";"Data";"TIEMPO_CONSULTA_CALCULADA";"";"0";True;"";"GroupOnValue";"";"";"";"a695c3e4-ec46-47d4-b4b1-6d624b211f15"
8690745;"NOMB_TERCERO";"CONSULTA_URGENCIAS";"Text";"Regular";"";False;False;False;True;"Default";"None";"Consulta1 (697)$NOMB TERCERO (8690745)";"Data";"NOMB_TERCERO";"";"";True;"";"GroupOnValue";"";"";"";"477edf29-288d-409b-aa81-007150db65ad"
1126;"RowNumber-2662979B-1795-4F74-8F37-6A1BA8059B61";"CIRUGIAS";"Integer";"RowNumber";"";True;True;True;False;"Default";"Default";"Consulta1 (1125)$RowNumber 2662979B 1795 4F74 8F37 6A1BA8059B61 (1126)";"RowNumber";"RowNumber-2662979B-1795-4F74-8F37-6A1BA8059B61";"";"";True;"";"GroupOnValue";"";"";"";""
1132;"CEDULA";"CIRUGIAS";"Text";"Regular";"";False;False;False;True;"Default";"None";"Consulta1 (1125)$CEDULA (1132)";"Data";"CEDULA";"";"";True;"";"GroupOnValue";"";"";"";"3402fcef-84cc-4520-8fc5-638132ab038f"
1133;"FECHA_CIRUGIA";"CIRUGIAS";"Date";"Regular";"";False;False;False;True;"Default";"None";"Consulta1 (1125)$FECHA CIRUGIA (1133)";"Data";"FECHA_CIRUGIA";"";"General Date";True;"";"GroupOnValue";"";"";"";"ed8004a9-6688-4689-87aa-800ee3e18939"
1141;"PRIMER_NOMBRE";"CIRUGIAS";"Text";"Regular";"";False;False;False;True;"Default";"None";"Consulta1 (1125)$PRIMER NOMBRE (1141)";"Data";"PRIMER_NOMBRE";"";"";True;"";"GroupOnValue";"";"";"";"407ae306-0f3a-4aed-80dd-833cb1773144"
1142;"SEGUNDO_NOMBRE";"CIRUGIAS";"Text";"Regular";"";False;False;False;True;"Default";"None";"Consulta1 (1125)$SEGUNDO NOMBRE (1142)";"Data";"SEGUNDO_NOMBRE";"";"";True;"";"GroupOnValue";"";"";"";"fd670a36-70d5-49a9-a33c-b10fb8e9ad13"
1143;"PRIMER_APELLIDO";"CIRUGIAS";"Text";"Regular";"";False;False;False;True;"Default";"None";"Consulta1 (1125)$PRIMER APELLIDO (1143)";"Data";"PRIMER_APELLIDO";"";"";True;"";"GroupOnValue";"";"";"";"1ad34a3d-c588-46e0-8c4e-242746de9c8a"
1145;"Sexo";"CIRUGIAS";"Text";"Regular";"";False;False;False;True;"Default";"None";"Consulta1 (1125)$Sexo (1145)";"Data";"Sexo";"";"";True;"";"GroupOnValue";"";"";"";"a085ce1c-79eb-4a56-86fb-d2eddec5450e"
1146;"CIRUJANO";"CIRUGIAS";"Text";"Regular";"";False;False;False;True;"Default";"None";"Consulta1 (1125)$CIRUJANO (1146)";"Data";"CIRUJANO";"";"";True;"";"GroupOnValue";"";"";"";"d82d50f9-b28d-4d1c-9d36-79531b8fe6c7"
1147;"ESPECIALIDAD";"CIRUGIAS";"Text";"Regular";"";False;False;False;True;"Default";"None";"Consulta1 (1125)$ESPECIALIDAD (1147)";"Data";"ESPECIALIDAD";"";"";True;"";"GroupOnValue";"";"";"";"d05904a0-8ffb-43dd-a652-2b559c227486"
1148;"ASEGURADOR";"CIRUGIAS";"Text";"Regular";"";False;False;False;True;"Default";"None";"Consulta1 (1125)$ASEGURADOR (1148)";"Data";"ASEGURADOR";"";"";True;"";"GroupOnValue";"";"";"";"78d79a1d-8af6-48a2-9bc9-311a89a86048"
1149;"INGRESO";"CIRUGIAS";"Integer";"Regular";"";False;False;False;True;"Default";"Sum";"Consulta1 (1125)$INGRESO (1149)";"Data";"INGRESO";"";"0";True;"";"GroupOnValue";"";"";"";"519efcf7-8158-4606-ae4f-fe9edd6749d6"
1150;"DIAGNOSTICO";"CIRUGIAS";"Text";"Regular";"";False;False;False;True;"Default";"None";"Consulta1 (1125)$DIAGNOSTICO (1150)";"Data";"DIAGNOSTICO";"";"";True;"";"GroupOnValue";"";"";"";"de3359a0-f5fa-444d-9127-5a8e10eeffc5"
1151;"NOM_DIAGNOSTICO";"CIRUGIAS";"Text";"Regular";"";False;False;False;True;"Default";"None";"Consulta1 (1125)$NOM DIAGNOSTICO (1151)";"Data";"NOM_DIAGNOSTICO";"";"";True;"";"GroupOnValue";"";"";"";"0bdc7a24-31ce-4001-b821-f13a06bdb78b"
1152;"CIRUGIA";"CIRUGIAS";"Text";"Regular";"";False;False;False;True;"Default";"None";"Consulta1 (1125)$CIRUGIA (1152)";"Data";"CIRUGIA";"";"";True;"";"GroupOnValue";"";"";"";"4c520f84-5f77-4d0a-a19c-d9647baed24b"
1153;"CUPS";"CIRUGIAS";"Text";"Regular";"";False;False;False;True;"Default";"None";"Consulta1 (1125)$CUPS (1153)";"Data";"CUPS";"";"";True;"";"GroupOnValue";"";"";"";"69a49500-7e2a-487e-b631-147d9a00fba5"
1154;"TIPO";"CIRUGIAS";"Text";"Regular";"";False;False;False;True;"Default";"None";"Consulta1 (1125)$TIPO (1154)";"Data";"TIPO";"";"";True;"";"GroupOnValue";"";"";"";"580045d5-29a6-4190-860e-e3ebaf16a4ec"
1155;"TIPO_INGRESO";"CIRUGIAS";"Text";"Regular";"";False;False;False;True;"Default";"None";"Consulta1 (1125)$TIPO INGRESO (1155)";"Data";"TIPO_INGRESO";"";"";True;"";"GroupOnValue";"";"";"";"21f9ce3b-ac7a-4b3b-9dad-19dba8f39a27"
1008509;"FECHA_INGRESO";"CIRUGIAS";"Date";"Regular";"";False;False;False;True;"Default";"None";"Consulta1 (1125)$FECHA INGRESO (1008509)";"Data";"FECHA_INGRESO";"";"General Date";True;"";"GroupOnValue";"";"";"";"d547b9ca-b414-4fc9-af50-5703b08f674d"
1008517;"FECHA_SOLCITUD";"CIRUGIAS";"Date";"Regular";"";False;False;False;True;"Default";"None";"Consulta1 (1125)$FECHA SOLCITUD (1008517)";"Data";"FECHA_SOLCITUD";"";"General Date";True;"";"GroupOnValue";"";"";"";"5a36380e-7718-4b61-9abd-97adb2270ed1"
1010145;"FECHA";"CIRUGIAS";"Date";"Regular";"";False;False;False;True;"Default";"None";"Consulta1 (1125)$FECHA (1010145)";"Data";"FECHA";"";"General Date";True;"";"GroupOnValue";"";"";"";"f1bcc843-90d9-453a-9b7b-05ff54d33080"
1012135;"SEGUNDO_APELLIDO";"CIRUGIAS";"Text";"Regular";"";False;False;False;True;"Default";"None";"Consulta1 (1125)$SEGUNDO APELLIDO (1012135)";"Data";"SEGUNDO_APELLIDO";"";"";True;"";"GroupOnValue";"";"";"";"01f13c58-af4f-44ad-a94d-483a7e2ee753"
2040789;"Columna";"CIRUGIAS";"Integer";"Regular";"";False;False;False;True;"Default";"Sum";"Consulta1 (1125)$Columna (2040789)";"Calculated";"";"";"";True;"";"GroupOnValue";"";"";"";"2c3f0c14-97d8-4290-b655-c3ed244471a7"
2403071;"OID";"CIRUGIAS";"Integer";"Regular";"";False;False;False;True;"Default";"None";"Consulta1 (1125)$OID (2403071)";"Data";"OID";"";"0";True;"";"GroupOnValue";"";"";"";"d80cecc7-3e98-480b-b2a6-97c760c000e9"
2403072;"GDECODIGO";"CIRUGIAS";"Text";"Regular";"";False;False;False;True;"Default";"None";"Consulta1 (1125)$GDECODIGO (2403072)";"Data";"GDECODIGO";"";"";True;"";"GroupOnValue";"";"";"";"901ad136-c68b-4889-8334-7edfbbc7fa8a"
2403073;"GDENOMBRE";"CIRUGIAS";"Text";"Regular";"";False;False;False;True;"Default";"None";"Consulta1 (1125)$GDENOMBRE (2403073)";"Data";"GDENOMBRE";"";"";True;"";"GroupOnValue";"";"";"";"9e751522-f2a3-4ed0-bc4b-14e396259717"
2403074;"GENTERCER1";"CIRUGIAS";"Integer";"Regular";"";False;False;False;True;"Default";"None";"Consulta1 (1125)$GENTERCER1 (2403074)";"Data";"GENTERCER1";"";"0";True;"";"GroupOnValue";"";"";"";"f27bf157-156b-49ca-91b7-dc65ce7cd5c6"
2403075;"GDETIPREG";"CIRUGIAS";"Integer";"Regular";"";False;False;False;True;"Default";"Sum";"Consulta1 (1125)$GDETIPREG (2403075)";"Data";"GDETIPREG";"";"0";True;"";"GroupOnValue";"";"";"";"ee1fe47b-58ae-4569-9091-3371ec19df7b"
2403076;"GENCONTRA1";"CIRUGIAS";"Integer";"Regular";"";False;False;False;True;"Default";"Sum";"Consulta1 (1125)$GENCONTRA1 (2403076)";"Data";"GENCONTRA1";"";"0";True;"";"GroupOnValue";"";"";"";"323e6e1f-7964-4c7f-8f86-bf6806e0c87b"
2403077;"OID2";"CIRUGIAS";"Integer";"Regular";"";False;False;False;True;"Default";"Sum";"Consulta1 (1125)$OID2 (2403077)";"Data";"OID2";"";"0";True;"";"GroupOnValue";"";"";"";"f6edb980-fc3c-431c-94fc-5f7f9eb77fba"
2403078;"TERPRINOM";"CIRUGIAS";"Text";"Regular";"";False;False;False;True;"Default";"None";"Consulta1 (1125)$TERPRINOM (2403078)";"Data";"TERPRINOM";"";"";True;"";"GroupOnValue";"";"";"";"06288a0e-aad5-4a0d-ae76-54f613711921"
2403079;"DGNMUNICIPIO";"CIRUGIAS";"Integer";"Regular";"";False;False;False;True;"Default";"Sum";"Consulta1 (1125)$DGNMUNICIPIO (2403079)";"Data";"DGNMUNICIPIO";"";"0";True;"";"GroupOnValue";"";"";"";"6e66ec30-504c-468e-8489-356cbb51b470"
2403080;"TERNOMCOM";"CIRUGIAS";"Text";"Regular";"";False;False;False;True;"Default";"None";"Consulta1 (1125)$TERNOMCOM (2403080)";"Data";"TERNOMCOM";"";"";True;"";"GroupOnValue";"";"";"";"7d8d809b-1510-4126-9579-81310f8a9906"
2403081;"TERNUMDOC";"CIRUGIAS";"Text";"Regular";"";False;False;False;True;"Default";"None";"Consulta1 (1125)$TERNUMDOC (2403081)";"Data";"TERNUMDOC";"";"";True;"";"GroupOnValue";"";"";"";"c5706f56-3e37-4390-b7f9-b35d5ac46d69"
2403082;"TERTIPPER";"CIRUGIAS";"Integer";"Regular";"";False;False;False;True;"Default";"Sum";"Consulta1 (1125)$TERTIPPER (2403082)";"Data";"TERTIPPER";"";"0";True;"";"GroupOnValue";"";"";"";"2fb0c616-a770-4cb5-8b74-1954d8510e07"
2403083;"EPS";"CIRUGIAS";"Text";"Regular";"";False;False;False;True;"Default";"None";"Consulta1 (1125)$EPS (2403083)";"Data";"EPS";"";"";True;"";"GroupOnValue";"";"";"";"9bf8c051-ef06-4ee7-a96a-0f7d3c24ccd3"
2671561;"GENPACIEN";"CIRUGIAS";"Integer";"Regular";"";False;False;False;True;"Default";"Sum";"Consulta1 (1125)$GENPACIEN (2671561)";"Data";"GENPACIEN";"";"0";True;"";"GroupOnValue";"";"";"";"336bb0be-9c19-4c1f-a65f-9f12ecfffb32"
2671562;"AINFECING";"CIRUGIAS";"Date";"Regular";"";False;False;False;True;"Default";"None";"Consulta1 (1125)$AINFECING (2671562)";"Data";"AINFECING";"";"General Date";True;"";"GroupOnValue";"";"";"";"88f56f84-cfcf-417e-8aaf-853b1abbc3cd"
2671570;"HPNDEFCAM";"CIRUGIAS";"Integer";"Regular";"";False;False;False;True;"Default";"Sum";"Consulta1 (1125)$HPNDEFCAM (2671570)";"Data";"HPNDEFCAM";"";"0";True;"";"GroupOnValue";"";"";"";"2f584dfa-132c-4200-9b33-df1b91b543c1"
2671571;"AINESTADO";"CIRUGIAS";"Integer";"Regular";"";False;False;False;True;"Default";"Sum";"Consulta1 (1125)$AINESTADO (2671571)";"Data";"AINESTADO";"";"0";True;"";"GroupOnValue";"";"";"";"7eb3bcfb-c33e-4d5a-a116-aac423774b5c"
2671572;"AINTIPING";"CIRUGIAS";"Integer";"Regular";"";False;False;False;True;"Default";"Sum";"Consulta1 (1125)$AINTIPING (2671572)";"Data";"AINTIPING";"";"0";True;"";"GroupOnValue";"";"";"";"00ada22a-f48b-40a8-953c-114641d1749b"
2671573;"ADNEGRESO";"CIRUGIAS";"Integer";"Regular";"";False;False;False;True;"Default";"Sum";"Consulta1 (1125)$ADNEGRESO (2671573)";"Data";"ADNEGRESO";"";"0";True;"";"GroupOnValue";"";"";"";"2a52a141-6041-46e6-82e1-98b2773f8065"
2671574;"AINCONSEC";"CIRUGIAS";"Text";"Regular";"";False;False;False;True;"Default";"None";"Consulta1 (1125)$AINCONSEC (2671574)";"Data";"AINCONSEC";"";"";True;"";"GroupOnValue";"";"";"";"31b2c323-d116-4b5e-9bd5-95d7c320dc32"
2671575;"GENDETCON";"CIRUGIAS";"Integer";"Regular";"";False;False;False;True;"Default";"Sum";"Consulta1 (1125)$GENDETCON (2671575)";"Data";"GENDETCON";"";"0";True;"";"GroupOnValue";"";"";"";"ae9a1e75-9f52-48f8-8be9-09ab76b280a0"
2671576;"AINCAUING";"CIRUGIAS";"Integer";"Regular";"";False;False;False;True;"Default";"Sum";"Consulta1 (1125)$AINCAUING (2671576)";"Data";"AINCAUING";"";"0";True;"";"GroupOnValue";"";"";"";"cd86fd60-8587-48dd-b69f-55dcee6a3da8"
2671577;"GENARESER";"CIRUGIAS";"Integer";"Regular";"";False;False;False;True;"Default";"Sum";"Consulta1 (1125)$GENARESER (2671577)";"Data";"GENARESER";"";"0";True;"";"GroupOnValue";"";"";"";"39afb1f5-b0a6-4338-b343-e201d58b3261"
2671578;"AINURGCON";"CIRUGIAS";"Integer";"Regular";"";False;False;False;True;"Default";"Sum";"Consulta1 (1125)$AINURGCON (2671578)";"Data";"AINURGCON";"";"0";True;"";"GroupOnValue";"";"";"";"a7c9601c-a63d-4419-ad48-9d16dc734d4b"
2671579;"CMNCITMED";"CIRUGIAS";"Integer";"Regular";"";False;False;False;True;"Default";"Sum";"Consulta1 (1125)$CMNCITMED (2671579)";"Data";"CMNCITMED";"";"0";True;"";"GroupOnValue";"";"";"";"e6cc8cda-d57c-4d73-956b-b7de0e04f79f"
2671580;"HCENTRIAGE";"CIRUGIAS";"Integer";"Regular";"";False;False;False;True;"Default";"Sum";"Consulta1 (1125)$HCENTRIAGE (2671580)";"Data";"HCENTRIAGE";"";"0";True;"";"GroupOnValue";"";"";"";"34143e43-3144-4b0e-884e-ce4457759cff"
2671581;"GEENUSUARIO";"CIRUGIAS";"Integer";"Regular";"";False;False;False;True;"Default";"Sum";"Consulta1 (1125)$GEENUSUARIO (2671581)";"Data";"GEENUSUARIO";"";"0";True;"";"GroupOnValue";"";"";"";"17463f16-af4a-4f66-9e05-eb7ec25e732d"
2671582;"HCNCONTRDT";"CIRUGIAS";"Integer";"Regular";"";False;False;False;True;"Default";"Sum";"Consulta1 (1125)$HCNCONTRDT (2671582)";"Data";"HCNCONTRDT";"";"0";True;"";"GroupOnValue";"";"";"";"61e8b80a-fcdc-421a-ba71-f17c93fd3b10"
2671583;"AINTIPRIE";"CIRUGIAS";"Integer";"Regular";"";False;False;False;True;"Default";"Sum";"Consulta1 (1125)$AINTIPRIE (2671583)";"Data";"AINTIPRIE";"";"0";True;"";"GroupOnValue";"";"";"";"72e63763-9235-4198-8887-9722e94f0a8c"
2671584;"GEENENTADM";"CIRUGIAS";"Integer";"Regular";"";False;False;False;True;"Default";"Sum";"Consulta1 (1125)$GEENENTADM (2671584)";"Data";"GEENENTADM";"";"0";True;"";"GroupOnValue";"";"";"";"4fda7cac-4397-4696-83ff-b2c992f522b1"
2671585;"OID3";"CIRUGIAS";"Integer";"Regular";"";False;False;False;True;"Default";"Sum";"Consulta1 (1125)$OID3 (2671585)";"Data";"OID3";"";"0";True;"";"GroupOnValue";"";"";"";"f0ce5fa3-2b52-4607-bb65-9cfa29435d33"
8792960;"AIINGCORCU";"CIRUGIAS";"Integer";"Regular";"";False;False;False;True;"Default";"Sum";"Consulta1 (1125)$AIINGCORCU (8792960)";"Data";"AIINGCORCU";"";"0";True;"";"GroupOnValue";"";"";"";"f44c6ec7-9ded-4a40-a010-e930fa3ca4f6"
1995;"RowNumber-2662979B-1795-4F74-8F37-6A1BA8059B61";"ATENCIONES_GINECO";"Integer";"RowNumber";"";True;True;True;False;"Default";"Default";"Consulta1 (1994)$RowNumber 2662979B 1795 4F74 8F37 6A1BA8059B61 (1995)";"RowNumber";"RowNumber-2662979B-1795-4F74-8F37-6A1BA8059B61";"";"";True;"";"GroupOnValue";"";"";"";""
2001;"PACNUMDOC";"ATENCIONES_GINECO";"Text";"Regular";"";False;False;False;True;"Default";"None";"Consulta1 (1994)$PACNUMDOC (2001)";"Data";"PACNUMDOC";"";"";True;"";"GroupOnValue";"";"";"";"876a7e37-6964-4000-ba6b-d3859678b768"
2002;"NUM_INGRESO";"ATENCIONES_GINECO";"Text";"Regular";"";False;False;False;True;"Default";"None";"Consulta1 (1994)$NUM INGRESO (2002)";"Data";"NUM_INGRESO";"";"";True;"";"GroupOnValue";"";"";"";"1952b3f4-63ea-4192-a681-f2fbc9dcabb6"
2003;"GDENOMBRE";"ATENCIONES_GINECO";"Text";"Regular";"";False;False;False;True;"Default";"None";"Consulta1 (1994)$GDENOMBRE (2003)";"Data";"GDENOMBRE";"";"";True;"";"GroupOnValue";"";"";"";"97ef70d6-8b0b-41e7-8e8e-0b164aacbb06"
2004;"MES_INGRESO";"ATENCIONES_GINECO";"Date";"Regular";"";False;False;False;True;"Default";"None";"Consulta1 (1994)$MES INGRESO (2004)";"Data";"MES_INGRESO";"";"General Date";True;"";"GroupOnValue";"";"";"";"f43c2c3c-da82-45f7-86d4-7b4ec21db6f1"
2012;"HORA_INGRESO";"ATENCIONES_GINECO";"Text";"Regular";"";False;False;False;True;"Default";"None";"Consulta1 (1994)$HORA INGRESO (2012)";"Data";"HORA_INGRESO";"";"";True;"";"GroupOnValue";"";"";"";"617e8c71-c2de-4c3f-afd2-9317ef4f31f5"
16091;"ASEGURADORA";"ATENCIONES_GINECO";"Text";"Regular";"";False;False;False;True;"Default";"None";"Consulta1 (1994)$ASEGURADORA (16091)";"Data";"ASEGURADORA";"";"";True;"";"GroupOnValue";"";"";"";"12989ba7-5171-4267-8907-deb7e672639b"
664417;"OID_ASEGURADORA";"ATENCIONES_GINECO";"Integer";"Regular";"";False;False;False;True;"Default";"None";"Consulta1 (1994)$OID ASEGURADORA (664417)";"Data";"OID_ASEGURADORA";"";"0";True;"";"GroupOnValue";"";"";"";"eb2df27a-e8b4-4435-aee3-2588643b7a95"
1998;"RowNumber-2662979B-1795-4F74-8F37-6A1BA8059B61";"LocalDateTable_93fa716f-31f2-479a-bb24-9a51280ab80e";"Integer";"RowNumber";"";True;True;True;False;"Default";"Default";"LocalDateTable 93fa716f 31f2 479a bb24 9a51280ab80e (1997)$RowNumber 2662979B 1795 4F74 8F37 6A1BA8059B61 (1998)";"RowNumber";"RowNumber-2662979B-1795-4F74-8F37-6A1BA8059B61";"";"";True;"";"GroupOnValue";"";"";"";""
2005;"Date";"LocalDateTable_93fa716f-31f2-479a-bb24-9a51280ab80e";"Date";"PaddedDateTableDates";"";True;True;False;False;"Default";"None";"LocalDateTable 93fa716f 31f2 479a bb24 9a51280ab80e (1997)$Date (2005)";"CalculatedTableColumn";"Date";"";"";True;"";"GroupOnValue";"";"";"";"7344d5de-a1cb-4b95-9683-ab0f697f2c19"
2006;"AÑO";"LocalDateTable_93fa716f-31f2-479a-bb24-9a51280ab80e";"Integer";"Years";"";True;False;False;True;"Default";"None";"LocalDateTable 93fa716f 31f2 479a bb24 9a51280ab80e (1997)$Año (2006)";"Calculated";"";"YEAR([Date])";"";True;"";"GroupOnValue";"";"";"";"dc7a1ab6-c539-4d6a-b3ea-6c3442677cf5"
2007;"NroMes";"LocalDateTable_93fa716f-31f2-479a-bb24-9a51280ab80e";"Integer";"MonthOfYear";"";True;False;False;True;"Default";"None";"LocalDateTable 93fa716f 31f2 479a bb24 9a51280ab80e (1997)$NroMes (2007)";"Calculated";"";"MONTH([Date])";"";True;"";"GroupOnValue";"";"";"";"268a603e-909d-4801-9106-2a87123843d7"
2008;"MES";"LocalDateTable_93fa716f-31f2-479a-bb24-9a51280ab80e";"Text";"Months";"";True;False;False;True;"Default";"None";"LocalDateTable 93fa716f 31f2 479a bb24 9a51280ab80e (1997)$Mes (2008)";"Calculated";"";"FORMAT([Date], ""MMMM"")";"";True;"NroMes";"GroupOnValue";"";"";"";"a95a8bc7-7761-4ca6-81d3-8176c76c6b51"
2009;"NroTrimestre";"LocalDateTable_93fa716f-31f2-479a-bb24-9a51280ab80e";"Integer";"QuarterOfYear";"";True;False;False;True;"Default";"None";"LocalDateTable 93fa716f 31f2 479a bb24 9a51280ab80e (1997)$NroTrimestre (2009)";"Calculated";"";"INT(([NroMes] + 2) / 3)";"";True;"";"GroupOnValue";"";"";"";"640e0d1c-b3b2-49ee-91ea-74e504d69ee9"
2010;"Trimestre";"LocalDateTable_93fa716f-31f2-479a-bb24-9a51280ab80e";"Text";"Quarters";"";True;False;False;True;"Default";"None";"LocalDateTable 93fa716f 31f2 479a bb24 9a51280ab80e (1997)$Trimestre (2010)";"Calculated";"";"""Trim. "" & [NroTrimestre]";"";True;"NroTrimestre";"GroupOnValue";"";"";"";"18035755-93fc-46cd-81ed-621739795412"
2011;"Día";"LocalDateTable_93fa716f-31f2-479a-bb24-9a51280ab80e";"Integer";"DayOfMonth";"";True;False;False;True;"Default";"None";"LocalDateTable 93fa716f 31f2 479a bb24 9a51280ab80e (1997)$Día (2011)";"Calculated";"";"DAY([Date])";"";True;"";"GroupOnValue";"";"";"";"6c6fc030-d857-4e6d-ac51-69df916e324f"
12508;"RowNumber-2662979B-1795-4F74-8F37-6A1BA8059B61";"LocalDateTable_abd5768c-bf3b-487c-ab5e-90c63db8a25c";"Integer";"RowNumber";"";True;True;True;False;"Default";"Default";"LocalDateTable abd5768c bf3b 487c ab5e 90c63db8a25c (12507)$RowNumber 2662979B 1795 4F74 8F37 6A1BA8059B61 (12508)";"RowNumber";"RowNumber-2662979B-1795-4F74-8F37-6A1BA8059B61";"";"";True;"";"GroupOnValue";"";"";"";""
12511;"Date";"LocalDateTable_abd5768c-bf3b-487c-ab5e-90c63db8a25c";"Date";"PaddedDateTableDates";"";True;True;False;False;"Default";"None";"LocalDateTable abd5768c bf3b 487c ab5e 90c63db8a25c (12507)$Date (12511)";"CalculatedTableColumn";"Date";"";"";True;"";"GroupOnValue";"";"";"";"20403787-1e9c-4722-bfd2-d979907c7ec3"
12512;"AÑO";"LocalDateTable_abd5768c-bf3b-487c-ab5e-90c63db8a25c";"Integer";"Years";"";True;False;False;True;"Default";"None";"LocalDateTable abd5768c bf3b 487c ab5e 90c63db8a25c (12507)$Año (12512)";"Calculated";"";"YEAR([Date])";"";True;"";"GroupOnValue";"";"";"";"35b7effc-f375-44b7-a7e4-7a270a1f0603"
12513;"NroMes";"LocalDateTable_abd5768c-bf3b-487c-ab5e-90c63db8a25c";"Integer";"MonthOfYear";"";True;False;False;True;"Default";"None";"LocalDateTable abd5768c bf3b 487c ab5e 90c63db8a25c (12507)$NroMes (12513)";"Calculated";"";"MONTH([Date])";"";True;"";"GroupOnValue";"";"";"";"d94ed517-c515-4ddd-a685-48c51c8a397a"
12514;"MES";"LocalDateTable_abd5768c-bf3b-487c-ab5e-90c63db8a25c";"Text";"Months";"";True;False;False;True;"Default";"None";"LocalDateTable abd5768c bf3b 487c ab5e 90c63db8a25c (12507)$Mes (12514)";"Calculated";"";"FORMAT([Date], ""MMMM"")";"";True;"NroMes";"GroupOnValue";"";"";"";"7092b910-e418-4747-846b-f740f3de3f8a"
12515;"NroTrimestre";"LocalDateTable_abd5768c-bf3b-487c-ab5e-90c63db8a25c";"Integer";"QuarterOfYear";"";True;False;False;True;"Default";"None";"LocalDateTable abd5768c bf3b 487c ab5e 90c63db8a25c (12507)$NroTrimestre (12515)";"Calculated";"";"INT(([NroMes] + 2) / 3)";"";True;"";"GroupOnValue";"";"";"";"7ba8367d-577a-459e-a0e5-bfd2ef9c7ca0"
12516;"Trimestre";"LocalDateTable_abd5768c-bf3b-487c-ab5e-90c63db8a25c";"Text";"Quarters";"";True;False;False;True;"Default";"None";"LocalDateTable abd5768c bf3b 487c ab5e 90c63db8a25c (12507)$Trimestre (12516)";"Calculated";"";"""Trim. "" & [NroTrimestre]";"";True;"NroTrimestre";"GroupOnValue";"";"";"";"5daa7f20-d3bc-4c6e-a47b-585e65e970d0"
12517;"Día";"LocalDateTable_abd5768c-bf3b-487c-ab5e-90c63db8a25c";"Integer";"DayOfMonth";"";True;False;False;True;"Default";"None";"LocalDateTable abd5768c bf3b 487c ab5e 90c63db8a25c (12507)$Día (12517)";"Calculated";"";"DAY([Date])";"";True;"";"GroupOnValue";"";"";"";"fe812c04-58ad-4a96-bf59-910825a37e50"
46418;"RowNumber-2662979B-1795-4F74-8F37-6A1BA8059B61";"PARTOS";"Integer";"RowNumber";"";True;True;True;False;"Default";"Default";"Consulta1 (46417)$RowNumber 2662979B 1795 4F74 8F37 6A1BA8059B61 (46418)";"RowNumber";"RowNumber-2662979B-1795-4F74-8F37-6A1BA8059B61";"";"";True;"";"GroupOnValue";"";"";"";""
62051;"Cesareas";"PARTOS";"Integer";"Regular";"";False;False;False;True;"Default";"Sum";"Consulta1 (46417)$Columna (62051)";"Calculated";"";"IF(PARTOS[TipoParto]=""CESAREA"",1,0)";"0";True;"";"GroupOnValue";"";"";"";"9523890c-bb52-42c7-96e6-505ff0635a45"
62105;"PARTOS_VAGINALES";"PARTOS";"Integer";"Regular";"";False;False;False;True;"Default";"Sum";"Consulta1 (46417)$Columna (62105)";"Calculated";"";"IF(PARTOS[TIPOPARTO]=""VAGINAL"",1,0)";"0";True;"";"GroupOnValue";"";"";"";"202e94ce-d139-4a97-88fa-9a8a300c8732"
499665;"INGRESO";"PARTOS";"Text";"Regular";"";False;False;False;True;"Default";"None";"Consulta1 (46417)$Ingreso (499665)";"Data";"INGRESO";"";"";True;"";"GroupOnValue";"";"";"";"de649606-a936-4185-85ee-3248919e8e75"
499666;"DOCUMENTO";"PARTOS";"Text";"Regular";"";False;False;False;True;"Default";"None";"Consulta1 (46417)$Documento (499666)";"Data";"DOCUMENTO";"";"";True;"";"GroupOnValue";"";"";"";"63fa6fa6-2c65-468a-8fcd-2dd72217937b"
499667;"Nombre";"PARTOS";"Text";"Regular";"";False;False;False;True;"Default";"None";"Consulta1 (46417)$Nombre (499667)";"Data";"Nombre";"";"";True;"";"GroupOnValue";"";"";"";"811065bf-ab3e-42ca-90d4-ba492f124104"
499668;"TipoParto";"PARTOS";"Text";"Regular";"";False;False;False;True;"Default";"None";"Consulta1 (46417)$TipoParto (499668)";"Data";"TipoParto";"";"";True;"";"GroupOnValue";"";"";"";"0f273749-91b0-40fb-9ee6-c0957d1fc7c2"
499669;"FechaParto";"PARTOS";"Date";"Regular";"";False;False;False;True;"Default";"None";"Consulta1 (46417)$FechaParto (499669)";"Data";"FechaParto";"";"General Date";True;"";"GroupOnValue";"";"";"";"c5110c3b-9816-48f8-ae3b-c6390b51e658"
499677;"Analgesia";"PARTOS";"Text";"Regular";"";False;False;False;True;"Default";"None";"Consulta1 (46417)$Analgesia (499677)";"Data";"Analgesia";"";"";True;"";"GroupOnValue";"";"";"";"3e8b1e64-659a-46df-9da6-48482a74f9f2"
499678;"Motivo";"PARTOS";"Text";"Regular";"";False;False;False;True;"Default";"None";"Consulta1 (46417)$Motivo (499678)";"Data";"Motivo";"";"";True;"";"GroupOnValue";"";"";"";"8c108a88-68dc-4b3b-bbc1-c34e1ceee4ad"
499679;"Vivo";"PARTOS";"Text";"Regular";"";False;False;False;True;"Default";"None";"Consulta1 (46417)$Vivo (499679)";"Data";"Vivo";"";"";True;"";"GroupOnValue";"";"";"";"3aa66c45-9cb1-469d-aeb4-19dd4c3a9f94"
499680;"mortinato";"PARTOS";"Text";"Regular";"";False;False;False;True;"Default";"None";"Consulta1 (46417)$mortinato (499680)";"Data";"mortinato";"";"";True;"";"GroupOnValue";"";"";"";"77774d8c-e887-4dab-9501-54e929d994da"
499681;"servicio";"PARTOS";"Text";"Regular";"";False;False;False;True;"Default";"None";"Consulta1 (46417)$servicio (499681)";"Data";"servicio";"";"";True;"";"GroupOnValue";"";"";"";"d414c368-14cf-4861-9671-b947bf978ff5"
499682;"PRE";"PARTOS";"Text";"Regular";"";False;False;False;True;"Default";"None";"Consulta1 (46417)$PRE (499682)";"Data";"PRE";"";"";True;"";"GroupOnValue";"";"";"";"3d952ee5-3bc8-48d4-bfe1-be3da0c3837a"
499683;"PREPAGADA";"PARTOS";"Text";"Regular";"";False;False;False;True;"Default";"None";"Consulta1 (46417)$PREPAGADA (499683)";"Data";"PREPAGADA";"";"";True;"";"GroupOnValue";"";"";"";"bbc54b57-90f0-4389-8469-a82d9d743d5d"
499684;"ASEGURADOR";"PARTOS";"Text";"Regular";"";False;False;False;True;"Default";"None";"Consulta1 (46417)$ASEGURADOR (499684)";"Data";"ASEGURADOR";"";"";True;"";"GroupOnValue";"";"";"";"21932dde-779a-4f7d-a3b5-062fb23eb41b"
499685;"TrNeo";"PARTOS";"True/False";"Regular";"";False;False;False;True;"Default";"None";"Consulta1 (46417)$TrNeo (499685)";"Data";"TrNeo";"";"""TRUE"";""TRUE"";""FALSE""";True;"";"GroupOnValue";"";"";"";"7c1db999-d045-4ff0-9402-ed3f2a905a3e"
72012;"RowNumber-2662979B-1795-4F74-8F37-6A1BA8059B61";"REFERENCIA";"Integer";"RowNumber";"";True;True;True;False;"Default";"Default";"Consulta1 (72011)$RowNumber 2662979B 1795 4F74 8F37 6A1BA8059B61 (72012)";"RowNumber";"RowNumber-2662979B-1795-4F74-8F37-6A1BA8059B61";"";"";True;"";"GroupOnValue";"";"";"";""
72022;"OID";"REFERENCIA";"Integer";"Regular";"";False;False;False;True;"Default";"Count";"Consulta1 (72011)$OID (72022)";"Data";"OID";"";"0";True;"";"GroupOnValue";"";"";"";"8a61a437-08ab-4a85-9edb-35cc0c260f67"
72023;"DEPENDENCIAOID";"REFERENCIA";"Integer";"Regular";"";False;False;False;True;"Default";"Count";"Consulta1 (72011)$DEPENDENCIAOID (72023)";"Data";"DEPENDENCIAOID";"";"0";True;"";"GroupOnValue";"";"";"";"d0597046-ef29-4418-9b88-740341cb5164"
72024;"PACIENTEIDEN";"REFERENCIA";"Text";"Regular";"";False;False;False;True;"Default";"None";"Consulta1 (72011)$PACIENTEIDEN (72024)";"Data";"PACIENTEIDEN";"";"";True;"";"GroupOnValue";"";"";"";"cb947759-d492-45e2-bb39-4947d3af8c9b"
72025;"FECHALLAM";"REFERENCIA";"Date";"Regular";"";False;False;False;True;"Default";"None";"Consulta1 (72011)$FECHALLAM (72025)";"Data";"FECHALLAM";"";"General Date";True;"";"GroupOnValue";"";"";"";"c1b54deb-80f8-43c6-99d2-02fc24ead8a6"
72033;"FECHALLEG";"REFERENCIA";"Date";"Regular";"";False;False;False;True;"Default";"None";"Consulta1 (72011)$FECHALLEG (72033)";"Data";"FECHALLEG";"";"General Date";True;"";"GroupOnValue";"";"";"";"0bb226ba-fb43-472f-94dd-f3ad8007d7c5"
72041;"ESTADOSOID";"REFERENCIA";"Integer";"Regular";"";False;False;False;True;"Default";"Count";"Consulta1 (72011)$ESTADOSOID (72041)";"Data";"ESTADOSOID";"";"0";True;"";"GroupOnValue";"";"";"";"52efb3d8-73fc-48f1-b331-209d6a5fef85"
72042;"PRESTADORESOID";"REFERENCIA";"Integer";"Regular";"";False;False;False;True;"Default";"Count";"Consulta1 (72011)$PRESTADORESOID (72042)";"Data";"PRESTADORESOID";"";"0";True;"";"GroupOnValue";"";"";"";"44a1da46-2ba5-4cc9-855d-5fa795d9b0a6"
72043;"MEDICOOID";"REFERENCIA";"Integer";"Regular";"";False;False;False;True;"Default";"Count";"Consulta1 (72011)$MEDICOOID (72043)";"Data";"MEDICOOID";"";"0";True;"";"GroupOnValue";"";"";"";"fd2c7e4c-fe32-4ed1-9ea1-17e4a9913782"
72044;"NOMBRE_ESTADO";"REFERENCIA";"Text";"Regular";"";False;False;False;True;"Default";"None";"Consulta1 (72011)$NOMBRE ESTADO (72044)";"Data";"NOMBRE_ESTADO";"";"";True;"";"GroupOnValue";"";"";"";"21807d92-0039-4f2e-8373-ead2de1709c6"
72045;"NOMBRE_CAUSA";"REFERENCIA";"Text";"Regular";"";False;False;False;True;"Default";"None";"Consulta1 (72011)$NOMBRE CAUSA (72045)";"Data";"NOMBRE_CAUSA";"";"";True;"";"GroupOnValue";"";"";"";"ef12fd0e-5836-4bd4-826c-6e68b9e3650d"
72046;"ASEGURADORA";"REFERENCIA";"Text";"Regular";"";False;False;False;True;"Default";"None";"Consulta1 (72011)$ASEGURADORA (72046)";"Data";"ASEGURADORA";"";"";True;"";"GroupOnValue";"";"";"";"35b258f2-fc3e-4124-995a-29d71feb3008"
680817;"OID_ASEGURADORA";"REFERENCIA";"Integer";"Regular";"";False;False;False;True;"Default";"None";"Consulta1 (72011)$OID ASEGURADORA (680817)";"Data";"OID_ASEGURADORA";"";"0";True;"";"GroupOnValue";"";"";"";"1d1894b8-0533-49f2-b5fd-126f6f6310ec"
72015;"RowNumber-2662979B-1795-4F74-8F37-6A1BA8059B61";"LocalDateTable_297d578a-c048-4aa5-8644-e07a27460348";"Integer";"RowNumber";"";True;True;True;False;"Default";"Default";"LocalDateTable 297d578a c048 4aa5 8644 e07a27460348 (72014)$RowNumber 2662979B 1795 4F74 8F37 6A1BA8059B61 (72015)";"RowNumber";"RowNumber-2662979B-1795-4F74-8F37-6A1BA8059B61";"";"";True;"";"GroupOnValue";"";"";"";""
72026;"Date";"LocalDateTable_297d578a-c048-4aa5-8644-e07a27460348";"Date";"PaddedDateTableDates";"";True;True;False;False;"Default";"None";"LocalDateTable 297d578a c048 4aa5 8644 e07a27460348 (72014)$Date (72026)";"CalculatedTableColumn";"Date";"";"";True;"";"GroupOnValue";"";"";"";"4f0f7982-7376-4ec5-ae98-045526fe3a8a"
72027;"AÑO";"LocalDateTable_297d578a-c048-4aa5-8644-e07a27460348";"Integer";"Years";"";True;False;False;True;"Default";"None";"LocalDateTable 297d578a c048 4aa5 8644 e07a27460348 (72014)$Año (72027)";"Calculated";"";"YEAR([Date])";"";True;"";"GroupOnValue";"";"";"";"f1ccb6f1-f03f-402c-be4a-047161397fe0"
72028;"NroMes";"LocalDateTable_297d578a-c048-4aa5-8644-e07a27460348";"Integer";"MonthOfYear";"";True;False;False;True;"Default";"None";"LocalDateTable 297d578a c048 4aa5 8644 e07a27460348 (72014)$NroMes (72028)";"Calculated";"";"MONTH([Date])";"";True;"";"GroupOnValue";"";"";"";"982fad51-d530-48b8-86fd-bb6bc7e51022"
72029;"MES";"LocalDateTable_297d578a-c048-4aa5-8644-e07a27460348";"Text";"Months";"";True;False;False;True;"Default";"None";"LocalDateTable 297d578a c048 4aa5 8644 e07a27460348 (72014)$Mes (72029)";"Calculated";"";"FORMAT([Date], ""MMMM"")";"";True;"NroMes";"GroupOnValue";"";"";"";"37cee806-96b6-47f6-8ed0-2af68644bcd0"
72030;"NroTrimestre";"LocalDateTable_297d578a-c048-4aa5-8644-e07a27460348";"Integer";"QuarterOfYear";"";True;False;False;True;"Default";"None";"LocalDateTable 297d578a c048 4aa5 8644 e07a27460348 (72014)$NroTrimestre (72030)";"Calculated";"";"INT(([NroMes] + 2) / 3)";"";True;"";"GroupOnValue";"";"";"";"4c873672-d148-48be-883b-82ce3fa636ab"
72031;"Trimestre";"LocalDateTable_297d578a-c048-4aa5-8644-e07a27460348";"Text";"Quarters";"";True;False;False;True;"Default";"None";"LocalDateTable 297d578a c048 4aa5 8644 e07a27460348 (72014)$Trimestre (72031)";"Calculated";"";"""Trim. "" & [NroTrimestre]";"";True;"NroTrimestre";"GroupOnValue";"";"";"";"7178e2e1-5905-4feb-ac7c-e62ce987fc90"
72032;"Día";"LocalDateTable_297d578a-c048-4aa5-8644-e07a27460348";"Integer";"DayOfMonth";"";True;False;False;True;"Default";"None";"LocalDateTable 297d578a c048 4aa5 8644 e07a27460348 (72014)$Día (72032)";"Calculated";"";"DAY([Date])";"";True;"";"GroupOnValue";"";"";"";"5e18598a-c8f9-4a58-bf78-0244e66c6ace"
72018;"RowNumber-2662979B-1795-4F74-8F37-6A1BA8059B61";"LocalDateTable_9224751e-1108-4bd4-b12c-59d4d2aeccff";"Integer";"RowNumber";"";True;True;True;False;"Default";"Default";"LocalDateTable 9224751e 1108 4bd4 b12c 59d4d2aeccff (72017)$RowNumber 2662979B 1795 4F74 8F37 6A1BA8059B61 (72018)";"RowNumber";"RowNumber-2662979B-1795-4F74-8F37-6A1BA8059B61";"";"";True;"";"GroupOnValue";"";"";"";""
72034;"Date";"LocalDateTable_9224751e-1108-4bd4-b12c-59d4d2aeccff";"Date";"PaddedDateTableDates";"";True;True;False;False;"Default";"None";"LocalDateTable 9224751e 1108 4bd4 b12c 59d4d2aeccff (72017)$Date (72034)";"CalculatedTableColumn";"Date";"";"";True;"";"GroupOnValue";"";"";"";"3d52725e-3e78-4b17-83ee-0e8329579ab1"
72035;"AÑO";"LocalDateTable_9224751e-1108-4bd4-b12c-59d4d2aeccff";"Integer";"Years";"";True;False;False;True;"Default";"None";"LocalDateTable 9224751e 1108 4bd4 b12c 59d4d2aeccff (72017)$Año (72035)";"Calculated";"";"YEAR([Date])";"";True;"";"GroupOnValue";"";"";"";"1d84d31c-39b4-4c16-ac71-9a8d97326499"
72036;"NroMes";"LocalDateTable_9224751e-1108-4bd4-b12c-59d4d2aeccff";"Integer";"MonthOfYear";"";True;False;False;True;"Default";"None";"LocalDateTable 9224751e 1108 4bd4 b12c 59d4d2aeccff (72017)$NroMes (72036)";"Calculated";"";"MONTH([Date])";"";True;"";"GroupOnValue";"";"";"";"51e26c75-1fef-4e67-949f-7bd0aac47275"
72037;"MES";"LocalDateTable_9224751e-1108-4bd4-b12c-59d4d2aeccff";"Text";"Months";"";True;False;False;True;"Default";"None";"LocalDateTable 9224751e 1108 4bd4 b12c 59d4d2aeccff (72017)$Mes (72037)";"Calculated";"";"FORMAT([Date], ""MMMM"")";"";True;"NroMes";"GroupOnValue";"";"";"";"ad61d397-c851-4a49-a862-9998d441d31c"
72038;"NroTrimestre";"LocalDateTable_9224751e-1108-4bd4-b12c-59d4d2aeccff";"Integer";"QuarterOfYear";"";True;False;False;True;"Default";"None";"LocalDateTable 9224751e 1108 4bd4 b12c 59d4d2aeccff (72017)$NroTrimestre (72038)";"Calculated";"";"INT(([NroMes] + 2) / 3)";"";True;"";"GroupOnValue";"";"";"";"0a925443-2d2f-48e0-b91d-131bcd171f74"
72039;"Trimestre";"LocalDateTable_9224751e-1108-4bd4-b12c-59d4d2aeccff";"Text";"Quarters";"";True;False;False;True;"Default";"None";"LocalDateTable 9224751e 1108 4bd4 b12c 59d4d2aeccff (72017)$Trimestre (72039)";"Calculated";"";"""Trim. "" & [NroTrimestre]";"";True;"NroTrimestre";"GroupOnValue";"";"";"";"3d0e9ee0-5104-49a0-ac6d-d7d47bea91f6"
72040;"Día";"LocalDateTable_9224751e-1108-4bd4-b12c-59d4d2aeccff";"Integer";"DayOfMonth";"";True;False;False;True;"Default";"None";"LocalDateTable 9224751e 1108 4bd4 b12c 59d4d2aeccff (72017)$Día (72040)";"Calculated";"";"DAY([Date])";"";True;"";"GroupOnValue";"";"";"";"1314caa9-072f-4dbf-a041-7641f8e20972"
104141;"RowNumber-2662979B-1795-4F74-8F37-6A1BA8059B61";"UNIDAD";"Integer";"RowNumber";"";True;True;True;False;"Default";"Default";"Consulta1 (104140)$RowNumber 2662979B 1795 4F74 8F37 6A1BA8059B61 (104141)";"RowNumber";"RowNumber-2662979B-1795-4F74-8F37-6A1BA8059B61";"";"";True;"";"GroupOnValue";"";"";"";""
104143;"OID";"UNIDAD";"Integer";"Regular";"";False;True;False;False;"Default";"None";"Consulta1 (104140)$OID (104143)";"Data";"OID";"";"0";True;"";"GroupOnValue";"";"";"";"54d868ce-840f-4576-82c5-f5ddc2e7ccaa"
104144;"HSUCODIGO";"UNIDAD";"Text";"Regular";"";False;False;False;True;"Default";"None";"Consulta1 (104140)$HSUCODIGO (104144)";"Data";"HSUCODIGO";"";"";True;"";"GroupOnValue";"";"";"";"95cf7b16-baae-4d8a-b746-bef098080ded"
104145;"HSUNOMBRE";"UNIDAD";"Text";"Regular";"";False;False;False;True;"Default";"None";"Consulta1 (104140)$HSUNOMBRE (104145)";"Data";"HSUNOMBRE";"";"";True;"";"GroupOnValue";"";"";"";"a29de9a6-41c7-498b-ae8a-57864329b269"
104146;"GENARESER";"UNIDAD";"Integer";"Regular";"";False;False;False;True;"Default";"None";"Consulta1 (104140)$GENARESER (104146)";"Data";"GENARESER";"";"0";True;"";"GroupOnValue";"";"";"";"801e1729-58bb-4aa4-b996-775d9df1a116"
272358;"RowNumber-2662979B-1795-4F74-8F37-6A1BA8059B61";"PORCENTAJE_OCUP";"Integer";"RowNumber";"";True;True;True;False;"Default";"Default";"Consulta1 (272357)$RowNumber 2662979B 1795 4F74 8F37 6A1BA8059B61 (272358)";"RowNumber";"RowNumber-2662979B-1795-4F74-8F37-6A1BA8059B61";"";"";True;"";"GroupOnValue";"";"";"";""
272364;"codcama";"PORCENTAJE_OCUP";"Text";"Regular";"";False;False;False;True;"Default";"None";"Consulta1 (272357)$codcama (272364)";"Data";"codcama";"";"";True;"";"GroupOnValue";"";"";"";"861067d7-1ff4-46c0-997c-92012417ad48"
272365;"FECHA";"PORCENTAJE_OCUP";"Date";"Regular";"";False;False;False;True;"Default";"None";"Consulta1 (272357)$fecha (272365)";"Data";"FECHA";"";"General Date";True;"";"GroupOnValue";"";"";"";"48f92b10-f9ac-4f13-b3eb-3f69514d2ddd"
272373;"servicio";"PORCENTAJE_OCUP";"Text";"Regular";"";False;False;False;True;"Default";"None";"Consulta1 (272357)$SERVICIO (272373)";"Data";"servicio";"";"";True;"";"GroupOnValue";"";"";"";"459487e9-5452-4e86-a5c4-bd23fe0f1b05"
272374;"estado";"PORCENTAJE_OCUP";"Text";"Regular";"";False;False;False;True;"Default";"None";"Consulta1 (272357)$estado (272374)";"Data";"estado";"";"";True;"";"GroupOnValue";"";"";"";"7dd833e4-bf96-47a4-ab49-7a6c2cb3ef7b"
272810;"OCUPADA";"PORCENTAJE_OCUP";"Integer";"Regular";"";False;False;False;True;"Default";"Sum";"Consulta1 (272357)$Columna (272810)";"Calculated";"";"IF(PORCENTAJE_OCUP[ESTADO]=""OCUPADA"" || PORCENTAJE_OCUP[ESTADO]=""2"",1,0)";"0";True;"";"GroupOnValue";"";"";"";"be59acb7-f795-4963-800c-d9f7f7d39307"
272864;"DISPONIBLE";"PORCENTAJE_OCUP";"Integer";"Regular";"";False;False;False;True;"Default";"Sum";"Consulta1 (272357)$Columna (272864)";"Calculated";"";"IF(PORCENTAJE_OCUP[estado]=""OCUPADA"" || PORCENTAJE_OCUP[estado]=""1"" ||PORCENTAJE_OCUP[estado]=""DESOCUPADA"" || PORCENTAJE_OCUP[estado]=""MANTENIMIENTO"" || PORCENTAJE_OCUP[estado]=""2"" || PORCENTAJE_OCUP[estado]=""5"" || PORCENTAJE_OCUP[estado]=""DISPONIBLE"",1,0)";"0";True;"";"GroupOnValue";"";"";"";"22384d67-9249-4f6a-8a0f-6e6067982400"
272918;"servicio_uni";"PORCENTAJE_OCUP";"Text";"Regular";"";False;False;False;True;"Default";"None";"Consulta1 (272357)$Columna (272918)";"Calculated";"";"IF(SEARCH(""CRIT"",PORCENTAJE_OCUP[SERVICIO],1,0)<>0,""CUIDADO CRÍTICO OBSTETRICO"",PORCENTAJE_OCUP[SERVICIO])";"";True;"";"GroupOnValue";"";"";"";"a7bfb330-5f50-411e-b150-7ae4261399dc"
280482;"RowNumber-2662979B-1795-4F74-8F37-6A1BA8059B61";"OBSERVADOS";"Integer";"RowNumber";"";True;True;True;False;"Default";"Default";"Consulta1 (280481)$RowNumber 2662979B 1795 4F74 8F37 6A1BA8059B61 (280482)";"RowNumber";"RowNumber-2662979B-1795-4F74-8F37-6A1BA8059B61";"";"";True;"";"GroupOnValue";"";"";"";""
280488;"PACNUMDOC";"OBSERVADOS";"Text";"Regular";"";False;False;False;True;"Default";"None";"Consulta1 (280481)$PACNUMDOC (280488)";"Data";"PACNUMDOC";"";"";True;"";"GroupOnValue";"";"";"";"a4fc0e00-ce81-4f99-8136-8bb80d980b3f"
280489;"GDENOMBRE";"OBSERVADOS";"Text";"Regular";"";False;False;False;True;"Default";"None";"Consulta1 (280481)$GDENOMBRE (280489)";"Data";"GDENOMBRE";"";"";True;"";"GroupOnValue";"";"";"";"6aa1145c-e2bd-4cee-a9f4-da4fd709efb8"
280490;"FECHA_INGRESO";"OBSERVADOS";"Text";"Regular";"";False;False;False;True;"Default";"None";"Consulta1 (280481)$FECHA INGRESO (280490)";"Data";"FECHA_INGRESO";"";"";True;"";"GroupOnValue";"";"";"";"eeec4c9e-1a80-4d1a-937f-a38374529329"
280491;"FECHA";"OBSERVADOS";"Date";"Regular";"";False;False;False;True;"Default";"None";"Consulta1 (280481)$fecha (280491)";"Data";"FECHA";"";"Short Date";True;"";"GroupOnValue";"";"";"";"c8b7f511-66d5-4f92-9d1d-4a2bab778f4f"
280499;"GASNOMBRE";"OBSERVADOS";"Text";"Regular";"";False;False;False;True;"Default";"None";"Consulta1 (280481)$GASNOMBRE (280499)";"Data";"GASNOMBRE";"";"";True;"";"GroupOnValue";"";"";"";"6c811205-788a-4500-bfff-66830ca18bfd"
280500;"ASEGURADORA";"OBSERVADOS";"Text";"Regular";"";False;False;False;True;"Default";"None";"Consulta1 (280481)$ASEGURADORA (280500)";"Data";"ASEGURADORA";"";"";True;"";"GroupOnValue";"";"";"";"baa9f0d1-ae80-4469-b377-e6c3b343b4c7"
280501;"GENTERCER1";"OBSERVADOS";"Integer";"Regular";"";False;False;False;True;"Default";"Sum";"Consulta1 (280481)$GENTERCER1 (280501)";"Data";"GENTERCER1";"";"0";True;"";"GroupOnValue";"";"";"";"eef2749f-7374-4062-9f6e-f141f8301f7b"
280502;"MENORES";"OBSERVADOS";"Text";"Regular";"";False;False;False;True;"Default";"None";"Consulta1 (280481)$MENORES (280502)";"Data";"MENORES";"";"";True;"";"GroupOnValue";"";"";"";"c5c78772-0e1f-4565-a262-057a99a90b49"
280503;"HCENTRIAGE";"OBSERVADOS";"Integer";"Regular";"";False;False;False;True;"Default";"Sum";"Consulta1 (280481)$HCENTRIAGE (280503)";"Data";"HCENTRIAGE";"";"0";True;"";"GroupOnValue";"";"";"";"078a6e84-30f0-4ecc-bebb-34326bcd3b82"
280504;"GENPACIEN";"OBSERVADOS";"Integer";"Regular";"";False;False;False;True;"Default";"Sum";"Consulta1 (280481)$GENPACIEN (280504)";"Data";"GENPACIEN";"";"0";True;"";"GroupOnValue";"";"";"";"204d40f3-ced7-4b8e-aaff-cee917ac5627"
280505;"MENORES2";"OBSERVADOS";"Text";"Regular";"";False;False;False;True;"Default";"None";"Consulta1 (280481)$MENORES2 (280505)";"Data";"MENORES2";"";"";True;"";"GroupOnValue";"";"";"";"d25d4c8c-d21d-48c3-bec2-a04cd2842a23"
1425935;"TERNOMCOM";"OBSERVADOS";"Text";"Regular";"";False;False;False;True;"Default";"None";"Consulta1 (280481)$TERNOMCOM (1425935)";"Data";"TERNOMCOM";"";"";True;"";"GroupOnValue";"";"";"";"301a4263-ce2e-4291-b0b1-e98376d84b7e"
312439;"RowNumber-2662979B-1795-4F74-8F37-6A1BA8059B61";"IMAGENES_CARDIOLOGIA";"Integer";"RowNumber";"";True;True;True;False;"Default";"Default";"Consulta1 (312438)$RowNumber 2662979B 1795 4F74 8F37 6A1BA8059B61 (312439)";"RowNumber";"RowNumber-2662979B-1795-4F74-8F37-6A1BA8059B61";"";"";True;"";"GroupOnValue";"";"";"";""
312445;"PACNUMDOC";"IMAGENES_CARDIOLOGIA";"Text";"Regular";"";False;False;False;True;"Default";"None";"Consulta1 (312438)$PACNUMDOC (312445)";"Data";"PACNUMDOC";"";"";True;"";"GroupOnValue";"";"";"";"e052f1bc-d709-4a7c-90dd-f2fdc96ed2a1"
312446;"SERCANTID";"IMAGENES_CARDIOLOGIA";"Number";"Regular";"";False;False;False;True;"Default";"Count";"Consulta1 (312438)$SERCANTID (312446)";"Data";"SERCANTID";"";"";True;"";"GroupOnValue";"";"";"";"842835d5-ffc9-4acf-aadc-7dd18f93748e"
312447;"ENTIDAD";"IMAGENES_CARDIOLOGIA";"Text";"Regular";"";False;False;False;True;"Default";"None";"Consulta1 (312438)$ENTIDAD (312447)";"Data";"ENTIDAD";"";"";True;"";"GroupOnValue";"";"";"";"a8963a75-f9aa-4e5a-90a9-83edd596fb81"
312449;"FECHA";"IMAGENES_CARDIOLOGIA";"Date";"Regular";"";False;False;False;True;"Default";"None";"Consulta1 (312438)$FECHA (312449)";"Data";"FECHA";"";"General Date";True;"";"GroupOnValue";"";"";"";"af957ad4-7299-4e05-a411-fe673114b0de"
312457;"SIPCODIGO";"IMAGENES_CARDIOLOGIA";"Text";"Regular";"";False;False;False;True;"Default";"None";"Consulta1 (312438)$SIPCODIGO (312457)";"Data";"SIPCODIGO";"";"";True;"";"GroupOnValue";"";"";"";"6a5ae755-4adf-4ad9-a9b3-7903f0b2167f"
312458;"SIPNOMBRE";"IMAGENES_CARDIOLOGIA";"Text";"Regular";"";False;False;False;True;"Default";"None";"Consulta1 (312438)$SIPNOMBRE (312458)";"Data";"SIPNOMBRE";"";"";True;"";"GroupOnValue";"";"";"";"74f21f57-4fd5-464d-9284-de79662fd44f"
312459;"GGRNOMBRE";"IMAGENES_CARDIOLOGIA";"Text";"Regular";"";False;False;False;True;"Default";"None";"Consulta1 (312438)$GGRNOMBRE (312459)";"Data";"GGRNOMBRE";"";"";True;"";"GroupOnValue";"";"";"";"ccfe97ad-f11e-40cc-a9ea-6994c7d8f65a"
312460;"GSUNOMBRE";"IMAGENES_CARDIOLOGIA";"Text";"Regular";"";False;False;False;True;"Default";"None";"Consulta1 (312438)$GSUNOMBRE (312460)";"Data";"GSUNOMBRE";"";"";True;"";"GroupOnValue";"";"";"";"0db36f64-9480-4a89-a4a6-f812c0be4e1a"
312461;"TIPO_SERVICIO";"IMAGENES_CARDIOLOGIA";"Text";"Regular";"";False;False;False;True;"Default";"None";"Consulta1 (312438)$TIPO SERVICIO (312461)";"Data";"TIPO_SERVICIO";"";"";True;"";"GroupOnValue";"";"";"";"31088ba1-6efe-45bc-91ef-6162dd446ebc"
312462;"GCFNOMBRE";"IMAGENES_CARDIOLOGIA";"Text";"Regular";"";False;False;False;True;"Default";"None";"Consulta1 (312438)$GCFNOMBRE (312462)";"Data";"GCFNOMBRE";"";"";True;"";"GroupOnValue";"";"";"";"d092472d-8832-48ba-a73e-a29574dba2f3"
312463;"TIPO_INGRESO";"IMAGENES_CARDIOLOGIA";"Text";"Regular";"";False;False;False;True;"Default";"None";"Consulta1 (312438)$TIPO INGRESO (312463)";"Data";"TIPO_INGRESO";"";"";True;"";"GroupOnValue";"";"";"";"72a81569-b519-41f3-a517-84529d9e25f3"
334601;"ASEGURADORA_OK";"IMAGENES_CARDIOLOGIA";"Text";"Regular";"";False;False;False;True;"Default";"None";"Consulta1 (312438)$ASEGURADORA OK (334601)";"Data";"ASEGURADORA_OK";"";"";True;"";"GroupOnValue";"";"";"";"0163f2a2-aff8-4aa4-8d46-bebbe0872174"
334602;"OID";"IMAGENES_CARDIOLOGIA";"Integer";"Regular";"";False;False;False;True;"Default";"None";"Consulta1 (312438)$OID (334602)";"Data";"OID";"";"0";True;"";"GroupOnValue";"";"";"";"c70bb392-876e-4d6e-81e3-0a63a6e8576a"
371584;"HOSPITALARIO_CARDIO";"IMAGENES_CARDIOLOGIA";"Integer";"Regular";"";False;False;False;True;"Default";"Sum";"Consulta1 (312438)$Columna (371584)";"Calculated";"";"IF(IMAGENES_CARDIOLOGIA[TIPO_INGRESO]=""HOSPITALARIO"",1,0)";"0";True;"";"GroupOnValue";"";"";"";"6c1a717c-4cc8-45bb-8178-95ef67f90370"
372156;"AMBULATORIO_CARDIO";"IMAGENES_CARDIOLOGIA";"Integer";"Regular";"";False;False;False;True;"Default";"Sum";"Consulta1 (312438)$Columna (372156)";"Calculated";"";"IF(IMAGENES_CARDIOLOGIA[TIPO_INGRESO]=""AMBULATORIO"",1,0)";"0";True;"";"GroupOnValue";"";"";"";"430a658d-8a45-48e0-89bb-054f1e217476"
3469966;"CARDIOLOGIA";"IMAGENES_CARDIOLOGIA";"Text";"Regular";"";False;False;False;True;"Default";"None";"Consulta1 (312438)$CARDIOLOGIA (3469966)";"Data";"CARDIOLOGIA";"";"";True;"";"GroupOnValue";"";"";"";"0b906e11-7b9a-47b6-b3cc-3ed24943f645"
313148;"RowNumber-2662979B-1795-4F74-8F37-6A1BA8059B61";"IMAGENES_ECOGRAFIA";"Integer";"RowNumber";"";True;True;True;False;"Default";"Default";"Consulta2 (313147)$RowNumber 2662979B 1795 4F74 8F37 6A1BA8059B61 (313148)";"RowNumber";"RowNumber-2662979B-1795-4F74-8F37-6A1BA8059B61";"";"";True;"";"GroupOnValue";"";"";"";""
313154;"PACNUMDOC";"IMAGENES_ECOGRAFIA";"Text";"Regular";"";False;False;False;True;"Default";"None";"Consulta2 (313147)$PACNUMDOC (313154)";"Data";"PACNUMDOC";"";"";True;"";"GroupOnValue";"";"";"";"5c811479-ab8d-4c8c-82af-da9d27967ab5"
313155;"SERCANTID";"IMAGENES_ECOGRAFIA";"Number";"Regular";"";False;False;False;True;"Default";"Count";"Consulta2 (313147)$SERCANTID (313155)";"Data";"SERCANTID";"";"";True;"";"GroupOnValue";"";"";"";"4da8166f-b923-43e5-af06-867be523b823"
313156;"ENTIDAD";"IMAGENES_ECOGRAFIA";"Text";"Regular";"";False;False;False;True;"Default";"None";"Consulta2 (313147)$ENTIDAD (313156)";"Data";"ENTIDAD";"";"";True;"";"GroupOnValue";"";"";"";"fa79ccf0-e972-4056-95c2-1d74cfe47ec9"
313157;"AREA DE SERVICIO";"IMAGENES_ECOGRAFIA";"Text";"Regular";"";False;False;False;True;"Default";"None";"Consulta2 (313147)$AREA DE SERVICIO (313157)";"Data";"AREA DE SERVICIO";"";"";True;"";"GroupOnValue";"";"";"";"6f497bac-ee43-4c7c-bf5b-15fee437d265"
313158;"FECHA";"IMAGENES_ECOGRAFIA";"Date";"Regular";"";False;False;False;True;"Default";"None";"Consulta2 (313147)$FECHA (313158)";"Data";"FECHA";"";"General Date";True;"";"GroupOnValue";"";"";"";"208a3e68-2720-46d3-9420-d363719300ec"
313166;"SIPCODIGO";"IMAGENES_ECOGRAFIA";"Text";"Regular";"";False;False;False;True;"Default";"None";"Consulta2 (313147)$SIPCODIGO (313166)";"Data";"SIPCODIGO";"";"";True;"";"GroupOnValue";"";"";"";"76f67b66-08d5-436d-941c-72c89487b794"
313167;"SIPNOMBRE";"IMAGENES_ECOGRAFIA";"Text";"Regular";"";False;False;False;True;"Default";"None";"Consulta2 (313147)$SIPNOMBRE (313167)";"Data";"SIPNOMBRE";"";"";True;"";"GroupOnValue";"";"";"";"435cf847-70dd-450f-9ece-5556f915842f"
313168;"GGRNOMBRE";"IMAGENES_ECOGRAFIA";"Text";"Regular";"";False;False;False;True;"Default";"None";"Consulta2 (313147)$GGRNOMBRE (313168)";"Data";"GGRNOMBRE";"";"";True;"";"GroupOnValue";"";"";"";"051e7835-4818-4f8d-a1cf-7b8d5c5fcfac"
313169;"GSUNOMBRE";"IMAGENES_ECOGRAFIA";"Text";"Regular";"";False;False;False;True;"Default";"None";"Consulta2 (313147)$GSUNOMBRE (313169)";"Data";"GSUNOMBRE";"";"";True;"";"GroupOnValue";"";"";"";"1d9b3550-1acd-48fc-b765-d4c5c239cd6f"
313170;"TIPO_SERVICIO";"IMAGENES_ECOGRAFIA";"Text";"Regular";"";False;False;False;True;"Default";"None";"Consulta2 (313147)$TIPO SERVICIO (313170)";"Data";"TIPO_SERVICIO";"";"";True;"";"GroupOnValue";"";"";"";"c6946772-1f74-4b99-9ecf-b837d04308ca"
313171;"GCFNOMBRE";"IMAGENES_ECOGRAFIA";"Text";"Regular";"";False;False;False;True;"Default";"None";"Consulta2 (313147)$GCFNOMBRE (313171)";"Data";"GCFNOMBRE";"";"";True;"";"GroupOnValue";"";"";"";"c5cc483b-bd68-4d2f-a572-02941f7b17ea"
313172;"USUDESCRI";"IMAGENES_ECOGRAFIA";"Text";"Regular";"";False;False;False;True;"Default";"None";"Consulta2 (313147)$USUDESCRI (313172)";"Data";"USUDESCRI";"";"";True;"";"GroupOnValue";"";"";"";"0f8e68f8-887f-494e-91c9-08354197e1ec"
313173;"gascodigo";"IMAGENES_ECOGRAFIA";"Text";"Regular";"";False;False;False;True;"Default";"None";"Consulta2 (313147)$gascodigo (313173)";"Data";"gascodigo";"";"";True;"";"GroupOnValue";"";"";"";"c2a18d3d-fffe-4e0a-9f78-a6a5cc7a8ff5"
313174;"TIPO_INGRESO";"IMAGENES_ECOGRAFIA";"Text";"Regular";"";False;False;False;True;"Default";"None";"Consulta2 (313147)$TIPO INGRESO (313174)";"Data";"TIPO_INGRESO";"";"";True;"";"GroupOnValue";"";"";"";"55da3896-64fb-4bb8-b1ab-8ccf4b5ac78b"
333471;"ASEGURADORA_OK";"IMAGENES_ECOGRAFIA";"Text";"Regular";"";False;False;False;True;"Default";"None";"Consulta2 (313147)$ASEGURADORA OK (333471)";"Data";"ASEGURADORA_OK";"";"";True;"";"GroupOnValue";"";"";"";"70a35e6e-005a-4907-841c-f7f614d26cce"
335453;"OID";"IMAGENES_ECOGRAFIA";"Integer";"Regular";"";False;False;False;True;"Default";"None";"Consulta2 (313147)$OID (335453)";"Data";"OID";"";"0";True;"";"GroupOnValue";"";"";"";"948fadd8-ad7c-4a0f-b3ea-e1b1425bfab8"
372728;"AMBULATORIO_ECO";"IMAGENES_ECOGRAFIA";"Integer";"Regular";"";False;False;False;True;"Default";"Sum";"Consulta2 (313147)$Columna (372728)";"Calculated";"";"IF(IMAGENES_ECOGRAFIA[TIPO_INGRESO]=""AMBULATORIO"",1,0)";"0";True;"";"GroupOnValue";"";"";"";"3651a009-e8ae-4a5c-9a85-fcbc1ee23a2a"
373300;"HOSPITALARIO_ECO";"IMAGENES_ECOGRAFIA";"Integer";"Regular";"";False;False;False;True;"Default";"Sum";"Consulta2 (313147)$Columna (373300)";"Calculated";"";"IF(IMAGENES_ECOGRAFIA[TIPO_INGRESO]=""HOSPITALARIO"",1,0)";"0";True;"";"GroupOnValue";"";"";"";"ec9340d2-2770-4313-ad7c-d3a5bef591f1"
313923;"RowNumber-2662979B-1795-4F74-8F37-6A1BA8059B61";"IMAGENES_OTRAS";"Integer";"RowNumber";"";True;True;True;False;"Default";"Default";"Consulta1 (313922)$RowNumber 2662979B 1795 4F74 8F37 6A1BA8059B61 (313923)";"RowNumber";"RowNumber-2662979B-1795-4F74-8F37-6A1BA8059B61";"";"";True;"";"GroupOnValue";"";"";"";""
313929;"PACNUMDOC";"IMAGENES_OTRAS";"Text";"Regular";"";False;False;False;True;"Default";"None";"Consulta1 (313922)$PACNUMDOC (313929)";"Data";"PACNUMDOC";"";"";True;"";"GroupOnValue";"";"";"";"be940495-1d67-4b37-aa79-75f64625214e"
313930;"SERCANTID";"IMAGENES_OTRAS";"Number";"Regular";"";False;False;False;True;"Default";"Count";"Consulta1 (313922)$SERCANTID (313930)";"Data";"SERCANTID";"";"";True;"";"GroupOnValue";"";"";"";"2e4f5b0f-744d-47e6-877f-0b8f5ff5fe5c"
313931;"ENTIDAD";"IMAGENES_OTRAS";"Text";"Regular";"";False;False;False;True;"Default";"None";"Consulta1 (313922)$ENTIDAD (313931)";"Data";"ENTIDAD";"";"";True;"";"GroupOnValue";"";"";"";"2884e2e9-087b-4ca4-a257-a522e31d329e"
313932;"AREA DE SERVICIO";"IMAGENES_OTRAS";"Text";"Regular";"";False;False;False;True;"Default";"None";"Consulta1 (313922)$AREA DE SERVICIO (313932)";"Data";"AREA DE SERVICIO";"";"";True;"";"GroupOnValue";"";"";"";"4a1d8986-112a-4760-a8a9-7f1fe0d7ffec"
313933;"FECHA";"IMAGENES_OTRAS";"Date";"Regular";"";False;False;False;True;"Default";"None";"Consulta1 (313922)$FECHA (313933)";"Data";"FECHA";"";"General Date";True;"";"GroupOnValue";"";"";"";"dc6aef5d-6a0a-4684-90d9-d1f4828f687c"
313941;"SIPCODIGO";"IMAGENES_OTRAS";"Text";"Regular";"";False;False;False;True;"Default";"None";"Consulta1 (313922)$SIPCODIGO (313941)";"Data";"SIPCODIGO";"";"";True;"";"GroupOnValue";"";"";"";"e006b713-4f30-4095-8166-b13282b8036d"
313942;"SIPNOMBRE";"IMAGENES_OTRAS";"Text";"Regular";"";False;False;False;True;"Default";"None";"Consulta1 (313922)$SIPNOMBRE (313942)";"Data";"SIPNOMBRE";"";"";True;"";"GroupOnValue";"";"";"";"6edeb7c7-176c-4d91-99d8-88bb044e1485"
313943;"GGRNOMBRE";"IMAGENES_OTRAS";"Text";"Regular";"";False;False;False;True;"Default";"None";"Consulta1 (313922)$GGRNOMBRE (313943)";"Data";"GGRNOMBRE";"";"";True;"";"GroupOnValue";"";"";"";"b5138505-f472-4a1f-9bd6-1d6059f7487d"
313944;"GSUNOMBRE";"IMAGENES_OTRAS";"Text";"Regular";"";False;False;False;True;"Default";"None";"Consulta1 (313922)$GSUNOMBRE (313944)";"Data";"GSUNOMBRE";"";"";True;"";"GroupOnValue";"";"";"";"052b1c02-8d35-43eb-bfe4-f104060c4404"
313945;"TIPO_SERVICIO";"IMAGENES_OTRAS";"Text";"Regular";"";False;False;False;True;"Default";"None";"Consulta1 (313922)$TIPO SERVICIO (313945)";"Data";"TIPO_SERVICIO";"";"";True;"";"GroupOnValue";"";"";"";"9f8f1f0e-d415-42bc-b586-6a6b3ed3fe59"
313946;"GCFNOMBRE";"IMAGENES_OTRAS";"Text";"Regular";"";False;False;False;True;"Default";"None";"Consulta1 (313922)$GCFNOMBRE (313946)";"Data";"GCFNOMBRE";"";"";True;"";"GroupOnValue";"";"";"";"369a927d-8a16-482a-a97b-4e47b7cfa994"
313947;"TIPO_INGRESO";"IMAGENES_OTRAS";"Text";"Regular";"";False;False;False;True;"Default";"None";"Consulta1 (313922)$TIPO INGRESO (313947)";"Data";"TIPO_INGRESO";"";"";True;"";"GroupOnValue";"";"";"";"40ce83ee-d714-4c05-8e7a-5053ead811e2"
334057;"ASEGURADORA_OK";"IMAGENES_OTRAS";"Text";"Regular";"";False;False;False;True;"Default";"None";"Consulta1 (313922)$ASEGURADORA OK (334057)";"Data";"ASEGURADORA_OK";"";"";True;"";"GroupOnValue";"";"";"";"ef4548e8-f93a-4af6-b0d4-25d7a001c8f1"
336335;"OID";"IMAGENES_OTRAS";"Integer";"Regular";"";False;False;False;True;"Default";"None";"Consulta1 (313922)$OID (336335)";"Data";"OID";"";"0";True;"";"GroupOnValue";"";"";"";"d384993a-f00c-45c2-811b-e677a4755bda"
373872;"AMBULATORIO_OTRAS";"IMAGENES_OTRAS";"Integer";"Regular";"";False;False;False;True;"Default";"Sum";"Consulta1 (313922)$Columna (373872)";"Calculated";"";"IF(IMAGENES_OTRAS[TIPO_INGRESO]=""AMBULATORIO"",1,0)";"0";True;"";"GroupOnValue";"";"";"";"3005a217-9a2a-4c22-9049-7c9400e8e6d3"
374444;"HOSPITALARIO_OTRAS";"IMAGENES_OTRAS";"Integer";"Regular";"";False;False;False;True;"Default";"Sum";"Consulta1 (313922)$Columna (374444)";"Calculated";"";"IF(IMAGENES_OTRAS[TIPO_INGRESO]=""HOSPITALARIO"",1,0)";"0";True;"";"GroupOnValue";"";"";"";"1dfbf642-8202-460b-845a-642e232d7c3f"
314626;"RowNumber-2662979B-1795-4F74-8F37-6A1BA8059B61";"Calendario";"Integer";"RowNumber";"";True;True;True;False;"Default";"Default";"Tabla (314625)$RowNumber 2662979B 1795 4F74 8F37 6A1BA8059B61 (314626)";"RowNumber";"RowNumber-2662979B-1795-4F74-8F37-6A1BA8059B61";"";"";True;"";"GroupOnValue";"";"";"";""
314675;"Date";"Calendario";"Date";"Regular";"";False;True;False;False;"Default";"None";"Tabla (314625)$Date (314675)";"CalculatedTableColumn";"Date";"";"Short Date";True;"";"GroupOnValue";"";"";"";"2a8f209f-9e24-4509-b71e-d4d395611bfb"
1044925;"AÑO";"Calendario";"Integer";"Regular";"";False;False;False;True;"Default";"Sum";"Tabla (314625)$Columna (1044925)";"Calculated";"";"YEAR ( Calendario[Date] )";"0";True;"";"GroupOnValue";"";"";"";"84171321-e4bb-403f-b726-39e73dfacd98"
1045581;"MES";"Calendario";"Integer";"Regular";"";False;False;False;True;"Default";"Sum";"Tabla (314625)$Columna (1045581)";"Calculated";"";"MONTH ( Calendario[Date] )
";"0";True;"";"GroupOnValue";"";"";"";"4bf0deea-f9cd-4235-91a0-3da288e49d2d"
1046279;"AñoMes";"Calendario";"Integer";"Regular";"";False;False;False;True;"Default";"Sum";"Tabla (314625)$Columna (1046279)";"Calculated";"";"YEAR ( Calendario[Date] ) * 100 + MONTH ( Calendario[Date] )";"0";True;"";"GroupOnValue";"";"";"";"c915f169-ee82-441b-bbbb-6b63d52374f7"
343260;"RowNumber-2662979B-1795-4F74-8F37-6A1BA8059B61";"ASEGURADORAS";"Integer";"RowNumber";"";True;True;True;False;"Default";"Default";"Consulta1 (343259)$RowNumber 2662979B 1795 4F74 8F37 6A1BA8059B61 (343260)";"RowNumber";"RowNumber-2662979B-1795-4F74-8F37-6A1BA8059B61";"";"";True;"";"GroupOnValue";"";"";"";""
343262;"OID";"ASEGURADORAS";"Integer";"Regular";"";False;True;False;False;"Default";"None";"Consulta1 (343259)$OID (343262)";"Data";"OID";"";"0";True;"";"GroupOnValue";"";"";"";"3b9cbebe-4b58-4095-bd48-864d813179d5"
343263;"GDECODIGO";"ASEGURADORAS";"Text";"Regular";"";False;False;False;True;"Default";"None";"Consulta1 (343259)$GDECODIGO (343263)";"Data";"GDECODIGO";"";"";True;"";"GroupOnValue";"";"";"";"15e49cd3-55bd-47dc-b6b0-864d85fc356f"
343264;"GDENOMBRE";"ASEGURADORAS";"Text";"Regular";"";False;False;False;True;"Default";"None";"Consulta1 (343259)$GDENOMBRE (343264)";"Data";"GDENOMBRE";"";"";True;"";"GroupOnValue";"";"";"";"04d9d9d0-20cb-43f7-97f7-c72e8fed7c07"
343265;"GENTERCER1";"ASEGURADORAS";"Integer";"Regular";"";False;False;False;True;"Default";"None";"Consulta1 (343259)$GENTERCER1 (343265)";"Data";"GENTERCER1";"";"0";True;"";"GroupOnValue";"";"";"";"ab2cdd20-b03a-44f0-b629-1b835df285cd"
343266;"GDETIPREG";"ASEGURADORAS";"Integer";"Regular";"";False;False;False;True;"Default";"Sum";"Consulta1 (343259)$GDETIPREG (343266)";"Data";"GDETIPREG";"";"0";True;"";"GroupOnValue";"";"";"";"bab9cf7a-a6e1-411b-a53b-9e98bac6343d"
343267;"GENCONTRA1";"ASEGURADORAS";"Integer";"Regular";"";False;False;False;True;"Default";"Sum";"Consulta1 (343259)$GENCONTRA1 (343267)";"Data";"GENCONTRA1";"";"0";True;"";"GroupOnValue";"";"";"";"8b9cbbf0-a8ce-41da-a461-610ff8f676e8"
344309;"ASEGURADORA_OK";"ASEGURADORAS";"Text";"Regular";"";False;False;False;True;"Default";"None";"Consulta1 (343259)$ASEGURADORA OK (344309)";"Data";"ASEGURADORA_OK";"";"";True;"";"GroupOnValue";"";"";"";"eb5230b2-4dbc-468f-a595-47f4ca491785"
663497;"NOMBRE_TERCERO";"ASEGURADORAS";"Text";"Regular";"";False;False;False;True;"Default";"None";"Consulta1 (343259)$NOMBRE TERCERO (663497)";"Data";"NOMBRE_TERCERO";"";"";True;"";"GroupOnValue";"";"";"";"3bbe1779-73ca-4b27-8707-1ec2163faa8d"
347686;"RowNumber-2662979B-1795-4F74-8F37-6A1BA8059B61";"LABORATORIOS";"Integer";"RowNumber";"";True;True;True;False;"Default";"Default";"Consulta1 (347685)$RowNumber 2662979B 1795 4F74 8F37 6A1BA8059B61 (347686)";"RowNumber";"RowNumber-2662979B-1795-4F74-8F37-6A1BA8059B61";"";"";True;"";"GroupOnValue";"";"";"";""
347731;"TIPO_INGRESO";"LABORATORIOS";"Text";"Regular";"";False;False;False;True;"Default";"None";"Consulta1 (347685)$TIPO INGRESO (347731)";"Data";"TIPO_INGRESO";"";"";True;"";"GroupOnValue";"";"";"";"4d9f1ce9-31e1-4667-b53b-87eb155a6aa3"
6939016;"IDENTIFICACION";"LABORATORIOS";"Text";"Regular";"";False;False;False;True;"Default";"None";"Consulta1 (347685)$IDENTIFICACION (6939016)";"Data";"IDENTIFICACION";"";"";True;"";"GroupOnValue";"";"";"";"1ede4c0f-0054-494e-9cfd-cbebd81b8061"
6939017;"PACIENTE";"LABORATORIOS";"Text";"Regular";"";False;False;False;True;"Default";"None";"Consulta1 (347685)$PACIENTE (6939017)";"Data";"PACIENTE";"";"";True;"";"GroupOnValue";"";"";"";"6c6ec236-d206-4783-9994-655a596ba582"
6939018;"CODIGO";"LABORATORIOS";"Text";"Regular";"";False;False;False;True;"Default";"None";"Consulta1 (347685)$CODIGO (6939018)";"Data";"CODIGO";"";"";True;"";"GroupOnValue";"";"";"";"c1499c0c-2b33-4494-a545-a867624c5674"
6939019;"CUPS";"LABORATORIOS";"Text";"Regular";"";False;False;False;True;"Default";"None";"Consulta1 (347685)$CUPS (6939019)";"Data";"CUPS";"";"";True;"";"GroupOnValue";"";"";"";"3193f7e5-82a0-401a-9f82-e88c47256a9c"
6939020;"SERVICIO IPS";"LABORATORIOS";"Text";"Regular";"";False;False;False;True;"Default";"None";"Consulta1 (347685)$SERVICIO IPS (6939020)";"Data";"SERVICIO IPS";"";"";True;"";"GroupOnValue";"";"";"";"e4d33839-c507-49c0-a786-294a89732dc6"
6939021;"FECHA_ATENCION";"LABORATORIOS";"Date";"Regular";"";False;False;False;True;"Default";"None";"Consulta1 (347685)$FECHA ATENCION (6939021)";"Data";"FECHA_ATENCION";"";"General Date";True;"";"GroupOnValue";"";"";"";"81cdfd40-17ad-44a1-afad-db9cd5ad2efa"
6939029;"INGRESO POR";"LABORATORIOS";"Text";"Regular";"";False;False;False;True;"Default";"None";"Consulta1 (347685)$INGRESO POR (6939029)";"Data";"INGRESO POR";"";"";True;"";"GroupOnValue";"";"";"";"d8f699ba-fb5c-4831-8eb9-ee34db35314c"
7001829;"ASEGURADOR";"LABORATORIOS";"Text";"Regular";"";False;False;False;True;"Default";"None";"Consulta1 (347685)$ASEGURADOR (7001829)";"Data";"ASEGURADOR";"";"";True;"";"GroupOnValue";"";"";"";"6e397371-9c65-4cd6-8be6-8ecb4e6ce1ba"
377359;"RowNumber-2662979B-1795-4F74-8F37-6A1BA8059B61";"LocalDateTable_ec332c3e-3cd8-4bc7-9922-5cae65708026";"Integer";"RowNumber";"";True;True;True;False;"Default";"Default";"LocalDateTable ec332c3e 3cd8 4bc7 9922 5cae65708026 (377358)$RowNumber 2662979B 1795 4F74 8F37 6A1BA8059B61 (377359)";"RowNumber";"RowNumber-2662979B-1795-4F74-8F37-6A1BA8059B61";"";"";True;"";"GroupOnValue";"";"";"";""
377371;"Date";"LocalDateTable_ec332c3e-3cd8-4bc7-9922-5cae65708026";"Date";"PaddedDateTableDates";"";True;True;False;False;"Default";"None";"LocalDateTable ec332c3e 3cd8 4bc7 9922 5cae65708026 (377358)$Date (377371)";"CalculatedTableColumn";"Date";"";"";True;"";"GroupOnValue";"";"";"";"440f8a69-8348-4270-aae7-137e6511297b"
377372;"AÑO";"LocalDateTable_ec332c3e-3cd8-4bc7-9922-5cae65708026";"Integer";"Years";"";True;False;False;True;"Default";"None";"LocalDateTable ec332c3e 3cd8 4bc7 9922 5cae65708026 (377358)$Año (377372)";"Calculated";"";"YEAR([Date])";"";True;"";"GroupOnValue";"";"";"";"deb65fa3-2a7d-41ad-8c25-fa438bce52b0"
377373;"NroMes";"LocalDateTable_ec332c3e-3cd8-4bc7-9922-5cae65708026";"Integer";"MonthOfYear";"";True;False;False;True;"Default";"None";"LocalDateTable ec332c3e 3cd8 4bc7 9922 5cae65708026 (377358)$NroMes (377373)";"Calculated";"";"MONTH([Date])";"";True;"";"GroupOnValue";"";"";"";"00635c67-f38a-4ad5-a97a-f6a250575020"
377374;"MES";"LocalDateTable_ec332c3e-3cd8-4bc7-9922-5cae65708026";"Text";"Months";"";True;False;False;True;"Default";"None";"LocalDateTable ec332c3e 3cd8 4bc7 9922 5cae65708026 (377358)$Mes (377374)";"Calculated";"";"FORMAT([Date], ""MMMM"")";"";True;"NroMes";"GroupOnValue";"";"";"";"fc9ecc39-8513-4743-a69a-c113d3baaf47"
377375;"NroTrimestre";"LocalDateTable_ec332c3e-3cd8-4bc7-9922-5cae65708026";"Integer";"QuarterOfYear";"";True;False;False;True;"Default";"None";"LocalDateTable ec332c3e 3cd8 4bc7 9922 5cae65708026 (377358)$NroTrimestre (377375)";"Calculated";"";"INT(([NroMes] + 2) / 3)";"";True;"";"GroupOnValue";"";"";"";"cf07c412-573f-48d7-bce2-498975ed35e5"
377376;"Trimestre";"LocalDateTable_ec332c3e-3cd8-4bc7-9922-5cae65708026";"Text";"Quarters";"";True;False;False;True;"Default";"None";"LocalDateTable ec332c3e 3cd8 4bc7 9922 5cae65708026 (377358)$Trimestre (377376)";"Calculated";"";"""Trim. "" & [NroTrimestre]";"";True;"NroTrimestre";"GroupOnValue";"";"";"";"425756a8-64e9-44fd-b7c4-74dd92707f97"
377377;"Día";"LocalDateTable_ec332c3e-3cd8-4bc7-9922-5cae65708026";"Integer";"DayOfMonth";"";True;False;False;True;"Default";"None";"LocalDateTable ec332c3e 3cd8 4bc7 9922 5cae65708026 (377358)$Día (377377)";"Calculated";"";"DAY([Date])";"";True;"";"GroupOnValue";"";"";"";"6f4f8408-b1aa-4ee8-840c-0ec45240dea5"
379401;"RowNumber-2662979B-1795-4F74-8F37-6A1BA8059B61";"LocalDateTable_3e054006-feb4-4b6c-9598-abf3ebf09cff";"Integer";"RowNumber";"";True;True;True;False;"Default";"Default";"LocalDateTable 3e054006 feb4 4b6c 9598 abf3ebf09cff (379400)$RowNumber 2662979B 1795 4F74 8F37 6A1BA8059B61 (379401)";"RowNumber";"RowNumber-2662979B-1795-4F74-8F37-6A1BA8059B61";"";"";True;"";"GroupOnValue";"";"";"";""
379404;"Date";"LocalDateTable_3e054006-feb4-4b6c-9598-abf3ebf09cff";"Date";"PaddedDateTableDates";"";True;True;False;False;"Default";"None";"LocalDateTable 3e054006 feb4 4b6c 9598 abf3ebf09cff (379400)$Date (379404)";"CalculatedTableColumn";"Date";"";"";True;"";"GroupOnValue";"";"";"";"74025a60-fff5-45a1-9b5f-eb9c1b7e1adc"
379405;"AÑO";"LocalDateTable_3e054006-feb4-4b6c-9598-abf3ebf09cff";"Integer";"Years";"";True;False;False;True;"Default";"None";"LocalDateTable 3e054006 feb4 4b6c 9598 abf3ebf09cff (379400)$Año (379405)";"Calculated";"";"YEAR([Date])";"";True;"";"GroupOnValue";"";"";"";"7d6246b8-7ce6-4f2d-8c6c-77ff072daaa4"
379406;"NroMes";"LocalDateTable_3e054006-feb4-4b6c-9598-abf3ebf09cff";"Integer";"MonthOfYear";"";True;False;False;True;"Default";"None";"LocalDateTable 3e054006 feb4 4b6c 9598 abf3ebf09cff (379400)$NroMes (379406)";"Calculated";"";"MONTH([Date])";"";True;"";"GroupOnValue";"";"";"";"c77d5de6-5554-4742-bc6f-5a7faeb394f8"
379407;"MES";"LocalDateTable_3e054006-feb4-4b6c-9598-abf3ebf09cff";"Text";"Months";"";True;False;False;True;"Default";"None";"LocalDateTable 3e054006 feb4 4b6c 9598 abf3ebf09cff (379400)$Mes (379407)";"Calculated";"";"FORMAT([Date], ""MMMM"")";"";True;"NroMes";"GroupOnValue";"";"";"";"d63558fb-c6b2-4f4d-ac63-660f125011e7"
379408;"NroTrimestre";"LocalDateTable_3e054006-feb4-4b6c-9598-abf3ebf09cff";"Integer";"QuarterOfYear";"";True;False;False;True;"Default";"None";"LocalDateTable 3e054006 feb4 4b6c 9598 abf3ebf09cff (379400)$NroTrimestre (379408)";"Calculated";"";"INT(([NroMes] + 2) / 3)";"";True;"";"GroupOnValue";"";"";"";"7fcb696c-2a4e-42d6-917e-3ba147df65aa"
379409;"Trimestre";"LocalDateTable_3e054006-feb4-4b6c-9598-abf3ebf09cff";"Text";"Quarters";"";True;False;False;True;"Default";"None";"LocalDateTable 3e054006 feb4 4b6c 9598 abf3ebf09cff (379400)$Trimestre (379409)";"Calculated";"";"""Trim. "" & [NroTrimestre]";"";True;"NroTrimestre";"GroupOnValue";"";"";"";"8b6e03de-6b92-404e-ba36-ea559a61106b"
379410;"Día";"LocalDateTable_3e054006-feb4-4b6c-9598-abf3ebf09cff";"Integer";"DayOfMonth";"";True;False;False;True;"Default";"None";"LocalDateTable 3e054006 feb4 4b6c 9598 abf3ebf09cff (379400)$Día (379410)";"Calculated";"";"DAY([Date])";"";True;"";"GroupOnValue";"";"";"";"3b1a2cf2-d99f-41b8-b071-8ebf3d8a9562"
397265;"RowNumber-2662979B-1795-4F74-8F37-6A1BA8059B61";"QUIMIOTERAPIA";"Integer";"RowNumber";"";True;True;True;False;"Default";"Default";"Consulta1 (397264)$RowNumber 2662979B 1795 4F74 8F37 6A1BA8059B61 (397265)";"RowNumber";"RowNumber-2662979B-1795-4F74-8F37-6A1BA8059B61";"";"";True;"";"GroupOnValue";"";"";"";""
397271;"INGRESO";"QUIMIOTERAPIA";"Text";"Regular";"";False;False;False;True;"Default";"None";"Consulta1 (397264)$INGRESO (397271)";"Data";"INGRESO";"";"";True;"";"GroupOnValue";"";"";"";"4e300a0c-7f8c-42fa-9add-e638338887f4"
397272;"FECHA_ADMISION";"QUIMIOTERAPIA";"Date";"Regular";"";False;False;False;True;"Default";"None";"Consulta1 (397264)$FECHA ADMISION (397272)";"Data";"FECHA_ADMISION";"";"General Date";True;"";"GroupOnValue";"";"";"";"31cac53c-875d-4157-ba9a-933ade45b763"
397280;"IDENTIFICACION";"QUIMIOTERAPIA";"Text";"Regular";"";False;False;False;True;"Default";"None";"Consulta1 (397264)$IDENTIFICACION (397280)";"Data";"IDENTIFICACION";"";"";True;"";"GroupOnValue";"";"";"";"064e8e7d-c754-40a4-9598-7bef4ca618a0"
397281;"USUARIO";"QUIMIOTERAPIA";"Text";"Regular";"";False;False;False;True;"Default";"None";"Consulta1 (397264)$USUARIO (397281)";"Data";"USUARIO";"";"";True;"";"GroupOnValue";"";"";"";"4b7b5ffa-f1f0-40d7-a16e-17a1e9e271b2"
397282;"ASEGURADOR";"QUIMIOTERAPIA";"Text";"Regular";"";False;False;False;True;"Default";"None";"Consulta1 (397264)$ASEGURADOR (397282)";"Data";"ASEGURADOR";"";"";True;"";"GroupOnValue";"";"";"";"ac88b804-7ab7-4303-9f71-ea8e60812d75"
397283;"SERVICIO QUE INGRESA";"QUIMIOTERAPIA";"Text";"Regular";"";False;False;False;True;"Default";"None";"Consulta1 (397264)$SERVICIO QUE INGRESA (397283)";"Data";"SERVICIO QUE INGRESA";"";"";True;"";"GroupOnValue";"";"";"";"4c9d9b0f-fb54-405e-85e9-23dd029ebbb6"
398303;"FECHA";"QUIMIOTERAPIA";"Date";"Regular";"";False;False;False;True;"Default";"None";"Consulta1 (397264)$FECHA (398303)";"Data";"FECHA";"";"General Date";True;"";"GroupOnValue";"";"";"";"cf9a77e7-cd92-45ae-a215-2b1f05fe366a"
397268;"RowNumber-2662979B-1795-4F74-8F37-6A1BA8059B61";"LocalDateTable_3daccb3b-4045-4270-af5e-a142c5b7af71";"Integer";"RowNumber";"";True;True;True;False;"Default";"Default";"LocalDateTable 3daccb3b 4045 4270 af5e a142c5b7af71 (397267)$RowNumber 2662979B 1795 4F74 8F37 6A1BA8059B61 (397268)";"RowNumber";"RowNumber-2662979B-1795-4F74-8F37-6A1BA8059B61";"";"";True;"";"GroupOnValue";"";"";"";""
397273;"Date";"LocalDateTable_3daccb3b-4045-4270-af5e-a142c5b7af71";"Date";"PaddedDateTableDates";"";True;True;False;False;"Default";"None";"LocalDateTable 3daccb3b 4045 4270 af5e a142c5b7af71 (397267)$Date (397273)";"CalculatedTableColumn";"Date";"";"";True;"";"GroupOnValue";"";"";"";"b11d8cf7-5935-470a-915d-96a124833f36"
397274;"AÑO";"LocalDateTable_3daccb3b-4045-4270-af5e-a142c5b7af71";"Integer";"Years";"";True;False;False;True;"Default";"None";"LocalDateTable 3daccb3b 4045 4270 af5e a142c5b7af71 (397267)$Año (397274)";"Calculated";"";"YEAR([Date])";"";True;"";"GroupOnValue";"";"";"";"df960621-6e1d-4660-ab83-b63432d8032a"
397275;"NroMes";"LocalDateTable_3daccb3b-4045-4270-af5e-a142c5b7af71";"Integer";"MonthOfYear";"";True;False;False;True;"Default";"None";"LocalDateTable 3daccb3b 4045 4270 af5e a142c5b7af71 (397267)$NroMes (397275)";"Calculated";"";"MONTH([Date])";"";True;"";"GroupOnValue";"";"";"";"547be8e9-c44e-479a-9a45-6719ba5f8331"
397276;"MES";"LocalDateTable_3daccb3b-4045-4270-af5e-a142c5b7af71";"Text";"Months";"";True;False;False;True;"Default";"None";"LocalDateTable 3daccb3b 4045 4270 af5e a142c5b7af71 (397267)$Mes (397276)";"Calculated";"";"FORMAT([Date], ""MMMM"")";"";True;"NroMes";"GroupOnValue";"";"";"";"e19cb6f0-f1b9-409d-8987-141714a8e4e3"
397277;"NroTrimestre";"LocalDateTable_3daccb3b-4045-4270-af5e-a142c5b7af71";"Integer";"QuarterOfYear";"";True;False;False;True;"Default";"None";"LocalDateTable 3daccb3b 4045 4270 af5e a142c5b7af71 (397267)$NroTrimestre (397277)";"Calculated";"";"INT(([NroMes] + 2) / 3)";"";True;"";"GroupOnValue";"";"";"";"a10a752e-2077-4138-92fe-8cdaefbd78a3"
397278;"Trimestre";"LocalDateTable_3daccb3b-4045-4270-af5e-a142c5b7af71";"Text";"Quarters";"";True;False;False;True;"Default";"None";"LocalDateTable 3daccb3b 4045 4270 af5e a142c5b7af71 (397267)$Trimestre (397278)";"Calculated";"";"""Trim. "" & [NroTrimestre]";"";True;"NroTrimestre";"GroupOnValue";"";"";"";"54de9cc4-3999-4f0d-a7d7-33334c408476"
397279;"Día";"LocalDateTable_3daccb3b-4045-4270-af5e-a142c5b7af71";"Integer";"DayOfMonth";"";True;False;False;True;"Default";"None";"LocalDateTable 3daccb3b 4045 4270 af5e a142c5b7af71 (397267)$Día (397279)";"Calculated";"";"DAY([Date])";"";True;"";"GroupOnValue";"";"";"";"ace49a6b-8693-405c-a3ce-0386b1ceb620"
398300;"RowNumber-2662979B-1795-4F74-8F37-6A1BA8059B61";"LocalDateTable_6cc69554-6ebc-4352-8ca1-3ad90ce2be7e";"Integer";"RowNumber";"";True;True;True;False;"Default";"Default";"LocalDateTable 6cc69554 6ebc 4352 8ca1 3ad90ce2be7e (398299)$RowNumber 2662979B 1795 4F74 8F37 6A1BA8059B61 (398300)";"RowNumber";"RowNumber-2662979B-1795-4F74-8F37-6A1BA8059B61";"";"";True;"";"GroupOnValue";"";"";"";""
398304;"Date";"LocalDateTable_6cc69554-6ebc-4352-8ca1-3ad90ce2be7e";"Date";"PaddedDateTableDates";"";True;True;False;False;"Default";"None";"LocalDateTable 6cc69554 6ebc 4352 8ca1 3ad90ce2be7e (398299)$Date (398304)";"CalculatedTableColumn";"Date";"";"";True;"";"GroupOnValue";"";"";"";"0b14d8ac-a6a5-4856-8c68-75ce34a3407a"
398305;"AÑO";"LocalDateTable_6cc69554-6ebc-4352-8ca1-3ad90ce2be7e";"Integer";"Years";"";True;False;False;True;"Default";"None";"LocalDateTable 6cc69554 6ebc 4352 8ca1 3ad90ce2be7e (398299)$Año (398305)";"Calculated";"";"YEAR([Date])";"";True;"";"GroupOnValue";"";"";"";"427621d1-51a3-4047-8335-5da95aff4de9"
398306;"NroMes";"LocalDateTable_6cc69554-6ebc-4352-8ca1-3ad90ce2be7e";"Integer";"MonthOfYear";"";True;False;False;True;"Default";"None";"LocalDateTable 6cc69554 6ebc 4352 8ca1 3ad90ce2be7e (398299)$NroMes (398306)";"Calculated";"";"MONTH([Date])";"";True;"";"GroupOnValue";"";"";"";"e005fe0c-c7d7-40c2-8d17-8e1f29051016"
398307;"MES";"LocalDateTable_6cc69554-6ebc-4352-8ca1-3ad90ce2be7e";"Text";"Months";"";True;False;False;True;"Default";"None";"LocalDateTable 6cc69554 6ebc 4352 8ca1 3ad90ce2be7e (398299)$Mes (398307)";"Calculated";"";"FORMAT([Date], ""MMMM"")";"";True;"NroMes";"GroupOnValue";"";"";"";"0e10030f-ecc0-4b12-b984-3ebf4d211d12"
398308;"NroTrimestre";"LocalDateTable_6cc69554-6ebc-4352-8ca1-3ad90ce2be7e";"Integer";"QuarterOfYear";"";True;False;False;True;"Default";"None";"LocalDateTable 6cc69554 6ebc 4352 8ca1 3ad90ce2be7e (398299)$NroTrimestre (398308)";"Calculated";"";"INT(([NroMes] + 2) / 3)";"";True;"";"GroupOnValue";"";"";"";"5fff7464-5bbf-42b7-ab18-97971f16e9e5"
398309;"Trimestre";"LocalDateTable_6cc69554-6ebc-4352-8ca1-3ad90ce2be7e";"Text";"Quarters";"";True;False;False;True;"Default";"None";"LocalDateTable 6cc69554 6ebc 4352 8ca1 3ad90ce2be7e (398299)$Trimestre (398309)";"Calculated";"";"""Trim. "" & [NroTrimestre]";"";True;"NroTrimestre";"GroupOnValue";"";"";"";"a7224534-ba17-4ac2-a44e-c0dbb6ffb985"
398310;"Día";"LocalDateTable_6cc69554-6ebc-4352-8ca1-3ad90ce2be7e";"Integer";"DayOfMonth";"";True;False;False;True;"Default";"None";"LocalDateTable 6cc69554 6ebc 4352 8ca1 3ad90ce2be7e (398299)$Día (398310)";"Calculated";"";"DAY([Date])";"";True;"";"GroupOnValue";"";"";"";"5bad12c9-2008-45e3-9fcf-f0f7fb87632f"
407824;"RowNumber-2662979B-1795-4F74-8F37-6A1BA8059B61";"RADIOTERAPIA";"Integer";"RowNumber";"";True;True;True;False;"Default";"Default";"Consulta1 (407823)$RowNumber 2662979B 1795 4F74 8F37 6A1BA8059B61 (407824)";"RowNumber";"RowNumber-2662979B-1795-4F74-8F37-6A1BA8059B61";"";"";True;"";"GroupOnValue";"";"";"";""
407834;"INGRESO";"RADIOTERAPIA";"Text";"Regular";"";False;False;False;True;"Default";"None";"Consulta1 (407823)$INGRESO (407834)";"Data";"INGRESO";"";"";True;"";"GroupOnValue";"";"";"";"d092493e-03ca-4602-aa1d-ee669464d42c"
407835;"FECHA_ADMISION";"RADIOTERAPIA";"Date";"Regular";"";False;False;False;True;"Default";"None";"Consulta1 (407823)$FECHA ADMISION (407835)";"Data";"FECHA_ADMISION";"";"General Date";True;"";"GroupOnValue";"";"";"";"612e05b8-5ffe-498f-875c-5f4d4d4a5555"
407843;"FECHA";"RADIOTERAPIA";"Date";"Regular";"";False;False;False;True;"Default";"None";"Consulta1 (407823)$FECHA (407843)";"Data";"FECHA";"";"General Date";True;"";"GroupOnValue";"";"";"";"bb800ae5-2126-4f73-8b4e-8e6b287b94e2"
407851;"IDENTIFICACION";"RADIOTERAPIA";"Text";"Regular";"";False;False;False;True;"Default";"None";"Consulta1 (407823)$IDENTIFICACION (407851)";"Data";"IDENTIFICACION";"";"";True;"";"GroupOnValue";"";"";"";"4db5736e-741b-4455-a0e0-0093b6deb229"
407852;"USUARIO";"RADIOTERAPIA";"Text";"Regular";"";False;False;False;True;"Default";"None";"Consulta1 (407823)$USUARIO (407852)";"Data";"USUARIO";"";"";True;"";"GroupOnValue";"";"";"";"132fd9af-d124-4027-8870-3d52d105cc6f"
407853;"ASEGURADOR";"RADIOTERAPIA";"Text";"Regular";"";False;False;False;True;"Default";"None";"Consulta1 (407823)$ASEGURADOR (407853)";"Data";"ASEGURADOR";"";"";True;"";"GroupOnValue";"";"";"";"19d940b5-74c6-4f49-93ee-9d5239f7dda8"
407854;"SERVICIO QUE INGRESA";"RADIOTERAPIA";"Text";"Regular";"";False;False;False;True;"Default";"None";"Consulta1 (407823)$SERVICIO QUE INGRESA (407854)";"Data";"SERVICIO QUE INGRESA";"";"";True;"";"GroupOnValue";"";"";"";"c47b2274-f579-43dc-affd-34a7685d5014"
407827;"RowNumber-2662979B-1795-4F74-8F37-6A1BA8059B61";"LocalDateTable_c2b3ba0f-3b43-459e-9993-f1222cff83b8";"Integer";"RowNumber";"";True;True;True;False;"Default";"Default";"LocalDateTable c2b3ba0f 3b43 459e 9993 f1222cff83b8 (407826)$RowNumber 2662979B 1795 4F74 8F37 6A1BA8059B61 (407827)";"RowNumber";"RowNumber-2662979B-1795-4F74-8F37-6A1BA8059B61";"";"";True;"";"GroupOnValue";"";"";"";""
407836;"Date";"LocalDateTable_c2b3ba0f-3b43-459e-9993-f1222cff83b8";"Date";"PaddedDateTableDates";"";True;True;False;False;"Default";"None";"LocalDateTable c2b3ba0f 3b43 459e 9993 f1222cff83b8 (407826)$Date (407836)";"CalculatedTableColumn";"Date";"";"";True;"";"GroupOnValue";"";"";"";"cbad4d3d-0fbb-4301-8026-e17c56127f1c"
407837;"AÑO";"LocalDateTable_c2b3ba0f-3b43-459e-9993-f1222cff83b8";"Integer";"Years";"";True;False;False;True;"Default";"None";"LocalDateTable c2b3ba0f 3b43 459e 9993 f1222cff83b8 (407826)$Año (407837)";"Calculated";"";"YEAR([Date])";"";True;"";"GroupOnValue";"";"";"";"42e22597-d850-4b82-b710-336a7020641b"
407838;"NroMes";"LocalDateTable_c2b3ba0f-3b43-459e-9993-f1222cff83b8";"Integer";"MonthOfYear";"";True;False;False;True;"Default";"None";"LocalDateTable c2b3ba0f 3b43 459e 9993 f1222cff83b8 (407826)$NroMes (407838)";"Calculated";"";"MONTH([Date])";"";True;"";"GroupOnValue";"";"";"";"d0ab29d0-a4af-4c80-9244-3cdea7175897"
407839;"MES";"LocalDateTable_c2b3ba0f-3b43-459e-9993-f1222cff83b8";"Text";"Months";"";True;False;False;True;"Default";"None";"LocalDateTable c2b3ba0f 3b43 459e 9993 f1222cff83b8 (407826)$Mes (407839)";"Calculated";"";"FORMAT([Date], ""MMMM"")";"";True;"NroMes";"GroupOnValue";"";"";"";"da2418dc-a518-4471-9b4d-6a542d864fc3"
407840;"NroTrimestre";"LocalDateTable_c2b3ba0f-3b43-459e-9993-f1222cff83b8";"Integer";"QuarterOfYear";"";True;False;False;True;"Default";"None";"LocalDateTable c2b3ba0f 3b43 459e 9993 f1222cff83b8 (407826)$NroTrimestre (407840)";"Calculated";"";"INT(([NroMes] + 2) / 3)";"";True;"";"GroupOnValue";"";"";"";"db1fa833-0801-4d0e-b1ac-23706c81fcab"
407841;"Trimestre";"LocalDateTable_c2b3ba0f-3b43-459e-9993-f1222cff83b8";"Text";"Quarters";"";True;False;False;True;"Default";"None";"LocalDateTable c2b3ba0f 3b43 459e 9993 f1222cff83b8 (407826)$Trimestre (407841)";"Calculated";"";"""Trim. "" & [NroTrimestre]";"";True;"NroTrimestre";"GroupOnValue";"";"";"";"41205eb2-8a31-48f5-8dc8-e0cd0c6c20db"
407842;"Día";"LocalDateTable_c2b3ba0f-3b43-459e-9993-f1222cff83b8";"Integer";"DayOfMonth";"";True;False;False;True;"Default";"None";"LocalDateTable c2b3ba0f 3b43 459e 9993 f1222cff83b8 (407826)$Día (407842)";"Calculated";"";"DAY([Date])";"";True;"";"GroupOnValue";"";"";"";"3b039d94-aacb-4176-847e-2c4015851bc6"
407830;"RowNumber-2662979B-1795-4F74-8F37-6A1BA8059B61";"LocalDateTable_6c66b7fe-0cf1-4a09-980c-0ea12f65e138";"Integer";"RowNumber";"";True;True;True;False;"Default";"Default";"LocalDateTable 6c66b7fe 0cf1 4a09 980c 0ea12f65e138 (407829)$RowNumber 2662979B 1795 4F74 8F37 6A1BA8059B61 (407830)";"RowNumber";"RowNumber-2662979B-1795-4F74-8F37-6A1BA8059B61";"";"";True;"";"GroupOnValue";"";"";"";""
407844;"Date";"LocalDateTable_6c66b7fe-0cf1-4a09-980c-0ea12f65e138";"Date";"PaddedDateTableDates";"";True;True;False;False;"Default";"None";"LocalDateTable 6c66b7fe 0cf1 4a09 980c 0ea12f65e138 (407829)$Date (407844)";"CalculatedTableColumn";"Date";"";"";True;"";"GroupOnValue";"";"";"";"cc850fb8-9f17-40a4-a331-7fd88bda6b7b"
407845;"AÑO";"LocalDateTable_6c66b7fe-0cf1-4a09-980c-0ea12f65e138";"Integer";"Years";"";True;False;False;True;"Default";"None";"LocalDateTable 6c66b7fe 0cf1 4a09 980c 0ea12f65e138 (407829)$Año (407845)";"Calculated";"";"YEAR([Date])";"";True;"";"GroupOnValue";"";"";"";"154297b5-6b6e-4837-a43c-0fb041d10711"
407846;"NroMes";"LocalDateTable_6c66b7fe-0cf1-4a09-980c-0ea12f65e138";"Integer";"MonthOfYear";"";True;False;False;True;"Default";"None";"LocalDateTable 6c66b7fe 0cf1 4a09 980c 0ea12f65e138 (407829)$NroMes (407846)";"Calculated";"";"MONTH([Date])";"";True;"";"GroupOnValue";"";"";"";"81ff4a3b-2f63-4f03-9fd1-4fb0240cc8fb"
407847;"MES";"LocalDateTable_6c66b7fe-0cf1-4a09-980c-0ea12f65e138";"Text";"Months";"";True;False;False;True;"Default";"None";"LocalDateTable 6c66b7fe 0cf1 4a09 980c 0ea12f65e138 (407829)$Mes (407847)";"Calculated";"";"FORMAT([Date], ""MMMM"")";"";True;"NroMes";"GroupOnValue";"";"";"";"bcb67e66-a3da-477a-b1dc-1ca9542f5f93"
407848;"NroTrimestre";"LocalDateTable_6c66b7fe-0cf1-4a09-980c-0ea12f65e138";"Integer";"QuarterOfYear";"";True;False;False;True;"Default";"None";"LocalDateTable 6c66b7fe 0cf1 4a09 980c 0ea12f65e138 (407829)$NroTrimestre (407848)";"Calculated";"";"INT(([NroMes] + 2) / 3)";"";True;"";"GroupOnValue";"";"";"";"f7fd7bb5-ce60-4134-bcba-347d6abaaf21"
407849;"Trimestre";"LocalDateTable_6c66b7fe-0cf1-4a09-980c-0ea12f65e138";"Text";"Quarters";"";True;False;False;True;"Default";"None";"LocalDateTable 6c66b7fe 0cf1 4a09 980c 0ea12f65e138 (407829)$Trimestre (407849)";"Calculated";"";"""Trim. "" & [NroTrimestre]";"";True;"NroTrimestre";"GroupOnValue";"";"";"";"f1663070-a32d-4729-bb0e-ea6e46fb4e4e"
407850;"Día";"LocalDateTable_6c66b7fe-0cf1-4a09-980c-0ea12f65e138";"Integer";"DayOfMonth";"";True;False;False;True;"Default";"None";"LocalDateTable 6c66b7fe 0cf1 4a09 980c 0ea12f65e138 (407829)$Día (407850)";"Calculated";"";"DAY([Date])";"";True;"";"GroupOnValue";"";"";"";"c9ef51f4-dd51-40e7-b0a3-88933ec162a6"
409200;"RowNumber-2662979B-1795-4F74-8F37-6A1BA8059B61";"UNIDAD CARDIONEUROVASCULAR";"Integer";"RowNumber";"";True;True;True;False;"Default";"Default";"Consulta1 (409199)$RowNumber 2662979B 1795 4F74 8F37 6A1BA8059B61 (409200)";"RowNumber";"RowNumber-2662979B-1795-4F74-8F37-6A1BA8059B61";"";"";True;"";"GroupOnValue";"";"";"";""
409210;"INGRESO";"UNIDAD CARDIONEUROVASCULAR";"Text";"Regular";"";False;False;False;True;"Default";"None";"Consulta1 (409199)$INGRESO (409210)";"Data";"INGRESO";"";"";True;"";"GroupOnValue";"";"";"";"a366951c-303f-4fec-a637-f953065aff35"
409211;"FECHA_SERVICIO";"UNIDAD CARDIONEUROVASCULAR";"Date";"Regular";"";False;False;False;True;"Default";"None";"Consulta1 (409199)$FECHA SERVICIO (409211)";"Data";"FECHA_SERVICIO";"";"General Date";True;"";"GroupOnValue";"";"";"";"b984bc69-201b-44a7-9b6d-7e234a4eead1"
409219;"IDENTIFICACION";"UNIDAD CARDIONEUROVASCULAR";"Text";"Regular";"";False;False;False;True;"Default";"None";"Consulta1 (409199)$IDENTIFICACION (409219)";"Data";"IDENTIFICACION";"";"";True;"";"GroupOnValue";"";"";"";"cdae3116-742d-4151-8bc4-2a00daa6005f"
409220;"CANTIDAD";"UNIDAD CARDIONEUROVASCULAR";"Integer";"Regular";"";False;False;False;True;"Default";"Sum";"Consulta1 (409199)$CANTIDAD (409220)";"Data";"CANTIDAD";"";"";True;"";"GroupOnValue";"";"";"";"3d718c11-ec52-434b-9a73-8ef7dc5447da"
409221;"ASEGURADOR";"UNIDAD CARDIONEUROVASCULAR";"Text";"Regular";"";False;False;False;True;"Default";"None";"Consulta1 (409199)$ASEGURADOR (409221)";"Data";"ASEGURADOR";"";"";True;"";"GroupOnValue";"";"";"";"d7e2dcd7-a3da-4615-81fe-a572046619e0"
409222;"servicio";"UNIDAD CARDIONEUROVASCULAR";"Text";"Regular";"";False;False;False;True;"Default";"None";"Consulta1 (409199)$SERVICIO (409222)";"Data";"servicio";"";"";True;"";"GroupOnValue";"";"";"";"8546a147-99e9-4beb-9811-9d52da470594"
409223;"CUPS";"UNIDAD CARDIONEUROVASCULAR";"Text";"Regular";"";False;False;False;True;"Default";"None";"Consulta1 (409199)$CUPS (409223)";"Data";"CUPS";"";"";True;"";"GroupOnValue";"";"";"";"d3eec398-1827-4de5-94c2-1e29644db715"
409224;"SERVICIO2";"UNIDAD CARDIONEUROVASCULAR";"Text";"Regular";"";False;False;False;True;"Default";"None";"Consulta1 (409199)$SERVICIO2 (409224)";"Data";"SERVICIO2";"";"";True;"";"GroupOnValue";"";"";"";"1009dfe1-037e-46f0-abce-a0be1d1fe2bd"
409225;"TIPO_INGRESO";"UNIDAD CARDIONEUROVASCULAR";"Integer";"Regular";"";False;False;False;True;"Default";"Sum";"Consulta1 (409199)$TIPO INGRESO (409225)";"Data";"TIPO_INGRESO";"";"0";True;"";"GroupOnValue";"";"";"";"6bdf051f-d3ab-422c-b645-22ade6d40ef9"
409226;"MEDICO";"UNIDAD CARDIONEUROVASCULAR";"Text";"Regular";"";False;False;False;True;"Default";"None";"Consulta1 (409199)$MEDICO (409226)";"Data";"MEDICO";"";"";True;"";"GroupOnValue";"";"";"";"62ea4317-7674-4b7f-b802-4c4bc0c6f61e"
409227;"PACIENTE";"UNIDAD CARDIONEUROVASCULAR";"Text";"Regular";"";False;False;False;True;"Default";"None";"Consulta1 (409199)$PACIENTE (409227)";"Data";"PACIENTE";"";"";True;"";"GroupOnValue";"";"";"";"0209a486-95e1-4c64-a218-02fb667f199b"
409228;"FECHA";"UNIDAD CARDIONEUROVASCULAR";"Date";"Regular";"";False;False;False;True;"Default";"None";"Consulta1 (409199)$FECHA (409228)";"Data";"FECHA";"";"General Date";True;"";"GroupOnValue";"";"";"";"919915a2-cbd8-4fec-b8c2-21e85e578a8f"
411299;"TIPO_ING";"UNIDAD CARDIONEUROVASCULAR";"Text";"Regular";"";False;False;False;True;"Default";"None";"Consulta1 (409199)$Columna (411299)";"Calculated";"";"IF('UNIDAD CARDIONEUROVASCULAR'[TIPO_INGRESO]=1,""AMBULATORIO"",IF('UNIDAD CARDIONEUROVASCULAR'[TIPO_INGRESO]=2,""HOSPITALARIO""))";"";True;"";"GroupOnValue";"";"";"";"4b5560c4-72e0-4b74-8ff2-07dc3afe90a0"
409203;"RowNumber-2662979B-1795-4F74-8F37-6A1BA8059B61";"LocalDateTable_7728cfe5-1b4f-49eb-981b-d9eb4256b6d3";"Integer";"RowNumber";"";True;True;True;False;"Default";"Default";"LocalDateTable 7728cfe5 1b4f 49eb 981b d9eb4256b6d3 (409202)$RowNumber 2662979B 1795 4F74 8F37 6A1BA8059B61 (409203)";"RowNumber";"RowNumber-2662979B-1795-4F74-8F37-6A1BA8059B61";"";"";True;"";"GroupOnValue";"";"";"";""
409212;"Date";"LocalDateTable_7728cfe5-1b4f-49eb-981b-d9eb4256b6d3";"Date";"PaddedDateTableDates";"";True;True;False;False;"Default";"None";"LocalDateTable 7728cfe5 1b4f 49eb 981b d9eb4256b6d3 (409202)$Date (409212)";"CalculatedTableColumn";"Date";"";"";True;"";"GroupOnValue";"";"";"";"4624592a-bb2e-472e-9c3f-f85e2bda8c16"
409213;"AÑO";"LocalDateTable_7728cfe5-1b4f-49eb-981b-d9eb4256b6d3";"Integer";"Years";"";True;False;False;True;"Default";"None";"LocalDateTable 7728cfe5 1b4f 49eb 981b d9eb4256b6d3 (409202)$Año (409213)";"Calculated";"";"YEAR([Date])";"";True;"";"GroupOnValue";"";"";"";"240d260f-2abe-4ba5-8500-2a08794370af"
409214;"NroMes";"LocalDateTable_7728cfe5-1b4f-49eb-981b-d9eb4256b6d3";"Integer";"MonthOfYear";"";True;False;False;True;"Default";"None";"LocalDateTable 7728cfe5 1b4f 49eb 981b d9eb4256b6d3 (409202)$NroMes (409214)";"Calculated";"";"MONTH([Date])";"";True;"";"GroupOnValue";"";"";"";"cdbfb946-ea52-439a-9714-f17fe6ee3780"
409215;"MES";"LocalDateTable_7728cfe5-1b4f-49eb-981b-d9eb4256b6d3";"Text";"Months";"";True;False;False;True;"Default";"None";"LocalDateTable 7728cfe5 1b4f 49eb 981b d9eb4256b6d3 (409202)$Mes (409215)";"Calculated";"";"FORMAT([Date], ""MMMM"")";"";True;"NroMes";"GroupOnValue";"";"";"";"cae93c63-8c1a-415b-820b-b05fbc12cb41"
409216;"NroTrimestre";"LocalDateTable_7728cfe5-1b4f-49eb-981b-d9eb4256b6d3";"Integer";"QuarterOfYear";"";True;False;False;True;"Default";"None";"LocalDateTable 7728cfe5 1b4f 49eb 981b d9eb4256b6d3 (409202)$NroTrimestre (409216)";"Calculated";"";"INT(([NroMes] + 2) / 3)";"";True;"";"GroupOnValue";"";"";"";"331f8132-107b-43fe-ac69-04baf32f9b48"
409217;"Trimestre";"LocalDateTable_7728cfe5-1b4f-49eb-981b-d9eb4256b6d3";"Text";"Quarters";"";True;False;False;True;"Default";"None";"LocalDateTable 7728cfe5 1b4f 49eb 981b d9eb4256b6d3 (409202)$Trimestre (409217)";"Calculated";"";"""Trim. "" & [NroTrimestre]";"";True;"NroTrimestre";"GroupOnValue";"";"";"";"d8286ea5-0d6c-4880-b49f-16dfe885acaa"
409218;"Día";"LocalDateTable_7728cfe5-1b4f-49eb-981b-d9eb4256b6d3";"Integer";"DayOfMonth";"";True;False;False;True;"Default";"None";"LocalDateTable 7728cfe5 1b4f 49eb 981b d9eb4256b6d3 (409202)$Día (409218)";"Calculated";"";"DAY([Date])";"";True;"";"GroupOnValue";"";"";"";"16061081-a84c-4d5c-bb61-df06faf9f3ee"
409206;"RowNumber-2662979B-1795-4F74-8F37-6A1BA8059B61";"LocalDateTable_6af4337a-a6f2-43bc-a9ed-0af09b2d21e1";"Integer";"RowNumber";"";True;True;True;False;"Default";"Default";"LocalDateTable 6af4337a a6f2 43bc a9ed 0af09b2d21e1 (409205)$RowNumber 2662979B 1795 4F74 8F37 6A1BA8059B61 (409206)";"RowNumber";"RowNumber-2662979B-1795-4F74-8F37-6A1BA8059B61";"";"";True;"";"GroupOnValue";"";"";"";""
409229;"Date";"LocalDateTable_6af4337a-a6f2-43bc-a9ed-0af09b2d21e1";"Date";"PaddedDateTableDates";"";True;True;False;False;"Default";"None";"LocalDateTable 6af4337a a6f2 43bc a9ed 0af09b2d21e1 (409205)$Date (409229)";"CalculatedTableColumn";"Date";"";"";True;"";"GroupOnValue";"";"";"";"fbe0c076-7494-4b30-b714-fc756353f87b"
409230;"AÑO";"LocalDateTable_6af4337a-a6f2-43bc-a9ed-0af09b2d21e1";"Integer";"Years";"";True;False;False;True;"Default";"None";"LocalDateTable 6af4337a a6f2 43bc a9ed 0af09b2d21e1 (409205)$Año (409230)";"Calculated";"";"YEAR([Date])";"";True;"";"GroupOnValue";"";"";"";"950697c9-0e84-4796-878f-5009b3d601e6"
409231;"NroMes";"LocalDateTable_6af4337a-a6f2-43bc-a9ed-0af09b2d21e1";"Integer";"MonthOfYear";"";True;False;False;True;"Default";"None";"LocalDateTable 6af4337a a6f2 43bc a9ed 0af09b2d21e1 (409205)$NroMes (409231)";"Calculated";"";"MONTH([Date])";"";True;"";"GroupOnValue";"";"";"";"cece37b2-9230-4fa5-87bf-6f60f3e19bf2"
409232;"MES";"LocalDateTable_6af4337a-a6f2-43bc-a9ed-0af09b2d21e1";"Text";"Months";"";True;False;False;True;"Default";"None";"LocalDateTable 6af4337a a6f2 43bc a9ed 0af09b2d21e1 (409205)$Mes (409232)";"Calculated";"";"FORMAT([Date], ""MMMM"")";"";True;"NroMes";"GroupOnValue";"";"";"";"c411b4ef-1de1-4635-9aae-d49936303608"
409233;"NroTrimestre";"LocalDateTable_6af4337a-a6f2-43bc-a9ed-0af09b2d21e1";"Integer";"QuarterOfYear";"";True;False;False;True;"Default";"None";"LocalDateTable 6af4337a a6f2 43bc a9ed 0af09b2d21e1 (409205)$NroTrimestre (409233)";"Calculated";"";"INT(([NroMes] + 2) / 3)";"";True;"";"GroupOnValue";"";"";"";"735bcc5f-edf5-44f5-9235-1f0d2105b060"
409234;"Trimestre";"LocalDateTable_6af4337a-a6f2-43bc-a9ed-0af09b2d21e1";"Text";"Quarters";"";True;False;False;True;"Default";"None";"LocalDateTable 6af4337a a6f2 43bc a9ed 0af09b2d21e1 (409205)$Trimestre (409234)";"Calculated";"";"""Trim. "" & [NroTrimestre]";"";True;"NroTrimestre";"GroupOnValue";"";"";"";"97f3458d-797c-427c-bc04-db859c21511a"
409235;"Día";"LocalDateTable_6af4337a-a6f2-43bc-a9ed-0af09b2d21e1";"Integer";"DayOfMonth";"";True;False;False;True;"Default";"None";"LocalDateTable 6af4337a a6f2 43bc a9ed 0af09b2d21e1 (409205)$Día (409235)";"Calculated";"";"DAY([Date])";"";True;"";"GroupOnValue";"";"";"";"52189532-057c-4a2a-a0c2-831521441085"
499662;"RowNumber-2662979B-1795-4F74-8F37-6A1BA8059B61";"LocalDateTable_af14d455-f62f-4477-9f8e-3d4e989c8288";"Integer";"RowNumber";"";True;True;True;False;"Default";"Default";"LocalDateTable af14d455 f62f 4477 9f8e 3d4e989c8288 (499661)$RowNumber 2662979B 1795 4F74 8F37 6A1BA8059B61 (499662)";"RowNumber";"RowNumber-2662979B-1795-4F74-8F37-6A1BA8059B61";"";"";True;"";"GroupOnValue";"";"";"";""
499670;"Date";"LocalDateTable_af14d455-f62f-4477-9f8e-3d4e989c8288";"Date";"PaddedDateTableDates";"";True;True;False;False;"Default";"None";"LocalDateTable af14d455 f62f 4477 9f8e 3d4e989c8288 (499661)$Date (499670)";"CalculatedTableColumn";"Date";"";"";True;"";"GroupOnValue";"";"";"";"18b15eb6-bf10-4398-8549-498e51d386f4"
499671;"AÑO";"LocalDateTable_af14d455-f62f-4477-9f8e-3d4e989c8288";"Integer";"Years";"";True;False;False;True;"Default";"None";"LocalDateTable af14d455 f62f 4477 9f8e 3d4e989c8288 (499661)$Año (499671)";"Calculated";"";"YEAR([Date])";"";True;"";"GroupOnValue";"";"";"";"1eeec3ff-db5e-4aa5-be33-510f206c2bc4"
499672;"NroMes";"LocalDateTable_af14d455-f62f-4477-9f8e-3d4e989c8288";"Integer";"MonthOfYear";"";True;False;False;True;"Default";"None";"LocalDateTable af14d455 f62f 4477 9f8e 3d4e989c8288 (499661)$NroMes (499672)";"Calculated";"";"MONTH([Date])";"";True;"";"GroupOnValue";"";"";"";"ec1f715f-5ff4-487f-a4c1-f34011af76ec"
499673;"MES";"LocalDateTable_af14d455-f62f-4477-9f8e-3d4e989c8288";"Text";"Months";"";True;False;False;True;"Default";"None";"LocalDateTable af14d455 f62f 4477 9f8e 3d4e989c8288 (499661)$Mes (499673)";"Calculated";"";"FORMAT([Date], ""MMMM"")";"";True;"NroMes";"GroupOnValue";"";"";"";"0d460730-2eec-446b-b63e-f95c89e7d9b0"
499674;"NroTrimestre";"LocalDateTable_af14d455-f62f-4477-9f8e-3d4e989c8288";"Integer";"QuarterOfYear";"";True;False;False;True;"Default";"None";"LocalDateTable af14d455 f62f 4477 9f8e 3d4e989c8288 (499661)$NroTrimestre (499674)";"Calculated";"";"INT(([NroMes] + 2) / 3)";"";True;"";"GroupOnValue";"";"";"";"7d3b7e6d-9a8b-4503-a3b8-9f52eb006868"
499675;"Trimestre";"LocalDateTable_af14d455-f62f-4477-9f8e-3d4e989c8288";"Text";"Quarters";"";True;False;False;True;"Default";"None";"LocalDateTable af14d455 f62f 4477 9f8e 3d4e989c8288 (499661)$Trimestre (499675)";"Calculated";"";"""Trim. "" & [NroTrimestre]";"";True;"NroTrimestre";"GroupOnValue";"";"";"";"0b57ed67-dacf-40b7-9f0f-b46e0fcc3f36"
499676;"Día";"LocalDateTable_af14d455-f62f-4477-9f8e-3d4e989c8288";"Integer";"DayOfMonth";"";True;False;False;True;"Default";"None";"LocalDateTable af14d455 f62f 4477 9f8e 3d4e989c8288 (499661)$Día (499676)";"Calculated";"";"DAY([Date])";"";True;"";"GroupOnValue";"";"";"";"b7b59118-153f-46f2-8e5a-8eff249052d8"
556619;"RowNumber-2662979B-1795-4F74-8F37-6A1BA8059B61";"PROMEDIO_ESTANCIA";"Integer";"RowNumber";"";True;True;True;False;"Default";"Default";"Consulta1 (556618)$RowNumber 2662979B 1795 4F74 8F37 6A1BA8059B61 (556619)";"RowNumber";"RowNumber-2662979B-1795-4F74-8F37-6A1BA8059B61";"";"";True;"";"GroupOnValue";"";"";"";""
556645;"adningreso";"PROMEDIO_ESTANCIA";"Integer";"Regular";"";False;False;False;True;"Default";"Sum";"Consulta1 (556618)$adningreso (556645)";"Data";"adningreso";"";"0";True;"";"GroupOnValue";"";"";"";"e109df9e-7b41-4227-b379-50e82442a5ff"
556646;"DIAGNOSTICO";"PROMEDIO_ESTANCIA";"Text";"Regular";"";False;False;False;True;"Default";"None";"Consulta1 (556618)$diagnostico (556646)";"Data";"DIAGNOSTICO";"";"";True;"";"GroupOnValue";"";"";"";"c85f3446-9e6e-41f6-862c-dc0825c33659"
556647;"PACNUMDOC";"PROMEDIO_ESTANCIA";"Text";"Regular";"";False;False;False;True;"Default";"None";"Consulta1 (556618)$pacnumdoc (556647)";"Data";"PACNUMDOC";"";"";True;"";"GroupOnValue";"";"";"";"c9968f62-f35d-4f55-8342-aaaa2ca45e29"
556648;"PACIENTE";"PROMEDIO_ESTANCIA";"Text";"Regular";"";False;False;False;True;"Default";"None";"Consulta1 (556618)$paciente (556648)";"Data";"PACIENTE";"";"";True;"";"GroupOnValue";"";"";"";"cbea8107-826f-4725-85d8-f5a307b18ca4"
556649;"Sexo";"PROMEDIO_ESTANCIA";"Text";"Regular";"";False;False;False;True;"Default";"None";"Consulta1 (556618)$sexo (556649)";"Data";"Sexo";"";"";True;"";"GroupOnValue";"";"";"";"ef6f9fab-cc9a-45da-8a92-dd3ef47835df"
556650;"edad";"PROMEDIO_ESTANCIA";"Integer";"Regular";"";False;False;False;True;"Default";"Sum";"Consulta1 (556618)$edad (556650)";"Data";"edad";"";"0";True;"";"GroupOnValue";"";"";"";"1e7bfd7b-d1ef-4204-b598-2073414749a6"
556651;"ASEGURADOR";"PROMEDIO_ESTANCIA";"Text";"Regular";"";False;False;False;True;"Default";"None";"Consulta1 (556618)$asegurador (556651)";"Data";"ASEGURADOR";"";"";True;"";"GroupOnValue";"";"";"";"b01bf9f6-e601-42d1-b6de-5b3f4a156b66"
556652;"AINCONSEC";"PROMEDIO_ESTANCIA";"Integer";"Regular";"";False;False;False;True;"Default";"Sum";"Consulta1 (556618)$ainconsec (556652)";"Data";"AINCONSEC";"";"0";True;"";"GroupOnValue";"";"";"";"d552807b-f05e-4815-b708-55c983148bb0"
556653;"servicio";"PROMEDIO_ESTANCIA";"Text";"Regular";"";False;False;False;True;"Default";"None";"Consulta1 (556618)$servicio (556653)";"Data";"servicio";"";"";True;"";"GroupOnValue";"";"";"";"6797e390-498d-405e-8415-18056fb11f54"
556654;"OidCama";"PROMEDIO_ESTANCIA";"Integer";"Regular";"";False;False;False;True;"Default";"None";"Consulta1 (556618)$OidCama (556654)";"Data";"OidCama";"";"0";True;"";"GroupOnValue";"";"";"";"134b3883-ab04-40e8-87f6-2b3546890575"
556655;"OidServicio";"PROMEDIO_ESTANCIA";"Integer";"Regular";"";False;False;False;True;"Default";"Sum";"Consulta1 (556618)$OidServicio (556655)";"Data";"OidServicio";"";"0";True;"";"GroupOnValue";"";"";"";"b460e2b1-840a-4ebd-85da-3eea63a3ae7a"
556656;"FECHA_SALIDA_SERV";"PROMEDIO_ESTANCIA";"Date";"Regular";"";False;False;False;True;"Default";"None";"Consulta1 (556618)$FECHA SALIDA SERV (556656)";"Data";"FECHA_SALIDA_SERV";"";"General Date";True;"";"GroupOnValue";"";"";"";"cfb6d5a6-5cf6-4391-b0e0-d97339600cfe"
556664;"FECHA";"PROMEDIO_ESTANCIA";"Date";"Regular";"";False;False;False;True;"Default";"None";"Consulta1 (556618)$FECHA (556664)";"Data";"FECHA";"";"General Date";True;"";"GroupOnValue";"";"";"";"1d0305a5-74f4-4926-8e12-084615e10e29"
556672;"FECHA_INGRESO";"PROMEDIO_ESTANCIA";"Date";"Regular";"";False;False;False;True;"Default";"None";"Consulta1 (556618)$FECHA INGRESO (556672)";"Data";"FECHA_INGRESO";"";"General Date";True;"";"GroupOnValue";"";"";"";"464adaa8-e19e-4a73-bfc4-d0c9de0f8606"
556680;"VECES";"PROMEDIO_ESTANCIA";"Integer";"Regular";"";False;False;False;True;"Default";"Sum";"Consulta1 (556618)$VECES (556680)";"Data";"VECES";"";"0";True;"";"GroupOnValue";"";"";"";"fb2643c9-12a8-49b3-a1a3-c3d23bd1a631"
556681;"FECHA_INGRESO_SERVICIO";"PROMEDIO_ESTANCIA";"Date";"Regular";"";False;False;False;True;"Default";"None";"Consulta1 (556618)$FECHA INGRESO SERVICIO (556681)";"Data";"FECHA_INGRESO_SERVICIO";"";"General Date";True;"";"GroupOnValue";"";"";"";"f913c7f9-8437-4991-8ca9-8ec5a04f900d"
556689;"FECHA_EGR";"PROMEDIO_ESTANCIA";"Date";"Regular";"";False;False;False;True;"Default";"None";"Consulta1 (556618)$FECHA EGR (556689)";"Data";"FECHA_EGR";"";"General Date";True;"";"GroupOnValue";"";"";"";"cc0df7d5-3897-4e1e-b393-4915479b9004"
556697;"TIPO_SALIDA";"PROMEDIO_ESTANCIA";"Text";"Regular";"";False;False;False;True;"Default";"None";"Consulta1 (556618)$TIPO SALIDA (556697)";"Data";"TIPO_SALIDA";"";"";True;"";"GroupOnValue";"";"";"";"0f3cd083-f28a-463b-85a0-4717f574cd46"
556698;"HSUNOMBRE";"PROMEDIO_ESTANCIA";"Text";"Regular";"";False;False;False;True;"Default";"None";"Consulta1 (556618)$HSUNOMBRE (556698)";"Data";"HSUNOMBRE";"";"";True;"";"GroupOnValue";"";"";"";"7fedb8a2-1d70-41d4-baf6-0a23e154191c"
556699;"DIAS_HOSPI";"PROMEDIO_ESTANCIA";"Integer";"Regular";"";False;False;False;True;"Default";"Sum";"Consulta1 (556618)$DIAS HOSPI (556699)";"Data";"DIAS_HOSPI";"";"0";True;"";"GroupOnValue";"";"";"";"c88f2d81-ad2d-4527-9f1d-554d1d50371e"
556700;"FECHA_EGRESO";"PROMEDIO_ESTANCIA";"Date";"Regular";"";False;False;False;True;"Default";"None";"Consulta1 (556618)$FECHA EGRESO (556700)";"Data";"FECHA_EGRESO";"";"General Date";True;"";"GroupOnValue";"";"";"";"0c19308c-c27a-4af2-bcf3-ba6230231ef1"
582373;"ADNEGRESO";"PROMEDIO_ESTANCIA";"Integer";"Regular";"";False;False;False;True;"Default";"Sum";"Consulta1 (556618)$ADNEGRESO (582373)";"Data";"ADNEGRESO";"";"0";True;"";"GroupOnValue";"";"";"";"be837ee9-dc54-464e-8ea1-74f573b21158"
666947;"OID_ASEGURADORA";"PROMEDIO_ESTANCIA";"Integer";"Regular";"";False;False;False;True;"Default";"None";"Consulta1 (556618)$OID ASEGURADORA (666947)";"Data";"OID_ASEGURADORA";"";"0";True;"";"GroupOnValue";"";"";"";"5374e85e-ba55-434d-a9f1-07345b9395b4"
556622;"RowNumber-2662979B-1795-4F74-8F37-6A1BA8059B61";"LocalDateTable_c6c9bc76-e106-4d6a-93bd-b53a0b8d66a9";"Integer";"RowNumber";"";True;True;True;False;"Default";"Default";"LocalDateTable c6c9bc76 e106 4d6a 93bd b53a0b8d66a9 (556621)$RowNumber 2662979B 1795 4F74 8F37 6A1BA8059B61 (556622)";"RowNumber";"RowNumber-2662979B-1795-4F74-8F37-6A1BA8059B61";"";"";True;"";"GroupOnValue";"";"";"";""
556657;"Date";"LocalDateTable_c6c9bc76-e106-4d6a-93bd-b53a0b8d66a9";"Date";"PaddedDateTableDates";"";True;True;False;False;"Default";"None";"LocalDateTable c6c9bc76 e106 4d6a 93bd b53a0b8d66a9 (556621)$Date (556657)";"CalculatedTableColumn";"Date";"";"";True;"";"GroupOnValue";"";"";"";"5b35c0d4-beb6-44fb-a62f-09d839815921"
556658;"AÑO";"LocalDateTable_c6c9bc76-e106-4d6a-93bd-b53a0b8d66a9";"Integer";"Years";"";True;False;False;True;"Default";"None";"LocalDateTable c6c9bc76 e106 4d6a 93bd b53a0b8d66a9 (556621)$Año (556658)";"Calculated";"";"YEAR([Date])";"";True;"";"GroupOnValue";"";"";"";"112a3c77-cdcf-4e71-956f-b95086e1b636"
556659;"NroMes";"LocalDateTable_c6c9bc76-e106-4d6a-93bd-b53a0b8d66a9";"Integer";"MonthOfYear";"";True;False;False;True;"Default";"None";"LocalDateTable c6c9bc76 e106 4d6a 93bd b53a0b8d66a9 (556621)$NroMes (556659)";"Calculated";"";"MONTH([Date])";"";True;"";"GroupOnValue";"";"";"";"4482a895-f840-46b3-a7e4-273cb02cba77"
556660;"MES";"LocalDateTable_c6c9bc76-e106-4d6a-93bd-b53a0b8d66a9";"Text";"Months";"";True;False;False;True;"Default";"None";"LocalDateTable c6c9bc76 e106 4d6a 93bd b53a0b8d66a9 (556621)$Mes (556660)";"Calculated";"";"FORMAT([Date], ""MMMM"")";"";True;"NroMes";"GroupOnValue";"";"";"";"2f02a9d1-056c-43ad-ba31-7b13a60c9fc6"
556661;"NroTrimestre";"LocalDateTable_c6c9bc76-e106-4d6a-93bd-b53a0b8d66a9";"Integer";"QuarterOfYear";"";True;False;False;True;"Default";"None";"LocalDateTable c6c9bc76 e106 4d6a 93bd b53a0b8d66a9 (556621)$NroTrimestre (556661)";"Calculated";"";"INT(([NroMes] + 2) / 3)";"";True;"";"GroupOnValue";"";"";"";"2b1877d5-0fbe-4a62-a489-c57b85a618d8"
556662;"Trimestre";"LocalDateTable_c6c9bc76-e106-4d6a-93bd-b53a0b8d66a9";"Text";"Quarters";"";True;False;False;True;"Default";"None";"LocalDateTable c6c9bc76 e106 4d6a 93bd b53a0b8d66a9 (556621)$Trimestre (556662)";"Calculated";"";"""Trim. "" & [NroTrimestre]";"";True;"NroTrimestre";"GroupOnValue";"";"";"";"c23176b1-c295-49df-b5be-f0e25b35218d"
556663;"Día";"LocalDateTable_c6c9bc76-e106-4d6a-93bd-b53a0b8d66a9";"Integer";"DayOfMonth";"";True;False;False;True;"Default";"None";"LocalDateTable c6c9bc76 e106 4d6a 93bd b53a0b8d66a9 (556621)$Día (556663)";"Calculated";"";"DAY([Date])";"";True;"";"GroupOnValue";"";"";"";"faa33237-3dd9-47a8-a646-d9502c692df7"
556625;"RowNumber-2662979B-1795-4F74-8F37-6A1BA8059B61";"LocalDateTable_0741051d-a784-47a4-a41e-32116358492e";"Integer";"RowNumber";"";True;True;True;False;"Default";"Default";"LocalDateTable 0741051d a784 47a4 a41e 32116358492e (556624)$RowNumber 2662979B 1795 4F74 8F37 6A1BA8059B61 (556625)";"RowNumber";"RowNumber-2662979B-1795-4F74-8F37-6A1BA8059B61";"";"";True;"";"GroupOnValue";"";"";"";""
556665;"Date";"LocalDateTable_0741051d-a784-47a4-a41e-32116358492e";"Date";"PaddedDateTableDates";"";True;True;False;False;"Default";"None";"LocalDateTable 0741051d a784 47a4 a41e 32116358492e (556624)$Date (556665)";"CalculatedTableColumn";"Date";"";"";True;"";"GroupOnValue";"";"";"";"fa3c5537-28a7-48ab-b61f-5e2b0a2e04c6"
556666;"AÑO";"LocalDateTable_0741051d-a784-47a4-a41e-32116358492e";"Integer";"Years";"";True;False;False;True;"Default";"None";"LocalDateTable 0741051d a784 47a4 a41e 32116358492e (556624)$Año (556666)";"Calculated";"";"YEAR([Date])";"";True;"";"GroupOnValue";"";"";"";"fa4c56f6-a916-444c-971c-35d3596bc54a"
556667;"NroMes";"LocalDateTable_0741051d-a784-47a4-a41e-32116358492e";"Integer";"MonthOfYear";"";True;False;False;True;"Default";"None";"LocalDateTable 0741051d a784 47a4 a41e 32116358492e (556624)$NroMes (556667)";"Calculated";"";"MONTH([Date])";"";True;"";"GroupOnValue";"";"";"";"b2c31ec1-ef4b-4335-9a44-35d78f26ccb9"
556668;"MES";"LocalDateTable_0741051d-a784-47a4-a41e-32116358492e";"Text";"Months";"";True;False;False;True;"Default";"None";"LocalDateTable 0741051d a784 47a4 a41e 32116358492e (556624)$Mes (556668)";"Calculated";"";"FORMAT([Date], ""MMMM"")";"";True;"NroMes";"GroupOnValue";"";"";"";"3736fcf2-b544-4fb4-bcd6-f2928ad96f88"
556669;"NroTrimestre";"LocalDateTable_0741051d-a784-47a4-a41e-32116358492e";"Integer";"QuarterOfYear";"";True;False;False;True;"Default";"None";"LocalDateTable 0741051d a784 47a4 a41e 32116358492e (556624)$NroTrimestre (556669)";"Calculated";"";"INT(([NroMes] + 2) / 3)";"";True;"";"GroupOnValue";"";"";"";"fea26ed1-7438-41d1-bedb-179f64b5e638"
556670;"Trimestre";"LocalDateTable_0741051d-a784-47a4-a41e-32116358492e";"Text";"Quarters";"";True;False;False;True;"Default";"None";"LocalDateTable 0741051d a784 47a4 a41e 32116358492e (556624)$Trimestre (556670)";"Calculated";"";"""Trim. "" & [NroTrimestre]";"";True;"NroTrimestre";"GroupOnValue";"";"";"";"de6f6059-9396-4ed4-903e-e4103c76a164"
556671;"Día";"LocalDateTable_0741051d-a784-47a4-a41e-32116358492e";"Integer";"DayOfMonth";"";True;False;False;True;"Default";"None";"LocalDateTable 0741051d a784 47a4 a41e 32116358492e (556624)$Día (556671)";"Calculated";"";"DAY([Date])";"";True;"";"GroupOnValue";"";"";"";"588c80b3-b3d3-43f7-b351-01a31d931755"
556628;"RowNumber-2662979B-1795-4F74-8F37-6A1BA8059B61";"LocalDateTable_60d9e697-45c6-4cc8-ab9a-cb3de2ea0daf";"Integer";"RowNumber";"";True;True;True;False;"Default";"Default";"LocalDateTable 60d9e697 45c6 4cc8 ab9a cb3de2ea0daf (556627)$RowNumber 2662979B 1795 4F74 8F37 6A1BA8059B61 (556628)";"RowNumber";"RowNumber-2662979B-1795-4F74-8F37-6A1BA8059B61";"";"";True;"";"GroupOnValue";"";"";"";""
556673;"Date";"LocalDateTable_60d9e697-45c6-4cc8-ab9a-cb3de2ea0daf";"Date";"PaddedDateTableDates";"";True;True;False;False;"Default";"None";"LocalDateTable 60d9e697 45c6 4cc8 ab9a cb3de2ea0daf (556627)$Date (556673)";"CalculatedTableColumn";"Date";"";"";True;"";"GroupOnValue";"";"";"";"7ca4d3f0-8af6-4d9f-bbf2-14cdb750d938"
556674;"AÑO";"LocalDateTable_60d9e697-45c6-4cc8-ab9a-cb3de2ea0daf";"Integer";"Years";"";True;False;False;True;"Default";"None";"LocalDateTable 60d9e697 45c6 4cc8 ab9a cb3de2ea0daf (556627)$Año (556674)";"Calculated";"";"YEAR([Date])";"";True;"";"GroupOnValue";"";"";"";"39f0cbec-d011-4555-934d-2af494cef0e5"
556675;"NroMes";"LocalDateTable_60d9e697-45c6-4cc8-ab9a-cb3de2ea0daf";"Integer";"MonthOfYear";"";True;False;False;True;"Default";"None";"LocalDateTable 60d9e697 45c6 4cc8 ab9a cb3de2ea0daf (556627)$NroMes (556675)";"Calculated";"";"MONTH([Date])";"";True;"";"GroupOnValue";"";"";"";"d7ca184e-9682-4481-9028-32dc9631b57e"
556676;"MES";"LocalDateTable_60d9e697-45c6-4cc8-ab9a-cb3de2ea0daf";"Text";"Months";"";True;False;False;True;"Default";"None";"LocalDateTable 60d9e697 45c6 4cc8 ab9a cb3de2ea0daf (556627)$Mes (556676)";"Calculated";"";"FORMAT([Date], ""MMMM"")";"";True;"NroMes";"GroupOnValue";"";"";"";"bdafa4e1-e7b6-4d50-8660-0222ca3ce201"
556677;"NroTrimestre";"LocalDateTable_60d9e697-45c6-4cc8-ab9a-cb3de2ea0daf";"Integer";"QuarterOfYear";"";True;False;False;True;"Default";"None";"LocalDateTable 60d9e697 45c6 4cc8 ab9a cb3de2ea0daf (556627)$NroTrimestre (556677)";"Calculated";"";"INT(([NroMes] + 2) / 3)";"";True;"";"GroupOnValue";"";"";"";"372472bd-2ef2-43d4-b37b-412a980977f2"
556678;"Trimestre";"LocalDateTable_60d9e697-45c6-4cc8-ab9a-cb3de2ea0daf";"Text";"Quarters";"";True;False;False;True;"Default";"None";"LocalDateTable 60d9e697 45c6 4cc8 ab9a cb3de2ea0daf (556627)$Trimestre (556678)";"Calculated";"";"""Trim. "" & [NroTrimestre]";"";True;"NroTrimestre";"GroupOnValue";"";"";"";"04921cdf-b145-4c6f-a7e5-5150bfe6c745"
556679;"Día";"LocalDateTable_60d9e697-45c6-4cc8-ab9a-cb3de2ea0daf";"Integer";"DayOfMonth";"";True;False;False;True;"Default";"None";"LocalDateTable 60d9e697 45c6 4cc8 ab9a cb3de2ea0daf (556627)$Día (556679)";"Calculated";"";"DAY([Date])";"";True;"";"GroupOnValue";"";"";"";"85fe4034-9c45-49e2-afae-f288876bbebc"
556631;"RowNumber-2662979B-1795-4F74-8F37-6A1BA8059B61";"LocalDateTable_9e7a955a-4e14-4e00-9136-e0e15351d8c7";"Integer";"RowNumber";"";True;True;True;False;"Default";"Default";"LocalDateTable 9e7a955a 4e14 4e00 9136 e0e15351d8c7 (556630)$RowNumber 2662979B 1795 4F74 8F37 6A1BA8059B61 (556631)";"RowNumber";"RowNumber-2662979B-1795-4F74-8F37-6A1BA8059B61";"";"";True;"";"GroupOnValue";"";"";"";""
556682;"Date";"LocalDateTable_9e7a955a-4e14-4e00-9136-e0e15351d8c7";"Date";"PaddedDateTableDates";"";True;True;False;False;"Default";"None";"LocalDateTable 9e7a955a 4e14 4e00 9136 e0e15351d8c7 (556630)$Date (556682)";"CalculatedTableColumn";"Date";"";"";True;"";"GroupOnValue";"";"";"";"51f7a8d1-3d56-40eb-826f-ff4f02882890"
556683;"AÑO";"LocalDateTable_9e7a955a-4e14-4e00-9136-e0e15351d8c7";"Integer";"Years";"";True;False;False;True;"Default";"None";"LocalDateTable 9e7a955a 4e14 4e00 9136 e0e15351d8c7 (556630)$Año (556683)";"Calculated";"";"YEAR([Date])";"";True;"";"GroupOnValue";"";"";"";"018b194b-1ec4-4c0d-a708-709929a1946a"
556684;"NroMes";"LocalDateTable_9e7a955a-4e14-4e00-9136-e0e15351d8c7";"Integer";"MonthOfYear";"";True;False;False;True;"Default";"None";"LocalDateTable 9e7a955a 4e14 4e00 9136 e0e15351d8c7 (556630)$NroMes (556684)";"Calculated";"";"MONTH([Date])";"";True;"";"GroupOnValue";"";"";"";"5e0c178a-a996-4c7d-9eb8-9f31eb64d656"
556685;"MES";"LocalDateTable_9e7a955a-4e14-4e00-9136-e0e15351d8c7";"Text";"Months";"";True;False;False;True;"Default";"None";"LocalDateTable 9e7a955a 4e14 4e00 9136 e0e15351d8c7 (556630)$Mes (556685)";"Calculated";"";"FORMAT([Date], ""MMMM"")";"";True;"NroMes";"GroupOnValue";"";"";"";"1758622c-d5ff-401f-a1a1-afb339b4a252"
556686;"NroTrimestre";"LocalDateTable_9e7a955a-4e14-4e00-9136-e0e15351d8c7";"Integer";"QuarterOfYear";"";True;False;False;True;"Default";"None";"LocalDateTable 9e7a955a 4e14 4e00 9136 e0e15351d8c7 (556630)$NroTrimestre (556686)";"Calculated";"";"INT(([NroMes] + 2) / 3)";"";True;"";"GroupOnValue";"";"";"";"4101da21-b686-4e43-a07a-7ae33080832c"
556687;"Trimestre";"LocalDateTable_9e7a955a-4e14-4e00-9136-e0e15351d8c7";"Text";"Quarters";"";True;False;False;True;"Default";"None";"LocalDateTable 9e7a955a 4e14 4e00 9136 e0e15351d8c7 (556630)$Trimestre (556687)";"Calculated";"";"""Trim. "" & [NroTrimestre]";"";True;"NroTrimestre";"GroupOnValue";"";"";"";"b18e7153-80d6-4961-bd11-3c1211e8091e"
556688;"Día";"LocalDateTable_9e7a955a-4e14-4e00-9136-e0e15351d8c7";"Integer";"DayOfMonth";"";True;False;False;True;"Default";"None";"LocalDateTable 9e7a955a 4e14 4e00 9136 e0e15351d8c7 (556630)$Día (556688)";"Calculated";"";"DAY([Date])";"";True;"";"GroupOnValue";"";"";"";"c10956dd-3ad1-4a6b-9872-5e2113940fbc"
556634;"RowNumber-2662979B-1795-4F74-8F37-6A1BA8059B61";"LocalDateTable_7c4ea561-fccc-4d3c-8855-11f8d20177f3";"Integer";"RowNumber";"";True;True;True;False;"Default";"Default";"LocalDateTable 7c4ea561 fccc 4d3c 8855 11f8d20177f3 (556633)$RowNumber 2662979B 1795 4F74 8F37 6A1BA8059B61 (556634)";"RowNumber";"RowNumber-2662979B-1795-4F74-8F37-6A1BA8059B61";"";"";True;"";"GroupOnValue";"";"";"";""
556690;"Date";"LocalDateTable_7c4ea561-fccc-4d3c-8855-11f8d20177f3";"Date";"PaddedDateTableDates";"";True;True;False;False;"Default";"None";"LocalDateTable 7c4ea561 fccc 4d3c 8855 11f8d20177f3 (556633)$Date (556690)";"CalculatedTableColumn";"Date";"";"";True;"";"GroupOnValue";"";"";"";"b5323e30-6742-4c22-80fb-351ba9b2ed4c"
556691;"AÑO";"LocalDateTable_7c4ea561-fccc-4d3c-8855-11f8d20177f3";"Integer";"Years";"";True;False;False;True;"Default";"None";"LocalDateTable 7c4ea561 fccc 4d3c 8855 11f8d20177f3 (556633)$Año (556691)";"Calculated";"";"YEAR([Date])";"";True;"";"GroupOnValue";"";"";"";"604f72aa-b079-4c1d-a632-ddfe5e520d01"
556692;"NroMes";"LocalDateTable_7c4ea561-fccc-4d3c-8855-11f8d20177f3";"Integer";"MonthOfYear";"";True;False;False;True;"Default";"None";"LocalDateTable 7c4ea561 fccc 4d3c 8855 11f8d20177f3 (556633)$NroMes (556692)";"Calculated";"";"MONTH([Date])";"";True;"";"GroupOnValue";"";"";"";"44cf2a12-c92b-4b19-b5bd-2da58464dd77"
556693;"MES";"LocalDateTable_7c4ea561-fccc-4d3c-8855-11f8d20177f3";"Text";"Months";"";True;False;False;True;"Default";"None";"LocalDateTable 7c4ea561 fccc 4d3c 8855 11f8d20177f3 (556633)$Mes (556693)";"Calculated";"";"FORMAT([Date], ""MMMM"")";"";True;"NroMes";"GroupOnValue";"";"";"";"5bf0a0bc-7a4f-4c77-ab83-9a0e83b81eae"
556694;"NroTrimestre";"LocalDateTable_7c4ea561-fccc-4d3c-8855-11f8d20177f3";"Integer";"QuarterOfYear";"";True;False;False;True;"Default";"None";"LocalDateTable 7c4ea561 fccc 4d3c 8855 11f8d20177f3 (556633)$NroTrimestre (556694)";"Calculated";"";"INT(([NroMes] + 2) / 3)";"";True;"";"GroupOnValue";"";"";"";"6e6d737a-2e3b-4017-ac68-b6afd0e0a658"
556695;"Trimestre";"LocalDateTable_7c4ea561-fccc-4d3c-8855-11f8d20177f3";"Text";"Quarters";"";True;False;False;True;"Default";"None";"LocalDateTable 7c4ea561 fccc 4d3c 8855 11f8d20177f3 (556633)$Trimestre (556695)";"Calculated";"";"""Trim. "" & [NroTrimestre]";"";True;"NroTrimestre";"GroupOnValue";"";"";"";"0c133c34-58f2-46d6-b3d2-d2df2931cb11"
556696;"Día";"LocalDateTable_7c4ea561-fccc-4d3c-8855-11f8d20177f3";"Integer";"DayOfMonth";"";True;False;False;True;"Default";"None";"LocalDateTable 7c4ea561 fccc 4d3c 8855 11f8d20177f3 (556633)$Día (556696)";"Calculated";"";"DAY([Date])";"";True;"";"GroupOnValue";"";"";"";"983e81fb-3ca4-4d14-9ff8-2f1c98596da2"
556637;"RowNumber-2662979B-1795-4F74-8F37-6A1BA8059B61";"LocalDateTable_92dd464b-e2e7-4f9b-a8ec-56b51a2e0577";"Integer";"RowNumber";"";True;True;True;False;"Default";"Default";"LocalDateTable 92dd464b e2e7 4f9b a8ec 56b51a2e0577 (556636)$RowNumber 2662979B 1795 4F74 8F37 6A1BA8059B61 (556637)";"RowNumber";"RowNumber-2662979B-1795-4F74-8F37-6A1BA8059B61";"";"";True;"";"GroupOnValue";"";"";"";""
556701;"Date";"LocalDateTable_92dd464b-e2e7-4f9b-a8ec-56b51a2e0577";"Date";"PaddedDateTableDates";"";True;True;False;False;"Default";"None";"LocalDateTable 92dd464b e2e7 4f9b a8ec 56b51a2e0577 (556636)$Date (556701)";"CalculatedTableColumn";"Date";"";"";True;"";"GroupOnValue";"";"";"";"458c7e45-e9a0-45e4-91ae-8947d6831122"
556702;"AÑO";"LocalDateTable_92dd464b-e2e7-4f9b-a8ec-56b51a2e0577";"Integer";"Years";"";True;False;False;True;"Default";"None";"LocalDateTable 92dd464b e2e7 4f9b a8ec 56b51a2e0577 (556636)$Año (556702)";"Calculated";"";"YEAR([Date])";"";True;"";"GroupOnValue";"";"";"";"a0f6a8c2-8eb7-46ce-9f90-ed0889eb37df"
556703;"NroMes";"LocalDateTable_92dd464b-e2e7-4f9b-a8ec-56b51a2e0577";"Integer";"MonthOfYear";"";True;False;False;True;"Default";"None";"LocalDateTable 92dd464b e2e7 4f9b a8ec 56b51a2e0577 (556636)$NroMes (556703)";"Calculated";"";"MONTH([Date])";"";True;"";"GroupOnValue";"";"";"";"96801b8d-1171-456f-9b60-a6b18fbdb696"
556704;"MES";"LocalDateTable_92dd464b-e2e7-4f9b-a8ec-56b51a2e0577";"Text";"Months";"";True;False;False;True;"Default";"None";"LocalDateTable 92dd464b e2e7 4f9b a8ec 56b51a2e0577 (556636)$Mes (556704)";"Calculated";"";"FORMAT([Date], ""MMMM"")";"";True;"NroMes";"GroupOnValue";"";"";"";"84ff58be-547a-49bf-b73a-df29dc41c301"
556705;"NroTrimestre";"LocalDateTable_92dd464b-e2e7-4f9b-a8ec-56b51a2e0577";"Integer";"QuarterOfYear";"";True;False;False;True;"Default";"None";"LocalDateTable 92dd464b e2e7 4f9b a8ec 56b51a2e0577 (556636)$NroTrimestre (556705)";"Calculated";"";"INT(([NroMes] + 2) / 3)";"";True;"";"GroupOnValue";"";"";"";"9f8300e0-c8ee-4985-9f07-37580f037f92"
556706;"Trimestre";"LocalDateTable_92dd464b-e2e7-4f9b-a8ec-56b51a2e0577";"Text";"Quarters";"";True;False;False;True;"Default";"None";"LocalDateTable 92dd464b e2e7 4f9b a8ec 56b51a2e0577 (556636)$Trimestre (556706)";"Calculated";"";"""Trim. "" & [NroTrimestre]";"";True;"NroTrimestre";"GroupOnValue";"";"";"";"52e37e03-2ac6-4ba1-b07a-e5960d4f7733"
556707;"Día";"LocalDateTable_92dd464b-e2e7-4f9b-a8ec-56b51a2e0577";"Integer";"DayOfMonth";"";True;False;False;True;"Default";"None";"LocalDateTable 92dd464b e2e7 4f9b a8ec 56b51a2e0577 (556636)$Día (556707)";"Calculated";"";"DAY([Date])";"";True;"";"GroupOnValue";"";"";"";"46b8977b-6ce0-476a-ba89-10408c1cb9f0"
560664;"RowNumber-2662979B-1795-4F74-8F37-6A1BA8059B61";"CAMAS";"Integer";"RowNumber";"";True;True;True;False;"Default";"Default";"Consulta1 (560663)$RowNumber 2662979B 1795 4F74 8F37 6A1BA8059B61 (560664)";"RowNumber";"RowNumber-2662979B-1795-4F74-8F37-6A1BA8059B61";"";"";True;"";"GroupOnValue";"";"";"";""
560666;"OID";"CAMAS";"Integer";"Regular";"";False;True;False;False;"Default";"None";"Consulta1 (560663)$OID (560666)";"Data";"OID";"";"0";True;"";"GroupOnValue";"";"";"";"bda025be-a2cf-460c-87ea-20ab07e686eb"
560667;"HCACODIGO";"CAMAS";"Text";"Regular";"";False;False;False;True;"Default";"None";"Consulta1 (560663)$HCACODIGO (560667)";"Data";"HCACODIGO";"";"";True;"";"GroupOnValue";"";"";"";"1afae174-73c4-47a9-9fa7-15ff8c4a1c69"
560668;"HCANOMBRE";"CAMAS";"Text";"Regular";"";False;False;False;True;"Default";"None";"Consulta1 (560663)$HCANOMBRE (560668)";"Data";"HCANOMBRE";"";"";True;"";"GroupOnValue";"";"";"";"fac16278-e7db-4e98-b8a7-fce3e822af75"
560669;"HPNSUBGRU";"CAMAS";"Integer";"Regular";"";False;False;False;True;"Default";"None";"Consulta1 (560663)$HPNSUBGRU (560669)";"Data";"HPNSUBGRU";"";"0";True;"";"GroupOnValue";"";"";"";"f8c594d1-7030-4722-ad91-1a0942088ed1"
560670;"adningreso";"CAMAS";"Integer";"Regular";"";False;False;False;True;"Default";"Sum";"Consulta1 (560663)$ADNINGRESO (560670)";"Data";"adningreso";"";"0";True;"";"GroupOnValue";"";"";"";"cc6ed82d-1a28-43f3-b936-1a5cc0cfd5be"
560671;"HCAESTADO";"CAMAS";"Integer";"Regular";"";False;False;False;True;"Default";"Sum";"Consulta1 (560663)$HCAESTADO (560671)";"Data";"HCAESTADO";"";"0";True;"";"GroupOnValue";"";"";"";"aecc9bee-6c5e-4aec-8e69-0109fd778d47"
561703;"RowNumber-2662979B-1795-4F74-8F37-6A1BA8059B61";"SERVICIO";"Integer";"RowNumber";"";True;True;True;False;"Default";"Default";"Consulta1 (561702)$RowNumber 2662979B 1795 4F74 8F37 6A1BA8059B61 (561703)";"RowNumber";"RowNumber-2662979B-1795-4F74-8F37-6A1BA8059B61";"";"";True;"";"GroupOnValue";"";"";"";""
561705;"OID";"SERVICIO";"Integer";"Regular";"";False;True;False;False;"Default";"None";"Consulta1 (561702)$OID (561705)";"Data";"OID";"";"0";True;"";"GroupOnValue";"";"";"";"6ba403ea-adde-43ed-bafc-c484fd082df1"
561706;"HSUCODIGO";"SERVICIO";"Text";"Regular";"";False;False;False;True;"Default";"None";"Consulta1 (561702)$HSUCODIGO (561706)";"Data";"HSUCODIGO";"";"";True;"";"GroupOnValue";"";"";"";"70a475a5-45b4-4d72-b87f-050c2de3e539"
561707;"HSUNOMBRE";"SERVICIO";"Text";"Regular";"";False;False;False;True;"Default";"None";"Consulta1 (561702)$HSUNOMBRE (561707)";"Data";"HSUNOMBRE";"";"";True;"";"GroupOnValue";"";"";"";"6aea7850-73d9-4ae8-8072-26bbc7a2d038"
561708;"GENARESER";"SERVICIO";"Integer";"Regular";"";False;False;False;True;"Default";"Sum";"Consulta1 (561702)$GENARESER (561708)";"Data";"GENARESER";"";"0";True;"";"GroupOnValue";"";"";"";"65282d39-24f7-48dd-b81f-1cc715413ae6"
599745;"RowNumber-2662979B-1795-4F74-8F37-6A1BA8059B61";"PARTOS_DRIVE";"Integer";"RowNumber";"";True;True;True;False;"Default";"Default";"Hoja1 (599744)$RowNumber 2662979B 1795 4F74 8F37 6A1BA8059B61 (599745)";"RowNumber";"RowNumber-2662979B-1795-4F74-8F37-6A1BA8059B61";"";"";True;"";"GroupOnValue";"";"";"";""
600829;"MES_NUMERO";"PARTOS_DRIVE";"Integer";"Regular";"";False;False;False;True;"Default";"Sum";"Hoja1 (599744)$Columna (600829)";"Calculated";"";"IF(PARTOS_DRIVE[Mes]=""ENERO"",1,IF(PARTOS_DRIVE[Mes]=""FEBRERO"",2,IF(PARTOS_DRIVE[Mes]=""MARZO"",3,IF(PARTOS_DRIVE[Mes]=""ABRIL"",4,IF(PARTOS_DRIVE[Mes]=""MAYO"",5,IF(PARTOS_DRIVE[Mes]=""JUNIO"",6,IF(PARTOS_DRIVE[Mes]=""JULIO"",7,IF(PARTOS_DRIVE[Mes]=""AGOSTO"",8,IF(PARTOS_DRIVE[Mes]=""SEPTIEMBRE"",9,IF(PARTOS_DRIVE[Mes]=""OCTUBRE"",10,IF(PARTOS_DRIVE[Mes]=""NOVIEMBRE"",11,IF(PARTOS_DRIVE[Mes]=""DICIEMBRE"",12))))))))))))";"0";True;"";"GroupOnValue";"";"";"";"69cf68fd-b5ed-40b3-8d90-2682724d6faf"
601401;"FECHA_REAL";"PARTOS_DRIVE";"Date";"Regular";"";False;False;False;True;"Default";"None";"Hoja1 (599744)$Columna (601401)";"Calculated";"";"FORMAT(DATE(PARTOS_DRIVE[Año],PARTOS_DRIVE[MES_NUMERO],1),""DD-MM-YYYY"")";"Long Date";True;"";"GroupOnValue";"";"";"";"06a5e298-4c74-4265-96c8-48f2ea01dd08"
603866;"VAGINALES";"PARTOS_DRIVE";"Integer";"Regular";"";False;False;False;True;"Default";"Sum";"Hoja1 (599744)$Columna (603866)";"Calculated";"";"IF(PARTOS_DRIVE[Tipo de parto]=""VAGINAL"",1,0)";"0";True;"";"GroupOnValue";"";"";"";"f50f1735-3fa3-4721-9737-e2a3670ff7dc"
604718;"CESÁREAS";"PARTOS_DRIVE";"Integer";"Regular";"";False;False;False;True;"Default";"Sum";"Hoja1 (599744)$Columna (604718)";"Calculated";"";"IF(PARTOS_DRIVE[Tipo de parto]=""CESÁREA"",1,0)";"0";True;"";"GroupOnValue";"";"";"";"6770bc36-05c2-4df1-86d2-81cc4ca982a7"
4342178;"DOCUMENTO";"PARTOS_DRIVE";"Text";"Regular";"";False;False;False;True;"Default";"None";"Hoja1 (599744)$Documento (4342178)";"Data";"DOCUMENTO";"";"";True;"";"GroupOnValue";"";"";"";"945a9c1e-b9a7-449b-9da5-accb0acb444a"
4342179;"MES";"PARTOS_DRIVE";"Text";"Regular";"";False;False;False;True;"Default";"None";"Hoja1 (599744)$Mes (4342179)";"Data";"MES";"";"";True;"";"GroupOnValue";"";"";"";"730879d8-d456-4342-92fe-aee368aca22f"
4342180;"AÑO";"PARTOS_DRIVE";"Integer";"Regular";"";False;False;False;True;"Default";"Sum";"Hoja1 (599744)$Año (4342180)";"Data";"AÑO";"";"0";True;"";"GroupOnValue";"";"";"";"eec0f0f2-51e2-49e6-9f8c-d8182542cf0c"
4342181;"Tipo de parto";"PARTOS_DRIVE";"Text";"Regular";"";False;False;False;True;"Default";"None";"Hoja1 (599744)$Tipo de parto (4342181)";"Data";"Tipo de parto";"";"";True;"";"GroupOnValue";"";"";"";"66e8919d-49f8-4ac7-8eac-6728e0bd89cd"
4342182;"Metodo de planificar";"PARTOS_DRIVE";"Text";"Regular";"";False;False;False;True;"Default";"None";"Hoja1 (599744)$Metodo de planificar (4342182)";"Data";"Metodo de planificar";"";"";True;"";"GroupOnValue";"";"";"";"b90f2e3c-c519-4468-878d-4bfae5a33c24"
4342183;"ASEGURADOR";"PARTOS_DRIVE";"Text";"Regular";"";False;False;False;True;"Default";"None";"Hoja1 (599744)$Asegurador (4342183)";"Data";"ASEGURADOR";"";"";True;"";"GroupOnValue";"";"";"";"f4f08eda-1317-4274-b844-5affb70ea7f1"
4342184;"Prueba treponemica";"PARTOS_DRIVE";"Text";"Regular";"";False;False;False;True;"Default";"None";"Hoja1 (599744)$Prueba treponemica (4342184)";"Data";"Prueba treponemica";"";"";True;"";"GroupOnValue";"";"";"";"694dae72-949e-470e-9f8e-b0d758a54a49"
4342185;"VIH";"PARTOS_DRIVE";"Text";"Regular";"";False;False;False;True;"Default";"None";"Hoja1 (599744)$VIH (4342185)";"Data";"VIH";"";"";True;"";"GroupOnValue";"";"";"";"f2891230-a9fe-4967-9f5c-37dc01c22b60"
4342186;"Desea esterilización";"PARTOS_DRIVE";"Text";"Regular";"";False;False;False;True;"Default";"None";"Hoja1 (599744)$Desea esterilización (4342186)";"Data";"Desea esterilización";"";"";True;"";"GroupOnValue";"";"";"";"27fc8e0e-801d-4c89-81c7-d436dbe39e5f"
4342187;"Columna1";"PARTOS_DRIVE";"Text";"Regular";"";False;False;False;True;"Default";"None";"Hoja1 (599744)$Columna1 (4342187)";"Data";"Columna1";"";"";True;"";"GroupOnValue";"";"";"";"ee74a331-3bc2-4507-b261-1bb521102105"
4342188;"Columna2";"PARTOS_DRIVE";"Text";"Regular";"";False;False;False;True;"Default";"None";"Hoja1 (599744)$Columna2 (4342188)";"Data";"Columna2";"";"";True;"";"GroupOnValue";"";"";"";"7d9e6b37-6b24-414d-b69d-1bb1072bd539"
744109;"RowNumber-2662979B-1795-4F74-8F37-6A1BA8059B61";"LocalDateTable_ea2be855-3a41-4d3d-9eaf-c1d60b093be9";"Integer";"RowNumber";"";True;True;True;False;"Default";"Default";"LocalDateTable ea2be855 3a41 4d3d 9eaf c1d60b093be9 (744108)$RowNumber 2662979B 1795 4F74 8F37 6A1BA8059B61 (744109)";"RowNumber";"RowNumber-2662979B-1795-4F74-8F37-6A1BA8059B61";"";"";True;"";"GroupOnValue";"";"";"";""
744112;"Date";"LocalDateTable_ea2be855-3a41-4d3d-9eaf-c1d60b093be9";"Date";"PaddedDateTableDates";"";True;True;False;False;"Default";"None";"LocalDateTable ea2be855 3a41 4d3d 9eaf c1d60b093be9 (744108)$Date (744112)";"CalculatedTableColumn";"Date";"";"";True;"";"GroupOnValue";"";"";"";"f402c5d0-1f0c-4681-9eae-9f4960d4f9b1"
744113;"AÑO";"LocalDateTable_ea2be855-3a41-4d3d-9eaf-c1d60b093be9";"Integer";"Years";"";True;False;False;True;"Default";"None";"LocalDateTable ea2be855 3a41 4d3d 9eaf c1d60b093be9 (744108)$Año (744113)";"Calculated";"";"YEAR([Date])";"";True;"";"GroupOnValue";"";"";"";"3e312b75-dd58-4236-8aef-f08545fff36a"
744114;"NroMes";"LocalDateTable_ea2be855-3a41-4d3d-9eaf-c1d60b093be9";"Integer";"MonthOfYear";"";True;False;False;True;"Default";"None";"LocalDateTable ea2be855 3a41 4d3d 9eaf c1d60b093be9 (744108)$NroMes (744114)";"Calculated";"";"MONTH([Date])";"";True;"";"GroupOnValue";"";"";"";"191e6543-ddde-4823-b09d-9aef7e2be04d"
744115;"MES";"LocalDateTable_ea2be855-3a41-4d3d-9eaf-c1d60b093be9";"Text";"Months";"";True;False;False;True;"Default";"None";"LocalDateTable ea2be855 3a41 4d3d 9eaf c1d60b093be9 (744108)$Mes (744115)";"Calculated";"";"FORMAT([Date], ""MMMM"")";"";True;"NroMes";"GroupOnValue";"";"";"";"571260fb-7571-48ae-a4dd-3b54932ff526"
744116;"NroTrimestre";"LocalDateTable_ea2be855-3a41-4d3d-9eaf-c1d60b093be9";"Integer";"QuarterOfYear";"";True;False;False;True;"Default";"None";"LocalDateTable ea2be855 3a41 4d3d 9eaf c1d60b093be9 (744108)$NroTrimestre (744116)";"Calculated";"";"INT(([NroMes] + 2) / 3)";"";True;"";"GroupOnValue";"";"";"";"c2b49627-e8f3-4999-816c-e2512015968c"
744117;"Trimestre";"LocalDateTable_ea2be855-3a41-4d3d-9eaf-c1d60b093be9";"Text";"Quarters";"";True;False;False;True;"Default";"None";"LocalDateTable ea2be855 3a41 4d3d 9eaf c1d60b093be9 (744108)$Trimestre (744117)";"Calculated";"";"""Trim. "" & [NroTrimestre]";"";True;"NroTrimestre";"GroupOnValue";"";"";"";"9d4d654f-3261-4924-82f2-35d7ea5f881e"
744118;"Día";"LocalDateTable_ea2be855-3a41-4d3d-9eaf-c1d60b093be9";"Integer";"DayOfMonth";"";True;False;False;True;"Default";"None";"LocalDateTable ea2be855 3a41 4d3d 9eaf c1d60b093be9 (744108)$Día (744118)";"Calculated";"";"DAY([Date])";"";True;"";"GroupOnValue";"";"";"";"ac5737d8-9178-473b-a8ad-49c2364d0531"
835738;"RowNumber-2662979B-1795-4F74-8F37-6A1BA8059B61";"TERCERO";"Integer";"RowNumber";"";True;True;True;False;"Default";"Default";"Consulta1 (835737)$RowNumber 2662979B 1795 4F74 8F37 6A1BA8059B61 (835738)";"RowNumber";"RowNumber-2662979B-1795-4F74-8F37-6A1BA8059B61";"";"";True;"";"GroupOnValue";"";"";"";""
835740;"OID";"TERCERO";"Integer";"Regular";"";False;True;False;False;"Default";"None";"Consulta1 (835737)$OID (835740)";"Data";"OID";"";"0";True;"";"GroupOnValue";"";"";"";"f80b7248-0b04-4a6c-b135-c116a6910b61"
835741;"TERPRINOM";"TERCERO";"Text";"Regular";"";False;False;False;True;"Default";"None";"Consulta1 (835737)$TERPRINOM (835741)";"Data";"TERPRINOM";"";"";True;"";"GroupOnValue";"";"";"";"ae58c212-d47f-4b5a-b8ee-03f0a746122a"
835742;"DGNMUNICIPIO";"TERCERO";"Integer";"Regular";"";False;False;False;True;"Default";"Sum";"Consulta1 (835737)$DGNMUNICIPIO (835742)";"Data";"DGNMUNICIPIO";"";"0";True;"";"GroupOnValue";"";"";"";"0af86919-ace9-46f2-9977-f8a42d3d2d5c"
835743;"TERNOMCOM";"TERCERO";"Text";"Regular";"";False;False;False;True;"Default";"None";"Consulta1 (835737)$TERNOMCOM (835743)";"Data";"TERNOMCOM";"";"";True;"";"GroupOnValue";"";"";"";"73e0cdd6-9f41-4d26-82a8-cea9f443195a"
835744;"TERNUMDOC";"TERCERO";"Text";"Regular";"";False;False;False;True;"Default";"None";"Consulta1 (835737)$TERNUMDOC (835744)";"Data";"TERNUMDOC";"";"";True;"";"GroupOnValue";"";"";"";"7a470567-872c-4a5b-8eca-0cc023477bc1"
835745;"TERTIPPER";"TERCERO";"Integer";"Regular";"";False;False;False;True;"Default";"Sum";"Consulta1 (835737)$TERTIPPER (835745)";"Data";"TERTIPPER";"";"0";True;"";"GroupOnValue";"";"";"";"e2eceec0-cedf-4c68-981e-4199bb5979fa"
987323;"RowNumber-2662979B-1795-4F74-8F37-6A1BA8059B61";"EGRESOS Y TRASLADOS";"Integer";"RowNumber";"";True;True;True;False;"Default";"Default";"Consulta1 (987322)$RowNumber 2662979B 1795 4F74 8F37 6A1BA8059B61 (987323)";"RowNumber";"RowNumber-2662979B-1795-4F74-8F37-6A1BA8059B61";"";"";True;"";"GroupOnValue";"";"";"";""
987345;"OID";"EGRESOS Y TRASLADOS";"Integer";"Regular";"";False;False;False;True;"Default";"Count";"Consulta1 (987322)$OID (987345)";"Data";"OID";"";"0";True;"";"GroupOnValue";"";"";"";"b1005297-95ce-4483-9db5-fd55d80c3743"
987346;"INGRESO";"EGRESOS Y TRASLADOS";"Integer";"Regular";"";False;False;False;True;"Default";"Sum";"Consulta1 (987322)$INGRESO (987346)";"Data";"INGRESO";"";"0";True;"";"GroupOnValue";"";"";"";"f0ae5bcb-5e39-431c-8c14-41f1c5a616df"
987347;"OID_CAMA";"EGRESOS Y TRASLADOS";"Integer";"Regular";"";False;False;False;True;"Default";"Sum";"Consulta1 (987322)$OID CAMA (987347)";"Data";"OID_CAMA";"";"0";True;"";"GroupOnValue";"";"";"";"6b7c93f2-949f-4e45-8453-f5ba22073a65"
987348;"CAMA";"EGRESOS Y TRASLADOS";"Text";"Regular";"";False;False;False;True;"Default";"None";"Consulta1 (987322)$CAMA (987348)";"Data";"CAMA";"";"";True;"";"GroupOnValue";"";"";"";"a4e33898-c103-48c3-8ad3-754652d36b11"
987349;"servicio";"EGRESOS Y TRASLADOS";"Text";"Regular";"";False;False;False;True;"Default";"None";"Consulta1 (987322)$SERVICIO (987349)";"Data";"servicio";"";"";True;"";"GroupOnValue";"";"";"";"f961d044-c2f6-4b48-8766-f02fd163889b"
987350;"FECHA_INGRESO_CAMA";"EGRESOS Y TRASLADOS";"Date";"Regular";"";False;False;False;True;"Default";"None";"Consulta1 (987322)$FECHA INGRESO CAMA (987350)";"Data";"FECHA_INGRESO_CAMA";"";"General Date";True;"";"GroupOnValue";"";"";"";"15b64863-5e89-4f8a-999c-b5a84ba443b5"
987358;"FECHA_EGRESO_CAMA";"EGRESOS Y TRASLADOS";"Date";"Regular";"";False;False;False;True;"Default";"None";"Consulta1 (987322)$FECHA EGRESO CAMA (987358)";"Data";"FECHA_EGRESO_CAMA";"";"General Date";True;"";"GroupOnValue";"";"";"";"98014b37-3535-484c-bb99-3f7443d6a00a"
987366;"FECHA_EGRESO_FINAL";"EGRESOS Y TRASLADOS";"Date";"Regular";"";False;False;False;True;"Default";"None";"Consulta1 (987322)$FECHA EGRESO FINAL (987366)";"Data";"FECHA_EGRESO_FINAL";"";"Short Date";True;"";"GroupOnValue";"";"";"";"a984ed12-731c-44e1-83d7-6d4ee59be6a4"
987374;"DIAS_ESTANCIA";"EGRESOS Y TRASLADOS";"Integer";"Regular";"";False;False;False;True;"Default";"Sum";"Consulta1 (987322)$DIAS ESTANCIA (987374)";"Data";"DIAS_ESTANCIA";"";"0";True;"";"GroupOnValue";"";"";"";"4de26afb-1bf7-47e4-9ed0-59b67737eb66"
987375;"MES";"EGRESOS Y TRASLADOS";"Integer";"Regular";"";False;False;False;True;"Default";"Sum";"Consulta1 (987322)$MES (987375)";"Data";"MES";"";"0";True;"";"GroupOnValue";"";"";"";"5f5f1d1b-afc8-4dce-a365-d08265089c2c"
987376;"ANNO";"EGRESOS Y TRASLADOS";"Integer";"Regular";"";False;False;False;True;"Default";"Sum";"Consulta1 (987322)$ANNO (987376)";"Data";"ANNO";"";"0";True;"";"GroupOnValue";"";"";"";"b8a2ecc8-75ce-4692-a6af-3ccfd3ec008b"
987377;"TRASLADO";"EGRESOS Y TRASLADOS";"Integer";"Regular";"";False;False;False;True;"Default";"Sum";"Consulta1 (987322)$TRASLADO (987377)";"Data";"TRASLADO";"";"0";True;"";"GroupOnValue";"";"";"";"3669b50c-d61e-4d47-9286-8a2c7f10aa10"
987378;"EGRESO";"EGRESOS Y TRASLADOS";"Integer";"Regular";"";False;False;False;True;"Default";"Sum";"Consulta1 (987322)$EGRESO (987378)";"Data";"EGRESO";"";"0";True;"";"GroupOnValue";"";"";"";"489cdb88-f37a-4763-b738-85a09fe84ced"
987379;"AEEGRCORCU";"EGRESOS Y TRASLADOS";"Integer";"Regular";"";False;False;False;True;"Default";"Sum";"Consulta1 (987322)$AEEGRCORCU (987379)";"Data";"AEEGRCORCU";"";"0";True;"";"GroupOnValue";"";"";"";"f647a1d7-a61c-4b9b-b6b8-f45764e482aa"
987380;"Sexo";"EGRESOS Y TRASLADOS";"Text";"Regular";"";False;False;False;True;"Default";"None";"Consulta1 (987322)$SEXO (987380)";"Data";"Sexo";"";"";True;"";"GroupOnValue";"";"";"";"f7635b4c-faa5-498c-b27a-222e0099d4ce"
987381;"edad";"EGRESOS Y TRASLADOS";"Integer";"Regular";"";False;False;False;True;"Default";"Sum";"Consulta1 (987322)$EDAD (987381)";"Data";"edad";"";"0";True;"";"GroupOnValue";"";"";"";"7862d436-0de7-49d2-bc2a-7da0090eb9bc"
987382;"FECHA_INGRESO_INST";"EGRESOS Y TRASLADOS";"Date";"Regular";"";False;False;False;True;"Default";"None";"Consulta1 (987322)$FECHA INGRESO INST (987382)";"Data";"FECHA_INGRESO_INST";"";"General Date";True;"";"GroupOnValue";"";"";"";"ee3a4a76-20f5-4843-aaf0-af1e429fb918"
987390;"AINCONSEC";"EGRESOS Y TRASLADOS";"Integer";"Regular";"";False;False;False;True;"Default";"Sum";"Consulta1 (987322)$AINCONSEC (987390)";"Data";"AINCONSEC";"";"0";True;"";"GroupOnValue";"";"";"";"9911f299-aa22-485d-8d62-d622557532c8"
987391;"PACNUMDOC";"EGRESOS Y TRASLADOS";"Text";"Regular";"";False;False;False;True;"Default";"None";"Consulta1 (987322)$PACNUMDOC (987391)";"Data";"PACNUMDOC";"";"";True;"";"GroupOnValue";"";"";"";"89a28363-f312-4413-812a-fda87fedb537"
987392;"TERNOMCOM";"EGRESOS Y TRASLADOS";"Text";"Regular";"";False;False;False;True;"Default";"None";"Consulta1 (987322)$TERNOMCOM (987392)";"Data";"TERNOMCOM";"";"";True;"";"GroupOnValue";"";"";"";"71ff6664-f723-49d0-ad8b-fc9dee587e25"
987393;"PLAN_BENEFICIOS";"EGRESOS Y TRASLADOS";"Text";"Regular";"";False;False;False;True;"Default";"None";"Consulta1 (987322)$PLAN BENEFICIOS (987393)";"Data";"PLAN_BENEFICIOS";"";"";True;"";"GroupOnValue";"";"";"";"d8191cc2-f33a-4316-b96e-d2dc435a4299"
987394;"CODIGO";"EGRESOS Y TRASLADOS";"Text";"Regular";"";False;False;False;True;"Default";"None";"Consulta1 (987322)$CODIGO (987394)";"Data";"CODIGO";"";"";True;"";"GroupOnValue";"";"";"";"f15d4892-3809-45d8-81dd-6a96f7e50c41"
987395;"CIE10";"EGRESOS Y TRASLADOS";"Text";"Regular";"";False;False;False;True;"Default";"None";"Consulta1 (987322)$CIE10 (987395)";"Data";"CIE10";"";"";True;"";"GroupOnValue";"";"";"";"6eaa55eb-6c9b-4798-af23-724e6516e180"
987396;"CODCMD";"EGRESOS Y TRASLADOS";"Text";"Regular";"";False;False;False;True;"Default";"None";"Consulta1 (987322)$CODCMD (987396)";"Data";"CODCMD";"";"";True;"";"GroupOnValue";"";"";"";"0e6ab471-bb50-4b2f-897c-63681118f56d"
987397;"CMD";"EGRESOS Y TRASLADOS";"Text";"Regular";"";False;False;False;True;"Default";"None";"Consulta1 (987322)$CMD (987397)";"Data";"CMD";"";"";True;"";"GroupOnValue";"";"";"";"48d7e82e-6a35-43f2-9bdf-283e3e067d8e"
987398;"CODGRD";"EGRESOS Y TRASLADOS";"Text";"Regular";"";False;False;False;True;"Default";"None";"Consulta1 (987322)$CODGRD (987398)";"Data";"CODGRD";"";"";True;"";"GroupOnValue";"";"";"";"86e6b6e5-4971-4893-91ce-16e7185c3dbe"
987399;"GRD";"EGRESOS Y TRASLADOS";"Text";"Regular";"";False;False;False;True;"Default";"None";"Consulta1 (987322)$GRD (987399)";"Data";"GRD";"";"";True;"";"GroupOnValue";"";"";"";"bc2dd559-0548-4689-a40b-26d2d14a581d"
987400;"RN";"EGRESOS Y TRASLADOS";"Integer";"Regular";"";False;False;False;True;"Default";"Sum";"Consulta1 (987322)$RN (987400)";"Data";"RN";"";"0";True;"";"GroupOnValue";"";"";"";"b40cf7c1-6a9a-4c2e-a1a3-e439a3da1b33"
987401;"GDECODIGO";"EGRESOS Y TRASLADOS";"Text";"Regular";"";False;False;False;True;"Default";"None";"Consulta1 (987322)$GDECODIGO (987401)";"Data";"GDECODIGO";"";"";True;"";"GroupOnValue";"";"";"";"73890958-99eb-4732-8e51-9d6987c48e59"
987402;"MUNICIPIO";"EGRESOS Y TRASLADOS";"Text";"Regular";"";False;False;False;True;"Default";"None";"Consulta1 (987322)$MUNICIPIO (987402)";"Data";"MUNICIPIO";"";"";True;"";"GroupOnValue";"";"";"";"b939d3cc-93e6-47ce-8900-22d81e563225"
987403;"FECHA_EGRESO_FACTURACION";"EGRESOS Y TRASLADOS";"Date";"Regular";"";False;False;False;True;"Default";"None";"Consulta1 (987322)$FECHA EGRESO FACTURACION (987403)";"Data";"FECHA_EGRESO_FACTURACION";"";"General Date";True;"";"GroupOnValue";"";"";"";"e1d14788-9ec7-49e9-b006-dd712b5d6bed"
992287;"FECHA";"EGRESOS Y TRASLADOS";"Date";"Regular";"";False;False;False;True;"Default";"None";"Consulta1 (987322)$FECHA (992287)";"Data";"FECHA";"";"General Date";True;"";"GroupOnValue";"";"";"";"3abbe208-2876-4e7a-b60d-64056df4f2f4"
987326;"RowNumber-2662979B-1795-4F74-8F37-6A1BA8059B61";"LocalDateTable_058e66b7-704b-43f7-afc0-81a69284401d";"Integer";"RowNumber";"";True;True;True;False;"Default";"Default";"LocalDateTable 058e66b7 704b 43f7 afc0 81a69284401d (987325)$RowNumber 2662979B 1795 4F74 8F37 6A1BA8059B61 (987326)";"RowNumber";"RowNumber-2662979B-1795-4F74-8F37-6A1BA8059B61";"";"";True;"";"GroupOnValue";"";"";"";""
987351;"Date";"LocalDateTable_058e66b7-704b-43f7-afc0-81a69284401d";"Date";"PaddedDateTableDates";"";True;True;False;False;"Default";"None";"LocalDateTable 058e66b7 704b 43f7 afc0 81a69284401d (987325)$Date (987351)";"CalculatedTableColumn";"Date";"";"";True;"";"GroupOnValue";"";"";"";"7dc01c95-53ad-48cb-8f6d-2aadcf5ae252"
987352;"AÑO";"LocalDateTable_058e66b7-704b-43f7-afc0-81a69284401d";"Integer";"Years";"";True;False;False;True;"Default";"None";"LocalDateTable 058e66b7 704b 43f7 afc0 81a69284401d (987325)$Año (987352)";"Calculated";"";"YEAR([Date])";"";True;"";"GroupOnValue";"";"";"";"a68414e0-2010-4d0c-9be5-3b8b879b93fb"
987353;"NroMes";"LocalDateTable_058e66b7-704b-43f7-afc0-81a69284401d";"Integer";"MonthOfYear";"";True;False;False;True;"Default";"None";"LocalDateTable 058e66b7 704b 43f7 afc0 81a69284401d (987325)$NroMes (987353)";"Calculated";"";"MONTH([Date])";"";True;"";"GroupOnValue";"";"";"";"be5dbb41-e46a-4775-8b10-4eadef84bfec"
987354;"MES";"LocalDateTable_058e66b7-704b-43f7-afc0-81a69284401d";"Text";"Months";"";True;False;False;True;"Default";"None";"LocalDateTable 058e66b7 704b 43f7 afc0 81a69284401d (987325)$Mes (987354)";"Calculated";"";"FORMAT([Date], ""MMMM"")";"";True;"NroMes";"GroupOnValue";"";"";"";"b417eeb7-ee87-4e6b-89b8-f2ae43f5da4b"
987355;"NroTrimestre";"LocalDateTable_058e66b7-704b-43f7-afc0-81a69284401d";"Integer";"QuarterOfYear";"";True;False;False;True;"Default";"None";"LocalDateTable 058e66b7 704b 43f7 afc0 81a69284401d (987325)$NroTrimestre (987355)";"Calculated";"";"INT(([NroMes] + 2) / 3)";"";True;"";"GroupOnValue";"";"";"";"c6e60e7f-a6a8-44e6-b361-57252bdbdf71"
987356;"Trimestre";"LocalDateTable_058e66b7-704b-43f7-afc0-81a69284401d";"Text";"Quarters";"";True;False;False;True;"Default";"None";"LocalDateTable 058e66b7 704b 43f7 afc0 81a69284401d (987325)$Trimestre (987356)";"Calculated";"";"""Trim. "" & [NroTrimestre]";"";True;"NroTrimestre";"GroupOnValue";"";"";"";"893905a7-da99-45e2-a4d1-aab89c38182f"
987357;"Día";"LocalDateTable_058e66b7-704b-43f7-afc0-81a69284401d";"Integer";"DayOfMonth";"";True;False;False;True;"Default";"None";"LocalDateTable 058e66b7 704b 43f7 afc0 81a69284401d (987325)$Día (987357)";"Calculated";"";"DAY([Date])";"";True;"";"GroupOnValue";"";"";"";"c99b7a52-de68-46f4-81e1-ff0c036ef63d"
987329;"RowNumber-2662979B-1795-4F74-8F37-6A1BA8059B61";"LocalDateTable_9647f585-f449-495d-9e18-e8ff38b3c511";"Integer";"RowNumber";"";True;True;True;False;"Default";"Default";"LocalDateTable 9647f585 f449 495d 9e18 e8ff38b3c511 (987328)$RowNumber 2662979B 1795 4F74 8F37 6A1BA8059B61 (987329)";"RowNumber";"RowNumber-2662979B-1795-4F74-8F37-6A1BA8059B61";"";"";True;"";"GroupOnValue";"";"";"";""
987359;"Date";"LocalDateTable_9647f585-f449-495d-9e18-e8ff38b3c511";"Date";"PaddedDateTableDates";"";True;True;False;False;"Default";"None";"LocalDateTable 9647f585 f449 495d 9e18 e8ff38b3c511 (987328)$Date (987359)";"CalculatedTableColumn";"Date";"";"";True;"";"GroupOnValue";"";"";"";"3b3263f8-9e16-4cba-ab7b-f6aad35f3c83"
987360;"AÑO";"LocalDateTable_9647f585-f449-495d-9e18-e8ff38b3c511";"Integer";"Years";"";True;False;False;True;"Default";"None";"LocalDateTable 9647f585 f449 495d 9e18 e8ff38b3c511 (987328)$Año (987360)";"Calculated";"";"YEAR([Date])";"";True;"";"GroupOnValue";"";"";"";"8ad53c4b-696f-468f-b183-5ac379c9a730"
987361;"NroMes";"LocalDateTable_9647f585-f449-495d-9e18-e8ff38b3c511";"Integer";"MonthOfYear";"";True;False;False;True;"Default";"None";"LocalDateTable 9647f585 f449 495d 9e18 e8ff38b3c511 (987328)$NroMes (987361)";"Calculated";"";"MONTH([Date])";"";True;"";"GroupOnValue";"";"";"";"03b78a35-2842-4110-acbf-0bff57c4b127"
987362;"MES";"LocalDateTable_9647f585-f449-495d-9e18-e8ff38b3c511";"Text";"Months";"";True;False;False;True;"Default";"None";"LocalDateTable 9647f585 f449 495d 9e18 e8ff38b3c511 (987328)$Mes (987362)";"Calculated";"";"FORMAT([Date], ""MMMM"")";"";True;"NroMes";"GroupOnValue";"";"";"";"b7e144d4-9601-45b6-b7a4-209c01d9b572"
987363;"NroTrimestre";"LocalDateTable_9647f585-f449-495d-9e18-e8ff38b3c511";"Integer";"QuarterOfYear";"";True;False;False;True;"Default";"None";"LocalDateTable 9647f585 f449 495d 9e18 e8ff38b3c511 (987328)$NroTrimestre (987363)";"Calculated";"";"INT(([NroMes] + 2) / 3)";"";True;"";"GroupOnValue";"";"";"";"8b63a9ab-a26c-40c1-b902-40e855d6e4ca"
987364;"Trimestre";"LocalDateTable_9647f585-f449-495d-9e18-e8ff38b3c511";"Text";"Quarters";"";True;False;False;True;"Default";"None";"LocalDateTable 9647f585 f449 495d 9e18 e8ff38b3c511 (987328)$Trimestre (987364)";"Calculated";"";"""Trim. "" & [NroTrimestre]";"";True;"NroTrimestre";"GroupOnValue";"";"";"";"e4a5e726-9679-47bd-9d71-1d48e4639971"
987365;"Día";"LocalDateTable_9647f585-f449-495d-9e18-e8ff38b3c511";"Integer";"DayOfMonth";"";True;False;False;True;"Default";"None";"LocalDateTable 9647f585 f449 495d 9e18 e8ff38b3c511 (987328)$Día (987365)";"Calculated";"";"DAY([Date])";"";True;"";"GroupOnValue";"";"";"";"b1774dbd-50b5-400c-9234-a38fe5f1829e"
987335;"RowNumber-2662979B-1795-4F74-8F37-6A1BA8059B61";"LocalDateTable_ebeb447a-abfc-49d8-ac73-777acd3bb194";"Integer";"RowNumber";"";True;True;True;False;"Default";"Default";"LocalDateTable ebeb447a abfc 49d8 ac73 777acd3bb194 (987334)$RowNumber 2662979B 1795 4F74 8F37 6A1BA8059B61 (987335)";"RowNumber";"RowNumber-2662979B-1795-4F74-8F37-6A1BA8059B61";"";"";True;"";"GroupOnValue";"";"";"";""
987383;"Date";"LocalDateTable_ebeb447a-abfc-49d8-ac73-777acd3bb194";"Date";"PaddedDateTableDates";"";True;True;False;False;"Default";"None";"LocalDateTable ebeb447a abfc 49d8 ac73 777acd3bb194 (987334)$Date (987383)";"CalculatedTableColumn";"Date";"";"";True;"";"GroupOnValue";"";"";"";"2eebf61d-9036-411c-a97b-2c39bf1e2675"
987384;"AÑO";"LocalDateTable_ebeb447a-abfc-49d8-ac73-777acd3bb194";"Integer";"Years";"";True;False;False;True;"Default";"None";"LocalDateTable ebeb447a abfc 49d8 ac73 777acd3bb194 (987334)$Año (987384)";"Calculated";"";"YEAR([Date])";"";True;"";"GroupOnValue";"";"";"";"69a6fa82-861c-4452-89af-3973309179aa"
987385;"NroMes";"LocalDateTable_ebeb447a-abfc-49d8-ac73-777acd3bb194";"Integer";"MonthOfYear";"";True;False;False;True;"Default";"None";"LocalDateTable ebeb447a abfc 49d8 ac73 777acd3bb194 (987334)$NroMes (987385)";"Calculated";"";"MONTH([Date])";"";True;"";"GroupOnValue";"";"";"";"4392a717-9c50-477b-af59-b036cabb528a"
987386;"MES";"LocalDateTable_ebeb447a-abfc-49d8-ac73-777acd3bb194";"Text";"Months";"";True;False;False;True;"Default";"None";"LocalDateTable ebeb447a abfc 49d8 ac73 777acd3bb194 (987334)$Mes (987386)";"Calculated";"";"FORMAT([Date], ""MMMM"")";"";True;"NroMes";"GroupOnValue";"";"";"";"d2881c27-938e-4346-92af-917283087a38"
987387;"NroTrimestre";"LocalDateTable_ebeb447a-abfc-49d8-ac73-777acd3bb194";"Integer";"QuarterOfYear";"";True;False;False;True;"Default";"None";"LocalDateTable ebeb447a abfc 49d8 ac73 777acd3bb194 (987334)$NroTrimestre (987387)";"Calculated";"";"INT(([NroMes] + 2) / 3)";"";True;"";"GroupOnValue";"";"";"";"147c08fc-fa1e-400e-a1ef-6ae7b79e8e49"
987388;"Trimestre";"LocalDateTable_ebeb447a-abfc-49d8-ac73-777acd3bb194";"Text";"Quarters";"";True;False;False;True;"Default";"None";"LocalDateTable ebeb447a abfc 49d8 ac73 777acd3bb194 (987334)$Trimestre (987388)";"Calculated";"";"""Trim. "" & [NroTrimestre]";"";True;"NroTrimestre";"GroupOnValue";"";"";"";"db3300c6-d3e9-44b9-bfd0-1fdeaacb4ef2"
987389;"Día";"LocalDateTable_ebeb447a-abfc-49d8-ac73-777acd3bb194";"Integer";"DayOfMonth";"";True;False;False;True;"Default";"None";"LocalDateTable ebeb447a abfc 49d8 ac73 777acd3bb194 (987334)$Día (987389)";"Calculated";"";"DAY([Date])";"";True;"";"GroupOnValue";"";"";"";"34d33bd7-4449-46cb-9864-c493702587a9"
987338;"RowNumber-2662979B-1795-4F74-8F37-6A1BA8059B61";"LocalDateTable_a2cb25e7-e5bc-4aaf-bb69-620ba17c65a6";"Integer";"RowNumber";"";True;True;True;False;"Default";"Default";"LocalDateTable a2cb25e7 e5bc 4aaf bb69 620ba17c65a6 (987337)$RowNumber 2662979B 1795 4F74 8F37 6A1BA8059B61 (987338)";"RowNumber";"RowNumber-2662979B-1795-4F74-8F37-6A1BA8059B61";"";"";True;"";"GroupOnValue";"";"";"";""
987404;"Date";"LocalDateTable_a2cb25e7-e5bc-4aaf-bb69-620ba17c65a6";"Date";"PaddedDateTableDates";"";True;True;False;False;"Default";"None";"LocalDateTable a2cb25e7 e5bc 4aaf bb69 620ba17c65a6 (987337)$Date (987404)";"CalculatedTableColumn";"Date";"";"";True;"";"GroupOnValue";"";"";"";"fe8500c2-8199-4425-99dd-08913da578de"
987405;"AÑO";"LocalDateTable_a2cb25e7-e5bc-4aaf-bb69-620ba17c65a6";"Integer";"Years";"";True;False;False;True;"Default";"None";"LocalDateTable a2cb25e7 e5bc 4aaf bb69 620ba17c65a6 (987337)$Año (987405)";"Calculated";"";"YEAR([Date])";"";True;"";"GroupOnValue";"";"";"";"42b90347-7c4a-49c9-8f1b-4a9b4937feee"
987406;"NroMes";"LocalDateTable_a2cb25e7-e5bc-4aaf-bb69-620ba17c65a6";"Integer";"MonthOfYear";"";True;False;False;True;"Default";"None";"LocalDateTable a2cb25e7 e5bc 4aaf bb69 620ba17c65a6 (987337)$NroMes (987406)";"Calculated";"";"MONTH([Date])";"";True;"";"GroupOnValue";"";"";"";"36223827-a4aa-444e-acc0-43633a4bae87"
987407;"MES";"LocalDateTable_a2cb25e7-e5bc-4aaf-bb69-620ba17c65a6";"Text";"Months";"";True;False;False;True;"Default";"None";"LocalDateTable a2cb25e7 e5bc 4aaf bb69 620ba17c65a6 (987337)$Mes (987407)";"Calculated";"";"FORMAT([Date], ""MMMM"")";"";True;"NroMes";"GroupOnValue";"";"";"";"cd9bdf9c-dfe2-4c9e-b10a-53fc46e8503b"
987408;"NroTrimestre";"LocalDateTable_a2cb25e7-e5bc-4aaf-bb69-620ba17c65a6";"Integer";"QuarterOfYear";"";True;False;False;True;"Default";"None";"LocalDateTable a2cb25e7 e5bc 4aaf bb69 620ba17c65a6 (987337)$NroTrimestre (987408)";"Calculated";"";"INT(([NroMes] + 2) / 3)";"";True;"";"GroupOnValue";"";"";"";"1ca15667-c9ab-491e-8cc9-fa49dcc67a75"
987409;"Trimestre";"LocalDateTable_a2cb25e7-e5bc-4aaf-bb69-620ba17c65a6";"Text";"Quarters";"";True;False;False;True;"Default";"None";"LocalDateTable a2cb25e7 e5bc 4aaf bb69 620ba17c65a6 (987337)$Trimestre (987409)";"Calculated";"";"""Trim. "" & [NroTrimestre]";"";True;"NroTrimestre";"GroupOnValue";"";"";"";"d0110210-68fc-4bc9-a646-a0e1e39143e0"
987410;"Día";"LocalDateTable_a2cb25e7-e5bc-4aaf-bb69-620ba17c65a6";"Integer";"DayOfMonth";"";True;False;False;True;"Default";"None";"LocalDateTable a2cb25e7 e5bc 4aaf bb69 620ba17c65a6 (987337)$Día (987410)";"Calculated";"";"DAY([Date])";"";True;"";"GroupOnValue";"";"";"";"872868c1-3550-44cf-bdc2-b11b6f783853"
994332;"RowNumber-2662979B-1795-4F74-8F37-6A1BA8059B61";"LocalDateTable_4badb09a-ac87-4e70-9cc0-b28b4846f557";"Integer";"RowNumber";"";True;True;True;False;"Default";"Default";"LocalDateTable 4badb09a ac87 4e70 9cc0 b28b4846f557 (994331)$RowNumber 2662979B 1795 4F74 8F37 6A1BA8059B61 (994332)";"RowNumber";"RowNumber-2662979B-1795-4F74-8F37-6A1BA8059B61";"";"";True;"";"GroupOnValue";"";"";"";""
994336;"Date";"LocalDateTable_4badb09a-ac87-4e70-9cc0-b28b4846f557";"Date";"PaddedDateTableDates";"";True;True;False;False;"Default";"None";"LocalDateTable 4badb09a ac87 4e70 9cc0 b28b4846f557 (994331)$Date (994336)";"CalculatedTableColumn";"Date";"";"";True;"";"GroupOnValue";"";"";"";"5b213aa2-5cf3-4c28-b442-894b390d3307"
994337;"AÑO";"LocalDateTable_4badb09a-ac87-4e70-9cc0-b28b4846f557";"Integer";"Years";"";True;False;False;True;"Default";"None";"LocalDateTable 4badb09a ac87 4e70 9cc0 b28b4846f557 (994331)$Año (994337)";"Calculated";"";"YEAR([Date])";"";True;"";"GroupOnValue";"";"";"";"7c4d2648-0df5-4223-835c-10e1274d8e2d"
994338;"NroMes";"LocalDateTable_4badb09a-ac87-4e70-9cc0-b28b4846f557";"Integer";"MonthOfYear";"";True;False;False;True;"Default";"None";"LocalDateTable 4badb09a ac87 4e70 9cc0 b28b4846f557 (994331)$NroMes (994338)";"Calculated";"";"MONTH([Date])";"";True;"";"GroupOnValue";"";"";"";"06e0360e-bd80-48ad-b9ec-d9b9b8904108"
994339;"MES";"LocalDateTable_4badb09a-ac87-4e70-9cc0-b28b4846f557";"Text";"Months";"";True;False;False;True;"Default";"None";"LocalDateTable 4badb09a ac87 4e70 9cc0 b28b4846f557 (994331)$Mes (994339)";"Calculated";"";"FORMAT([Date], ""MMMM"")";"";True;"NroMes";"GroupOnValue";"";"";"";"ae839f29-8cd0-4edf-b00b-9abc3e010470"
994340;"NroTrimestre";"LocalDateTable_4badb09a-ac87-4e70-9cc0-b28b4846f557";"Integer";"QuarterOfYear";"";True;False;False;True;"Default";"None";"LocalDateTable 4badb09a ac87 4e70 9cc0 b28b4846f557 (994331)$NroTrimestre (994340)";"Calculated";"";"INT(([NroMes] + 2) / 3)";"";True;"";"GroupOnValue";"";"";"";"949049e6-dd8e-4905-9bc0-04e657b59abb"
994341;"Trimestre";"LocalDateTable_4badb09a-ac87-4e70-9cc0-b28b4846f557";"Text";"Quarters";"";True;False;False;True;"Default";"None";"LocalDateTable 4badb09a ac87 4e70 9cc0 b28b4846f557 (994331)$Trimestre (994341)";"Calculated";"";"""Trim. "" & [NroTrimestre]";"";True;"NroTrimestre";"GroupOnValue";"";"";"";"afe2ad84-ca28-4b45-be0d-783da91381bb"
994342;"Día";"LocalDateTable_4badb09a-ac87-4e70-9cc0-b28b4846f557";"Integer";"DayOfMonth";"";True;False;False;True;"Default";"None";"LocalDateTable 4badb09a ac87 4e70 9cc0 b28b4846f557 (994331)$Día (994342)";"Calculated";"";"DAY([Date])";"";True;"";"GroupOnValue";"";"";"";"cfa92c11-0bca-40a8-943e-d224da94b302"
1008502;"RowNumber-2662979B-1795-4F74-8F37-6A1BA8059B61";"LocalDateTable_e1c8162b-17d9-4679-af40-6d75f1093c7d";"Integer";"RowNumber";"";True;True;True;False;"Default";"Default";"LocalDateTable e1c8162b 17d9 4679 af40 6d75f1093c7d (1008501)$RowNumber 2662979B 1795 4F74 8F37 6A1BA8059B61 (1008502)";"RowNumber";"RowNumber-2662979B-1795-4F74-8F37-6A1BA8059B61";"";"";True;"";"GroupOnValue";"";"";"";""
1008510;"Date";"LocalDateTable_e1c8162b-17d9-4679-af40-6d75f1093c7d";"Date";"PaddedDateTableDates";"";True;True;False;False;"Default";"None";"LocalDateTable e1c8162b 17d9 4679 af40 6d75f1093c7d (1008501)$Date (1008510)";"CalculatedTableColumn";"Date";"";"";True;"";"GroupOnValue";"";"";"";"1e6ec7d4-fc01-4823-a523-bc948220d21b"
1008511;"AÑO";"LocalDateTable_e1c8162b-17d9-4679-af40-6d75f1093c7d";"Integer";"Years";"";True;False;False;True;"Default";"None";"LocalDateTable e1c8162b 17d9 4679 af40 6d75f1093c7d (1008501)$Año (1008511)";"Calculated";"";"YEAR([Date])";"";True;"";"GroupOnValue";"";"";"";"f4d6771f-36be-4f6b-bbba-4cdf592acfc7"
1008512;"NroMes";"LocalDateTable_e1c8162b-17d9-4679-af40-6d75f1093c7d";"Integer";"MonthOfYear";"";True;False;False;True;"Default";"None";"LocalDateTable e1c8162b 17d9 4679 af40 6d75f1093c7d (1008501)$NroMes (1008512)";"Calculated";"";"MONTH([Date])";"";True;"";"GroupOnValue";"";"";"";"61061365-3c55-4b32-9b39-e853a39204b2"
1008513;"MES";"LocalDateTable_e1c8162b-17d9-4679-af40-6d75f1093c7d";"Text";"Months";"";True;False;False;True;"Default";"None";"LocalDateTable e1c8162b 17d9 4679 af40 6d75f1093c7d (1008501)$Mes (1008513)";"Calculated";"";"FORMAT([Date], ""MMMM"")";"";True;"NroMes";"GroupOnValue";"";"";"";"b9069bf6-1bbb-4584-9ad4-94d4e33693fe"
1008514;"NroTrimestre";"LocalDateTable_e1c8162b-17d9-4679-af40-6d75f1093c7d";"Integer";"QuarterOfYear";"";True;False;False;True;"Default";"None";"LocalDateTable e1c8162b 17d9 4679 af40 6d75f1093c7d (1008501)$NroTrimestre (1008514)";"Calculated";"";"INT(([NroMes] + 2) / 3)";"";True;"";"GroupOnValue";"";"";"";"3ae34f63-1e70-441c-a713-1655a82817c3"
1008515;"Trimestre";"LocalDateTable_e1c8162b-17d9-4679-af40-6d75f1093c7d";"Text";"Quarters";"";True;False;False;True;"Default";"None";"LocalDateTable e1c8162b 17d9 4679 af40 6d75f1093c7d (1008501)$Trimestre (1008515)";"Calculated";"";"""Trim. "" & [NroTrimestre]";"";True;"NroTrimestre";"GroupOnValue";"";"";"";"9ebe81f0-1b9b-46b6-822d-e8cc129147e4"
1008516;"Día";"LocalDateTable_e1c8162b-17d9-4679-af40-6d75f1093c7d";"Integer";"DayOfMonth";"";True;False;False;True;"Default";"None";"LocalDateTable e1c8162b 17d9 4679 af40 6d75f1093c7d (1008501)$Día (1008516)";"Calculated";"";"DAY([Date])";"";True;"";"GroupOnValue";"";"";"";"30a75472-0955-46c2-8267-cbe024bf19f3"
1079097;"RowNumber-2662979B-1795-4F74-8F37-6A1BA8059B61";"LocalDateTable_eed84406-596f-42e6-87d0-2164af7ce37a";"Integer";"RowNumber";"";True;True;True;False;"Default";"Default";"LocalDateTable eed84406 596f 42e6 87d0 2164af7ce37a (1079096)$RowNumber 2662979B 1795 4F74 8F37 6A1BA8059B61 (1079097)";"RowNumber";"RowNumber-2662979B-1795-4F74-8F37-6A1BA8059B61";"";"";True;"";"GroupOnValue";"";"";"";""
1079100;"Date";"LocalDateTable_eed84406-596f-42e6-87d0-2164af7ce37a";"Date";"PaddedDateTableDates";"";True;True;False;False;"Default";"None";"LocalDateTable eed84406 596f 42e6 87d0 2164af7ce37a (1079096)$Date (1079100)";"CalculatedTableColumn";"Date";"";"";True;"";"GroupOnValue";"";"";"";"4436531b-12c6-4c35-b0ca-68ba7dfd2947"
1079101;"AÑO";"LocalDateTable_eed84406-596f-42e6-87d0-2164af7ce37a";"Integer";"Years";"";True;False;False;True;"Default";"None";"LocalDateTable eed84406 596f 42e6 87d0 2164af7ce37a (1079096)$Año (1079101)";"Calculated";"";"YEAR([Date])";"";True;"";"GroupOnValue";"";"";"";"09bdc48f-42b1-431e-94f9-70c5355c2c11"
1079102;"NroMes";"LocalDateTable_eed84406-596f-42e6-87d0-2164af7ce37a";"Integer";"MonthOfYear";"";True;False;False;True;"Default";"None";"LocalDateTable eed84406 596f 42e6 87d0 2164af7ce37a (1079096)$NroMes (1079102)";"Calculated";"";"MONTH([Date])";"";True;"";"GroupOnValue";"";"";"";"014ad5cd-21db-454c-8986-17ec5467de06"
1079103;"MES";"LocalDateTable_eed84406-596f-42e6-87d0-2164af7ce37a";"Text";"Months";"";True;False;False;True;"Default";"None";"LocalDateTable eed84406 596f 42e6 87d0 2164af7ce37a (1079096)$Mes (1079103)";"Calculated";"";"FORMAT([Date], ""MMMM"")";"";True;"NroMes";"GroupOnValue";"";"";"";"ef007e58-ff66-47b2-ba6c-cecc05fdf1da"
1079104;"NroTrimestre";"LocalDateTable_eed84406-596f-42e6-87d0-2164af7ce37a";"Integer";"QuarterOfYear";"";True;False;False;True;"Default";"None";"LocalDateTable eed84406 596f 42e6 87d0 2164af7ce37a (1079096)$NroTrimestre (1079104)";"Calculated";"";"INT(([NroMes] + 2) / 3)";"";True;"";"GroupOnValue";"";"";"";"90907642-2971-4111-86e7-95a20cb82b65"
1079105;"Trimestre";"LocalDateTable_eed84406-596f-42e6-87d0-2164af7ce37a";"Text";"Quarters";"";True;False;False;True;"Default";"None";"LocalDateTable eed84406 596f 42e6 87d0 2164af7ce37a (1079096)$Trimestre (1079105)";"Calculated";"";"""Trim. "" & [NroTrimestre]";"";True;"NroTrimestre";"GroupOnValue";"";"";"";"ecd64f5e-61c6-4ff6-992e-84379d2c1552"
1079106;"Día";"LocalDateTable_eed84406-596f-42e6-87d0-2164af7ce37a";"Integer";"DayOfMonth";"";True;False;False;True;"Default";"None";"LocalDateTable eed84406 596f 42e6 87d0 2164af7ce37a (1079096)$Día (1079106)";"Calculated";"";"DAY([Date])";"";True;"";"GroupOnValue";"";"";"";"321a815f-5f6d-44e9-b767-12512042751d"
1122948;"RowNumber-2662979B-1795-4F74-8F37-6A1BA8059B61";"MostrarProyeccion";"Integer";"RowNumber";"";True;True;True;False;"Default";"Default";"Tabla (1122947)$RowNumber 2662979B 1795 4F74 8F37 6A1BA8059B61 (1122948)";"RowNumber";"RowNumber-2662979B-1795-4F74-8F37-6A1BA8059B61";"";"";True;"";"GroupOnValue";"";"";"";""
1123361;"Opcion";"MostrarProyeccion";"Text";"Regular";"";False;False;False;True;"Default";"None";"Tabla (1122947)$Opcion (1123361)";"CalculatedTableColumn";"Opcion";"";"";True;"";"GroupOnValue";"";"";"";"120516e4-dd5d-4ba8-8d42-d5747371f57c"
1237154;"RowNumber-2662979B-1795-4F74-8F37-6A1BA8059B61";"ATENCIONES_IMAGENES";"Integer";"RowNumber";"";True;True;True;False;"Default";"Default";"ATENCIONES IMAGENES (1237153)$RowNumber 2662979B 1795 4F74 8F37 6A1BA8059B61 (1237154)";"RowNumber";"RowNumber-2662979B-1795-4F74-8F37-6A1BA8059B61";"";"";True;"";"GroupOnValue";"";"";"";""
1237183;"AÑO";"ATENCIONES_IMAGENES";"Integer";"Regular";"";False;False;False;True;"Default";"Sum";"ATENCIONES IMAGENES (1237153)$AÑO (1237183)";"Data";"AÑO";"";"0";True;"";"GroupOnValue";"";"";"";"f99f9d86-4856-47a0-b8c9-b33a47648c60"
1237184;"MES";"ATENCIONES_IMAGENES";"Text";"Regular";"";False;False;False;True;"Default";"None";"ATENCIONES IMAGENES (1237153)$MES (1237184)";"Data";"MES";"";"";True;"";"GroupOnValue";"";"";"";"fb8c15d7-a174-48fa-aa46-98c8ae4aada8"
1237185;"ATENCIONES IMAGENES";"ATENCIONES_IMAGENES";"Integer";"Regular";"";False;False;False;True;"Default";"Sum";"ATENCIONES IMAGENES (1237153)$ATENCIONES IMAGENES (1237185)";"Data";"ATENCIONES IMAGENES";"";"0";True;"";"GroupOnValue";"";"";"";"13c993cc-a166-408e-bd52-87f08d4dbe45"
1322453;"MES_NUMERO";"ATENCIONES_IMAGENES";"Integer";"Regular";"";False;False;False;True;"Default";"Sum";"ATENCIONES IMAGENES (1237153)$Columna (1322453)";"Calculated";"";"
SWITCH (
    TRUE(),
    ATENCIONES_IMAGENES[MES] = ""Enero"", 1,
    ATENCIONES_IMAGENES[MES] = ""Febrero"", 2,
    ATENCIONES_IMAGENES[MES] = ""Marzo"", 3,
    ATENCIONES_IMAGENES[MES] = ""Abril"", 4,
    ATENCIONES_IMAGENES[MES] = ""Mayo"", 5,
    ATENCIONES_IMAGENES[MES] = ""Junio"", 6,
    ATENCIONES_IMAGENES[MES] = ""Julio"", 7,
    ATENCIONES_IMAGENES[MES] = ""Agosto"", 8,
    ATENCIONES_IMAGENES[MES] = ""Septiembre"", 9,
    ATENCIONES_IMAGENES[MES] = ""Octubre"", 10,
    ATENCIONES_IMAGENES[MES] = ""Noviembre"", 11,
    ATENCIONES_IMAGENES[MES] = ""Diciembre"", 12
)
";"0";True;"";"GroupOnValue";"";"";"";"114ec0d1-0f87-42be-b91d-e7f56c83ff23"
1323312;"FECHA";"ATENCIONES_IMAGENES";"Text";"Regular";"";False;True;False;False;"Default";"None";"ATENCIONES IMAGENES (1237153)$Columna (1323312)";"Calculated";"";"FORMAT(DATE(ATENCIONES_IMAGENES[AÑO],ATENCIONES_IMAGENES[Mes_Numero],1),""DD-MM-YYYY"")";"";True;"";"GroupOnValue";"";"";"";"e1d5c92a-7647-4430-86a8-c63aa82a177a"
1237157;"RowNumber-2662979B-1795-4F74-8F37-6A1BA8059B61";"ATENCIONES_LABORATORIO";"Integer";"RowNumber";"";True;True;True;False;"Default";"Default";"ATENCIONES LABORATORIO (1237156)$RowNumber 2662979B 1795 4F74 8F37 6A1BA8059B61 (1237157)";"RowNumber";"RowNumber-2662979B-1795-4F74-8F37-6A1BA8059B61";"";"";True;"";"GroupOnValue";"";"";"";""
1237186;"AÑO";"ATENCIONES_LABORATORIO";"Integer";"Regular";"";False;False;False;True;"Default";"Sum";"ATENCIONES LABORATORIO (1237156)$AÑO (1237186)";"Data";"AÑO";"";"0";True;"";"GroupOnValue";"";"";"";"1bcfcf7d-e6d4-473b-972d-b9748d0b648e"
1237187;"MES";"ATENCIONES_LABORATORIO";"Text";"Regular";"";False;False;False;True;"Default";"None";"ATENCIONES LABORATORIO (1237156)$MES (1237187)";"Data";"MES";"";"";True;"";"GroupOnValue";"";"";"";"ebdaf1bc-c1e8-4c0c-bf7c-0fcf388e02fa"
1237188;"ATENCIONES LABORATORIO";"ATENCIONES_LABORATORIO";"Integer";"Regular";"";False;False;False;True;"Default";"Sum";"ATENCIONES LABORATORIO (1237156)$ATENCIONES LABORATORIO (1237188)";"Data";"ATENCIONES LABORATORIO";"";"0";True;"";"GroupOnValue";"";"";"";"9f90b571-9cc3-4a41-b8b9-55df788c3684"
1324178;"MES_NUMERO";"ATENCIONES_LABORATORIO";"Integer";"Regular";"";False;False;False;True;"Default";"Sum";"ATENCIONES LABORATORIO (1237156)$Columna (1324178)";"Calculated";"";"
SWITCH (
    TRUE(),
    ATENCIONES_LABORATORIO[MES] = ""Enero"", 1,
    ATENCIONES_LABORATORIO[MES] = ""Febrero"", 2,
    ATENCIONES_LABORATORIO[MES] = ""Marzo"", 3,
    ATENCIONES_LABORATORIO[MES] = ""Abril"", 4,
    ATENCIONES_LABORATORIO[MES] = ""Mayo"", 5,
    ATENCIONES_LABORATORIO[MES] = ""Junio"", 6,
    ATENCIONES_LABORATORIO[MES] = ""Julio"", 7,
    ATENCIONES_LABORATORIO[MES] = ""Agosto"", 8,
    ATENCIONES_LABORATORIO[MES] = ""Septiembre"", 9,
    ATENCIONES_LABORATORIO[MES] = ""Octubre"", 10,
    ATENCIONES_LABORATORIO[MES] = ""Noviembre"", 11,
    ATENCIONES_LABORATORIO[MES] = ""Diciembre"", 12
)
";"0";True;"";"GroupOnValue";"";"";"";"b340fcb6-4d26-4cf1-a3f6-bc5e598f9af8"
1325037;"FECHA";"ATENCIONES_LABORATORIO";"Text";"Regular";"";False;True;False;False;"Default";"None";"ATENCIONES LABORATORIO (1237156)$Columna (1325037)";"Calculated";"";"FORMAT(DATE(ATENCIONES_LABORATORIO[AÑO],ATENCIONES_LABORATORIO[Mes_Numero],1),""DD-MM-YYYY"")";"";True;"";"GroupOnValue";"";"";"";"f574c1f1-eaac-4751-9abf-a9f1dcb38858"
1237160;"RowNumber-2662979B-1795-4F74-8F37-6A1BA8059B61";"CIRUGIAS_ARC";"Integer";"RowNumber";"";True;True;True;False;"Default";"Default";"CIRUGIAS  2  (1237159)$RowNumber 2662979B 1795 4F74 8F37 6A1BA8059B61 (1237160)";"RowNumber";"RowNumber-2662979B-1795-4F74-8F37-6A1BA8059B61";"";"";True;"";"GroupOnValue";"";"";"";""
1237189;"AÑO";"CIRUGIAS_ARC";"Integer";"Regular";"";False;False;False;True;"Default";"Sum";"CIRUGIAS  2  (1237159)$AÑO (1237189)";"Data";"AÑO";"";"0";True;"";"GroupOnValue";"";"";"";"a1dd4361-4e59-4348-9309-8973be81ff96"
1237190;"MES";"CIRUGIAS_ARC";"Text";"Regular";"";False;False;False;True;"Default";"None";"CIRUGIAS  2  (1237159)$MES (1237190)";"Data";"MES";"";"";True;"";"GroupOnValue";"";"";"";"835e3a40-4602-482b-a19c-b93d39e93735"
1237191;"CIRUGIAS";"CIRUGIAS_ARC";"Integer";"Regular";"";False;False;False;True;"Default";"Sum";"CIRUGIAS  2  (1237159)$CIRUGIAS (1237191)";"Data";"CIRUGIAS";"";"0";True;"";"GroupOnValue";"";"";"";"3ad7d454-e8cf-431b-9558-efde4ff62da7"
1310853;"FECHA";"CIRUGIAS_ARC";"Date";"Regular";"";False;True;False;False;"Default";"None";"CIRUGIAS  2  (1237159)$Columna (1310853)";"Calculated";"";"FORMAT(DATE(CIRUGIAS_ARC[AÑO],CIRUGIAS_ARC[Mes_Numero],1),""DD-MM-YYYY"")";"Short Date";True;"";"GroupOnValue";"";"";"";"f5f4e349-d2d2-45d3-94c9-fcf72ca77e8b"
1311697;"MES_NUMERO";"CIRUGIAS_ARC";"Integer";"Regular";"";False;False;False;True;"Default";"Sum";"CIRUGIAS  2  (1237159)$Columna (1311697)";"Calculated";"";"
SWITCH (
    TRUE(),
    CIRUGIAS_ARC[MES] = ""Enero"", 1,
    CIRUGIAS_ARC[MES] = ""Febrero"", 2,
    CIRUGIAS_ARC[MES] = ""Marzo"", 3,
    CIRUGIAS_ARC[MES] = ""Abril"", 4,
    CIRUGIAS_ARC[MES] = ""Mayo"", 5,
    CIRUGIAS_ARC[MES] = ""Junio"", 6,
    CIRUGIAS_ARC[MES] = ""Julio"", 7,
    CIRUGIAS_ARC[MES] = ""Agosto"", 8,
    CIRUGIAS_ARC[MES] = ""Septiembre"", 9,
    CIRUGIAS_ARC[MES] = ""Octubre"", 10,
    CIRUGIAS_ARC[MES] = ""Noviembre"", 11,
    CIRUGIAS_ARC[MES] = ""Diciembre"", 12
)
";"0";True;"";"GroupOnValue";"";"";"";"57807337-3343-4687-aaae-8b0c89b8c218"
1237163;"RowNumber-2662979B-1795-4F74-8F37-6A1BA8059B61";"CONSULTA_AMBULATORIAS";"Integer";"RowNumber";"";True;True;True;False;"Default";"Default";"CONSULTA AMBULATORIAS (1237162)$RowNumber 2662979B 1795 4F74 8F37 6A1BA8059B61 (1237163)";"RowNumber";"RowNumber-2662979B-1795-4F74-8F37-6A1BA8059B61";"";"";True;"";"GroupOnValue";"";"";"";""
1237192;"AÑO";"CONSULTA_AMBULATORIAS";"Integer";"Regular";"";False;False;False;True;"Default";"Sum";"CONSULTA AMBULATORIAS (1237162)$AÑO (1237192)";"Data";"AÑO";"";"0";True;"";"GroupOnValue";"";"";"";"2f2f6bb3-4381-4008-9a56-63edce84963f"
1237193;"MES";"CONSULTA_AMBULATORIAS";"Text";"Regular";"";False;False;False;True;"Default";"None";"CONSULTA AMBULATORIAS (1237162)$MES (1237193)";"Data";"MES";"";"";True;"";"GroupOnValue";"";"";"";"5ef09169-d70a-42d9-82ae-5b94536f4fef"
1237194;"ATENCIONES AMBULATORIAS";"CONSULTA_AMBULATORIAS";"Integer";"Regular";"";False;False;False;True;"Default";"Sum";"CONSULTA AMBULATORIAS (1237162)$ATENCIONES AMBULATORIAS (1237194)";"Data";"ATENCIONES AMBULATORIAS";"";"0";True;"";"GroupOnValue";"";"";"";"de13d483-678f-4c98-9724-b172bbe3d5c0"
1320728;"MES_NUMERO";"CONSULTA_AMBULATORIAS";"Integer";"Regular";"";False;False;False;True;"Default";"Sum";"CONSULTA AMBULATORIAS (1237162)$Columna (1320728)";"Calculated";"";"
SWITCH (
    TRUE(),
    CONSULTA_AMBULATORIAS[MES] = ""Enero"", 1,
    CONSULTA_AMBULATORIAS[MES] = ""Febrero"", 2,
    CONSULTA_AMBULATORIAS[MES] = ""Marzo"", 3,
    CONSULTA_AMBULATORIAS[MES] = ""Abril"", 4,
    CONSULTA_AMBULATORIAS[MES] = ""Mayo"", 5,
    CONSULTA_AMBULATORIAS[MES] = ""Junio"", 6,
    CONSULTA_AMBULATORIAS[MES] = ""Julio"", 7,
    CONSULTA_AMBULATORIAS[MES] = ""Agosto"", 8,
    CONSULTA_AMBULATORIAS[MES] = ""Septiembre"", 9,
    CONSULTA_AMBULATORIAS[MES] = ""Octubre"", 10,
    CONSULTA_AMBULATORIAS[MES] = ""Noviembre"", 11,
    CONSULTA_AMBULATORIAS[MES] = ""Diciembre"", 12
)
";"0";True;"";"GroupOnValue";"";"";"";"3596e752-5215-4283-b352-bcfd489748b0"
1321587;"FECHA";"CONSULTA_AMBULATORIAS";"Date";"Regular";"";False;True;False;False;"Default";"None";"CONSULTA AMBULATORIAS (1237162)$Columna (1321587)";"Calculated";"";"FORMAT(DATE(CONSULTA_AMBULATORIAS[AÑO],CONSULTA_AMBULATORIAS[Mes_Numero],1),""DD-MM-YYYY"")";"Short Date";True;"";"GroupOnValue";"";"";"";"a41ec188-7549-4f47-b397-645927388edd"
1237166;"RowNumber-2662979B-1795-4F74-8F37-6A1BA8059B61";"EGRESOS";"Integer";"RowNumber";"";True;True;True;False;"Default";"Default";"EGRESOS (1237165)$RowNumber 2662979B 1795 4F74 8F37 6A1BA8059B61 (1237166)";"RowNumber";"RowNumber-2662979B-1795-4F74-8F37-6A1BA8059B61";"";"";True;"";"GroupOnValue";"";"";"";""
1237195;"AÑO";"EGRESOS";"Text";"Regular";"";False;False;False;True;"Default";"None";"EGRESOS (1237165)$AÑO (1237195)";"Data";"AÑO";"";"";True;"";"GroupOnValue";"";"";"";"875b8fb7-4e78-41cb-8f29-4bea30b8af82"
1237196;"MES";"EGRESOS";"Text";"Regular";"";False;False;False;True;"Default";"None";"EGRESOS (1237165)$MES (1237196)";"Data";"MES";"";"";True;"";"GroupOnValue";"";"";"";"2c21cd8d-671f-4c25-b132-2d278334e29b"
1237197;"EGRESOS";"EGRESOS";"Integer";"Regular";"";False;False;False;True;"Default";"Sum";"EGRESOS (1237165)$EGRESOS (1237197)";"Data";"EGRESOS";"";"0";True;"";"GroupOnValue";"";"";"";"e8f8d8a2-ebe1-4823-9d84-a4fa97ed0d49"
1240235;"FECHA";"EGRESOS";"Date";"Regular";"";False;True;False;False;"Default";"None";"EGRESOS (1237165)$Columna (1240235)";"Calculated";"";"FORMAT(DATE(EGRESOS[AÑO],EGRESOS[Mes_Numero],1),""DD-MM-YYYY"")";"Short Date";True;"";"GroupOnValue";"";"";"";"3701a90b-a768-4d65-9837-9d2d450e8a40"
1240995;"MES_NUMERO";"EGRESOS";"Integer";"Regular";"";False;False;False;True;"Default";"Sum";"EGRESOS (1237165)$Columna (1240995)";"Calculated";"";"
SWITCH (
    TRUE(),
    EGRESOS[MES] = ""Enero"", 1,
    EGRESOS[MES] = ""Febrero"", 2,
    EGRESOS[MES] = ""Marzo"", 3,
    EGRESOS[MES] = ""Abril"", 4,
    EGRESOS[MES] = ""Mayo"", 5,
    EGRESOS[MES] = ""Junio"", 6,
    EGRESOS[MES] = ""Julio"", 7,
    EGRESOS[MES] = ""Agosto"", 8,
    EGRESOS[MES] = ""Septiembre"", 9,
    EGRESOS[MES] = ""Octubre"", 10,
    EGRESOS[MES] = ""Noviembre"", 11,
    EGRESOS[MES] = ""Diciembre"", 12
)
";"0";True;"";"GroupOnValue";"";"";"";"05968bf8-bca2-4faa-801e-a2ad43091fe1"
1237169;"RowNumber-2662979B-1795-4F74-8F37-6A1BA8059B61";"EGRESOS_GINECO";"Integer";"RowNumber";"";True;True;True;False;"Default";"Default";"EGRESOS GINECO (1237168)$RowNumber 2662979B 1795 4F74 8F37 6A1BA8059B61 (1237169)";"RowNumber";"RowNumber-2662979B-1795-4F74-8F37-6A1BA8059B61";"";"";True;"";"GroupOnValue";"";"";"";""
1237198;"AÑO";"EGRESOS_GINECO";"Integer";"Regular";"";False;False;False;True;"Default";"Sum";"EGRESOS GINECO (1237168)$AÑO (1237198)";"Data";"AÑO";"";"0";True;"";"GroupOnValue";"";"";"";"0ef59b5e-f492-4165-a254-9f01d5632f9b"
1237199;"MES";"EGRESOS_GINECO";"Text";"Regular";"";False;False;False;True;"Default";"None";"EGRESOS GINECO (1237168)$MES (1237199)";"Data";"MES";"";"";True;"";"GroupOnValue";"";"";"";"6cf72071-77e6-43d6-9fb3-16bfe556fe18"
1237200;"EGRESOS GINECO";"EGRESOS_GINECO";"Integer";"Regular";"";False;False;False;True;"Default";"Sum";"EGRESOS GINECO (1237168)$EGRESOS GINECO (1237200)";"Data";"EGRESOS GINECO";"";"0";True;"";"GroupOnValue";"";"";"";"7aaac9ab-b8ce-4018-8db2-aeb606d983a0"
1316434;"MES_NUMERO";"EGRESOS_GINECO";"Integer";"Regular";"";False;False;False;True;"Default";"Sum";"EGRESOS GINECO (1237168)$Columna (1316434)";"Calculated";"";"
SWITCH (
    TRUE(),
    EGRESOS_GINECO[MES] = ""Enero"", 1,
    EGRESOS_GINECO[MES] = ""Febrero"", 2,
    EGRESOS_GINECO[MES] = ""Marzo"", 3,
    EGRESOS_GINECO[MES] = ""Abril"", 4,
    EGRESOS_GINECO[MES] = ""Mayo"", 5,
    EGRESOS_GINECO[MES] = ""Junio"", 6,
    EGRESOS_GINECO[MES] = ""Julio"", 7,
    EGRESOS_GINECO[MES] = ""Agosto"", 8,
    EGRESOS_GINECO[MES] = ""Septiembre"", 9,
    EGRESOS_GINECO[MES] = ""Octubre"", 10,
    EGRESOS_GINECO[MES] = ""Noviembre"", 11,
    EGRESOS_GINECO[MES] = ""Diciembre"", 12
)
";"0";True;"";"GroupOnValue";"";"";"";"52c755a8-b432-47c4-b04c-b209784d8c98"
1318137;"FECHA";"EGRESOS_GINECO";"Date";"Regular";"";False;True;False;False;"Default";"None";"EGRESOS GINECO (1237168)$Columna (1318137)";"Calculated";"";"FORMAT(DATE(EGRESOS_GINECO[AÑO],EGRESOS_GINECO[Mes_Numero],1),""DD-MM-YYYY"")";"Short Date";True;"";"GroupOnValue";"";"";"";"09846e7b-1860-40a5-a9ca-2b6b35f975dd"
1237172;"RowNumber-2662979B-1795-4F74-8F37-6A1BA8059B61";"EGRESOS_NEONATOS";"Integer";"RowNumber";"";True;True;True;False;"Default";"Default";"EGRESOS NEONATOS (1237171)$RowNumber 2662979B 1795 4F74 8F37 6A1BA8059B61 (1237172)";"RowNumber";"RowNumber-2662979B-1795-4F74-8F37-6A1BA8059B61";"";"";True;"";"GroupOnValue";"";"";"";""
1237201;"AÑO";"EGRESOS_NEONATOS";"Integer";"Regular";"";False;False;False;True;"Default";"Sum";"EGRESOS NEONATOS (1237171)$AÑO (1237201)";"Data";"AÑO";"";"0";True;"";"GroupOnValue";"";"";"";"637bf108-ff51-4939-ad2b-61097531c578"
1237202;"MES";"EGRESOS_NEONATOS";"Text";"Regular";"";False;False;False;True;"Default";"None";"EGRESOS NEONATOS (1237171)$MES (1237202)";"Data";"MES";"";"";True;"";"GroupOnValue";"";"";"";"3cd19412-a617-4ea6-82d3-1782f53d28ba"
1237203;"EGRESOS NEONATOS";"EGRESOS_NEONATOS";"Integer";"Regular";"";False;False;False;True;"Default";"Sum";"EGRESOS NEONATOS (1237171)$EGRESOS NEONATOS (1237203)";"Data";"EGRESOS NEONATOS";"";"0";True;"";"GroupOnValue";"";"";"";"1d306b7c-0951-4716-8ea5-cbe0fbe93f0e"
1319003;"MES_NUMERO";"EGRESOS_NEONATOS";"Integer";"Regular";"";False;False;False;True;"Default";"Sum";"EGRESOS NEONATOS (1237171)$Columna (1319003)";"Calculated";"";"
SWITCH (
    TRUE(),
    EGRESOS_NEONATOS[MES] = ""Enero"", 1,
    EGRESOS_NEONATOS[MES] = ""Febrero"", 2,
    EGRESOS_NEONATOS[MES] = ""Marzo"", 3,
    EGRESOS_NEONATOS[MES] = ""Abril"", 4,
    EGRESOS_NEONATOS[MES] = ""Mayo"", 5,
    EGRESOS_NEONATOS[MES] = ""Junio"", 6,
    EGRESOS_NEONATOS[MES] = ""Julio"", 7,
    EGRESOS_NEONATOS[MES] = ""Agosto"", 8,
    EGRESOS_NEONATOS[MES] = ""Septiembre"", 9,
    EGRESOS_NEONATOS[MES] = ""Octubre"", 10,
    EGRESOS_NEONATOS[MES] = ""Noviembre"", 11,
    EGRESOS_NEONATOS[MES] = ""Diciembre"", 12
)
";"0";True;"";"GroupOnValue";"";"";"";"9d42276e-060e-4a15-98a9-684ea72b13b1"
1319862;"FECHA";"EGRESOS_NEONATOS";"Date";"Regular";"";False;True;False;False;"Default";"None";"EGRESOS NEONATOS (1237171)$Columna (1319862)";"Calculated";"";"FORMAT(DATE(EGRESOS_NEONATOS[AÑO],EGRESOS_NEONATOS[Mes_Numero],1),""DD-MM-YYYY"")";"Short Date";True;"";"GroupOnValue";"";"";"";"5e85d9bc-c9ed-4165-b6ed-0dc378166923"
1237175;"RowNumber-2662979B-1795-4F74-8F37-6A1BA8059B61";"EGRESOS_UCI";"Integer";"RowNumber";"";True;True;True;False;"Default";"Default";"EGRESOS UCI (1237174)$RowNumber 2662979B 1795 4F74 8F37 6A1BA8059B61 (1237175)";"RowNumber";"RowNumber-2662979B-1795-4F74-8F37-6A1BA8059B61";"";"";True;"";"GroupOnValue";"";"";"";""
1237204;"AÑO";"EGRESOS_UCI";"Integer";"Regular";"";False;False;False;True;"Default";"Sum";"EGRESOS UCI (1237174)$AÑO (1237204)";"Data";"AÑO";"";"0";True;"";"GroupOnValue";"";"";"";"9f5b3880-383b-46cd-b7ab-5baee2bea89f"
1237205;"MES";"EGRESOS_UCI";"Text";"Regular";"";False;False;False;True;"Default";"None";"EGRESOS UCI (1237174)$MES (1237205)";"Data";"MES";"";"";True;"";"GroupOnValue";"";"";"";"4c05a044-caf3-4b6e-9df6-2be504fc0209"
1237206;"EGRESOS UCI";"EGRESOS_UCI";"Integer";"Regular";"";False;False;False;True;"Default";"Sum";"EGRESOS UCI (1237174)$EGRESOS UCI (1237206)";"Data";"EGRESOS UCI";"";"0";True;"";"GroupOnValue";"";"";"";"bafd1beb-91c5-48c2-88a8-31c6d3a22d4d"
1314709;"MES_NUMERO";"EGRESOS_UCI";"Integer";"Regular";"";False;False;False;True;"Default";"Sum";"EGRESOS UCI (1237174)$Columna (1314709)";"Calculated";"";"
SWITCH (
    TRUE(),
    EGRESOS_UCI[MES] = ""Enero"", 1,
    EGRESOS_UCI[MES] = ""Febrero"", 2,
    EGRESOS_UCI[MES] = ""Marzo"", 3,
    EGRESOS_UCI[MES] = ""Abril"", 4,
    EGRESOS_UCI[MES] = ""Mayo"", 5,
    EGRESOS_UCI[MES] = ""Junio"", 6,
    EGRESOS_UCI[MES] = ""Julio"", 7,
    EGRESOS_UCI[MES] = ""Agosto"", 8,
    EGRESOS_UCI[MES] = ""Septiembre"", 9,
    EGRESOS_UCI[MES] = ""Octubre"", 10,
    EGRESOS_UCI[MES] = ""Noviembre"", 11,
    EGRESOS_UCI[MES] = ""Diciembre"", 12
)
";"0";True;"";"GroupOnValue";"";"";"";"a1cb0ac8-500f-426e-a234-136037ead5ad"
1315568;"FECHA";"EGRESOS_UCI";"Date";"Regular";"";False;True;False;False;"Default";"None";"EGRESOS UCI (1237174)$Columna (1315568)";"Calculated";"";"FORMAT(DATE(EGRESOS_UCI[AÑO],EGRESOS_UCI[Mes_Numero],1),""DD-MM-YYYY"")";"Short Date";True;"";"GroupOnValue";"";"";"";"7e831d1a-6548-4717-9fdd-89086a3ac8d1"
1237178;"RowNumber-2662979B-1795-4F74-8F37-6A1BA8059B61";"EGRESOS_URGENCIAS";"Integer";"RowNumber";"";True;True;True;False;"Default";"Default";"EGRESOS URGENCIAS (1237177)$RowNumber 2662979B 1795 4F74 8F37 6A1BA8059B61 (1237178)";"RowNumber";"RowNumber-2662979B-1795-4F74-8F37-6A1BA8059B61";"";"";True;"";"GroupOnValue";"";"";"";""
1237207;"AÑO";"EGRESOS_URGENCIAS";"Integer";"Regular";"";False;False;False;True;"Default";"Sum";"EGRESOS URGENCIAS (1237177)$AÑO (1237207)";"Data";"AÑO";"";"0";True;"";"GroupOnValue";"";"";"";"62e055d3-3aba-44ba-86a3-27ffd562602d"
1237208;"MES";"EGRESOS_URGENCIAS";"Text";"Regular";"";False;False;False;True;"Default";"None";"EGRESOS URGENCIAS (1237177)$MES (1237208)";"Data";"MES";"";"";True;"";"GroupOnValue";"";"";"";"dbfe0ab2-085d-464c-97e4-8ccf882fdf75"
1237209;"EGRESOS URGENCIAS";"EGRESOS_URGENCIAS";"Integer";"Regular";"";False;False;False;True;"Default";"Sum";"EGRESOS URGENCIAS (1237177)$EGRESOS URGENCIAS (1237209)";"Data";"EGRESOS URGENCIAS";"";"0";True;"";"GroupOnValue";"";"";"";"cdae7ce2-3e6e-44f7-9195-6e0ace89ce0b"
1312984;"MES_NUMERO";"EGRESOS_URGENCIAS";"Integer";"Regular";"";False;False;False;True;"Default";"Sum";"EGRESOS URGENCIAS (1237177)$Columna (1312984)";"Calculated";"";"
SWITCH (
    TRUE(),
    EGRESOS_URGENCIAS[MES] = ""Enero"", 1,
    EGRESOS_URGENCIAS[MES] = ""Febrero"", 2,
    EGRESOS_URGENCIAS[MES] = ""Marzo"", 3,
    EGRESOS_URGENCIAS[MES] = ""Abril"", 4,
    EGRESOS_URGENCIAS[MES] = ""Mayo"", 5,
    EGRESOS_URGENCIAS[MES] = ""Junio"", 6,
    EGRESOS_URGENCIAS[MES] = ""Julio"", 7,
    EGRESOS_URGENCIAS[MES] = ""Agosto"", 8,
    EGRESOS_URGENCIAS[MES] = ""Septiembre"", 9,
    EGRESOS_URGENCIAS[MES] = ""Octubre"", 10,
    EGRESOS_URGENCIAS[MES] = ""Noviembre"", 11,
    EGRESOS_URGENCIAS[MES] = ""Diciembre"", 12
)
";"0";True;"";"GroupOnValue";"";"";"";"293540f2-99b2-4a55-baf0-c0a18e19bdea"
1313843;"FECHA";"EGRESOS_URGENCIAS";"Date";"Regular";"";False;True;False;False;"Default";"None";"EGRESOS URGENCIAS (1237177)$Columna (1313843)";"Calculated";"";"FORMAT(DATE(EGRESOS_URGENCIAS[AÑO],EGRESOS_URGENCIAS[Mes_Numero],1),""DD-MM-YYYY"")";"Short Date";True;"";"GroupOnValue";"";"";"";"e35e6a03-a498-40a8-b630-71c1fd3e1042"
1237181;"RowNumber-2662979B-1795-4F74-8F37-6A1BA8059B61";"Hoja1";"Integer";"RowNumber";"";True;True;True;False;"Default";"Default";"Hoja1 (1237180)$RowNumber 2662979B 1795 4F74 8F37 6A1BA8059B61 (1237181)";"RowNumber";"RowNumber-2662979B-1795-4F74-8F37-6A1BA8059B61";"";"";True;"";"GroupOnValue";"";"";"";""
1237210;"AÑO";"Hoja1";"Integer";"Regular";"";False;False;False;True;"Default";"Sum";"Hoja1 (1237180)$AÑO (1237210)";"Data";"AÑO";"";"0";True;"";"GroupOnValue";"";"";"";"a450fd9d-6254-41d3-b751-7cfc423cc236"
1237211;"MES";"Hoja1";"Text";"Regular";"";False;False;False;True;"Default";"None";"Hoja1 (1237180)$MES (1237211)";"Data";"MES";"";"";True;"";"GroupOnValue";"";"";"";"b906bd3c-039c-43c1-90cb-033741812aad"
1237212;"EGRESOS";"Hoja1";"Integer";"Regular";"";False;False;False;True;"Default";"Sum";"Hoja1 (1237180)$EGRESOS (1237212)";"Data";"EGRESOS";"";"0";True;"";"GroupOnValue";"";"";"";"a5dde604-6f38-48b6-be10-d625ab86ea50"
1237213;"Column4";"Hoja1";"Text";"Regular";"";False;False;False;True;"Default";"None";"Hoja1 (1237180)$Column4 (1237213)";"Data";"Column4";"";"";True;"";"GroupOnValue";"";"";"";"01ecfef8-9c48-4007-b841-44736da8d519"
1237214;"AÑO_1";"Hoja1";"Integer";"Regular";"";False;False;False;True;"Default";"Sum";"Hoja1 (1237180)$AÑO 1 (1237214)";"Data";"AÑO_1";"";"0";True;"";"GroupOnValue";"";"";"";"3c11cfb7-ddb2-453d-8224-8d6b4a07cb1f"
1237215;"MES_2";"Hoja1";"Text";"Regular";"";False;False;False;True;"Default";"None";"Hoja1 (1237180)$MES 2 (1237215)";"Data";"MES_2";"";"";True;"";"GroupOnValue";"";"";"";"9fb8d602-310a-40b5-b7c1-a1252f556642"
1237216;"CIRUGIAS";"Hoja1";"Integer";"Regular";"";False;False;False;True;"Default";"Sum";"Hoja1 (1237180)$CIRUGIAS (1237216)";"Data";"CIRUGIAS";"";"0";True;"";"GroupOnValue";"";"";"";"97cab7e6-bb37-433b-a0fe-2bcb96febe7f"
1237217;"Column8";"Hoja1";"Text";"Regular";"";False;False;False;True;"Default";"None";"Hoja1 (1237180)$Column8 (1237217)";"Data";"Column8";"";"";True;"";"GroupOnValue";"";"";"";"1d48fa11-2214-4c36-a879-4a76a495b455"
1237218;"AÑO_3";"Hoja1";"Integer";"Regular";"";False;False;False;True;"Default";"Sum";"Hoja1 (1237180)$AÑO 3 (1237218)";"Data";"AÑO_3";"";"0";True;"";"GroupOnValue";"";"";"";"0d36303e-65dd-4ba6-b698-df8cf7041555"
1237219;"MES_4";"Hoja1";"Text";"Regular";"";False;False;False;True;"Default";"None";"Hoja1 (1237180)$MES 4 (1237219)";"Data";"MES_4";"";"";True;"";"GroupOnValue";"";"";"";"4f24e685-61a7-4161-b2c0-f8005bea37d2"
1237220;"EGRESOS URGENCIAS";"Hoja1";"Integer";"Regular";"";False;False;False;True;"Default";"Sum";"Hoja1 (1237180)$EGRESOS URGENCIAS (1237220)";"Data";"EGRESOS URGENCIAS";"";"0";True;"";"GroupOnValue";"";"";"";"67385bd8-c1fa-481e-9052-452d3cb8782a"
1237221;"Column12";"Hoja1";"Text";"Regular";"";False;False;False;True;"Default";"None";"Hoja1 (1237180)$Column12 (1237221)";"Data";"Column12";"";"";True;"";"GroupOnValue";"";"";"";"16513b57-2b13-4a17-9a9c-46eead0b5790"
1237222;"AÑO_5";"Hoja1";"Integer";"Regular";"";False;False;False;True;"Default";"Sum";"Hoja1 (1237180)$AÑO 5 (1237222)";"Data";"AÑO_5";"";"0";True;"";"GroupOnValue";"";"";"";"a30d1ea1-81ad-4e92-afa7-574abf071afe"
1237223;"MES_6";"Hoja1";"Text";"Regular";"";False;False;False;True;"Default";"None";"Hoja1 (1237180)$MES 6 (1237223)";"Data";"MES_6";"";"";True;"";"GroupOnValue";"";"";"";"3d0f6af5-eb98-422a-9c7b-e73ee2e600bf"
1237224;"EGRESOS UCI";"Hoja1";"Integer";"Regular";"";False;False;False;True;"Default";"Sum";"Hoja1 (1237180)$EGRESOS UCI (1237224)";"Data";"EGRESOS UCI";"";"0";True;"";"GroupOnValue";"";"";"";"1b430a83-93bc-4098-8963-4e0028a10418"
1237225;"Column16";"Hoja1";"Text";"Regular";"";False;False;False;True;"Default";"None";"Hoja1 (1237180)$Column16 (1237225)";"Data";"Column16";"";"";True;"";"GroupOnValue";"";"";"";"ced8b4db-7f7c-45c7-ae79-ae6ccfcbd2b7"
1237226;"AÑO_7";"Hoja1";"Integer";"Regular";"";False;False;False;True;"Default";"Sum";"Hoja1 (1237180)$AÑO 7 (1237226)";"Data";"AÑO_7";"";"0";True;"";"GroupOnValue";"";"";"";"cdc7fa65-5d6b-4bab-9d6c-e7c910bf47db"
1237227;"MES_8";"Hoja1";"Text";"Regular";"";False;False;False;True;"Default";"None";"Hoja1 (1237180)$MES 8 (1237227)";"Data";"MES_8";"";"";True;"";"GroupOnValue";"";"";"";"a1bb8a5d-3fca-4062-bc3c-ba9a86ab64e8"
1237228;"EGRESOS GINECO";"Hoja1";"Integer";"Regular";"";False;False;False;True;"Default";"Sum";"Hoja1 (1237180)$EGRESOS GINECO (1237228)";"Data";"EGRESOS GINECO";"";"0";True;"";"GroupOnValue";"";"";"";"c8e73f96-5097-437e-966f-2c5754023dc1"
1237229;"Column20";"Hoja1";"Text";"Regular";"";False;False;False;True;"Default";"None";"Hoja1 (1237180)$Column20 (1237229)";"Data";"Column20";"";"";True;"";"GroupOnValue";"";"";"";"2bff29c8-0298-410b-a980-e4e1ec9a2f70"
1237230;"AÑO_9";"Hoja1";"Integer";"Regular";"";False;False;False;True;"Default";"Sum";"Hoja1 (1237180)$AÑO 9 (1237230)";"Data";"AÑO_9";"";"0";True;"";"GroupOnValue";"";"";"";"aa0c973d-2bc8-40b0-97d1-50cc7f211def"
1237231;"MES_10";"Hoja1";"Text";"Regular";"";False;False;False;True;"Default";"None";"Hoja1 (1237180)$MES 10 (1237231)";"Data";"MES_10";"";"";True;"";"GroupOnValue";"";"";"";"31aca6c7-2112-4366-8bea-77000f265d77"
1237232;"EGRESOS NEONATOS";"Hoja1";"Integer";"Regular";"";False;False;False;True;"Default";"Sum";"Hoja1 (1237180)$EGRESOS NEONATOS (1237232)";"Data";"EGRESOS NEONATOS";"";"0";True;"";"GroupOnValue";"";"";"";"761122ee-4688-49ac-bf4c-aa369801df89"
1237233;"Column24";"Hoja1";"Text";"Regular";"";False;False;False;True;"Default";"None";"Hoja1 (1237180)$Column24 (1237233)";"Data";"Column24";"";"";True;"";"GroupOnValue";"";"";"";"d5d0f777-9a7e-4574-8733-6044e8ae00eb"
1237234;"AÑO_11";"Hoja1";"Integer";"Regular";"";False;False;False;True;"Default";"Sum";"Hoja1 (1237180)$AÑO 11 (1237234)";"Data";"AÑO_11";"";"0";True;"";"GroupOnValue";"";"";"";"da70cd70-806a-4543-994a-540b56489efd"
1237235;"MES_12";"Hoja1";"Text";"Regular";"";False;False;False;True;"Default";"None";"Hoja1 (1237180)$MES 12 (1237235)";"Data";"MES_12";"";"";True;"";"GroupOnValue";"";"";"";"ff56a9a7-aa66-456d-88cb-7f04d81701bc"
1237236;"ATENCIONES AMBULATORIAS";"Hoja1";"Integer";"Regular";"";False;False;False;True;"Default";"Sum";"Hoja1 (1237180)$ATENCIONES AMBULATORIAS (1237236)";"Data";"ATENCIONES AMBULATORIAS";"";"0";True;"";"GroupOnValue";"";"";"";"ccb9fa95-f779-46da-8342-05830fc78dbc"
1237237;"Column28";"Hoja1";"Text";"Regular";"";False;False;False;True;"Default";"None";"Hoja1 (1237180)$Column28 (1237237)";"Data";"Column28";"";"";True;"";"GroupOnValue";"";"";"";"3ce8ed6b-9bf2-4081-99a5-9406b06a65da"
1237238;"AÑO_13";"Hoja1";"Integer";"Regular";"";False;False;False;True;"Default";"Sum";"Hoja1 (1237180)$AÑO 13 (1237238)";"Data";"AÑO_13";"";"0";True;"";"GroupOnValue";"";"";"";"2a3283f7-06a4-4d86-b170-3e18f54234ac"
1237239;"MES_14";"Hoja1";"Text";"Regular";"";False;False;False;True;"Default";"None";"Hoja1 (1237180)$MES 14 (1237239)";"Data";"MES_14";"";"";True;"";"GroupOnValue";"";"";"";"4c5532da-633a-40ca-8b73-0fa32c38f0f8"
1237240;"ATENCIONES IMAGENES";"Hoja1";"Integer";"Regular";"";False;False;False;True;"Default";"Sum";"Hoja1 (1237180)$ATENCIONES IMAGENES (1237240)";"Data";"ATENCIONES IMAGENES";"";"0";True;"";"GroupOnValue";"";"";"";"5aea2a83-3d12-4c97-ad89-0cda3f842134"
1237241;"Column32";"Hoja1";"Text";"Regular";"";False;False;False;True;"Default";"None";"Hoja1 (1237180)$Column32 (1237241)";"Data";"Column32";"";"";True;"";"GroupOnValue";"";"";"";"7b713bb5-a4db-4ae0-b036-c55b2ffc2f76"
1237242;"AÑO_15";"Hoja1";"Integer";"Regular";"";False;False;False;True;"Default";"Sum";"Hoja1 (1237180)$AÑO 15 (1237242)";"Data";"AÑO_15";"";"0";True;"";"GroupOnValue";"";"";"";"f31c9293-8520-4a8e-82a8-9bd11e8b0401"
1237243;"MES_16";"Hoja1";"Text";"Regular";"";False;False;False;True;"Default";"None";"Hoja1 (1237180)$MES 16 (1237243)";"Data";"MES_16";"";"";True;"";"GroupOnValue";"";"";"";"32da27e7-c6bc-4566-8d30-8815630a40d4"
1237244;"ATENCIONES LABORATORIO";"Hoja1";"Integer";"Regular";"";False;False;False;True;"Default";"Sum";"Hoja1 (1237180)$ATENCIONES LABORATORIO (1237244)";"Data";"ATENCIONES LABORATORIO";"";"0";True;"";"GroupOnValue";"";"";"";"bf6e747e-97bc-4631-9945-6f29c9d2e8a4"
1386392;"RowNumber-2662979B-1795-4F74-8F37-6A1BA8059B61";"CONSULTAS PRIORITARIAS";"Integer";"RowNumber";"";True;True;True;False;"Default";"Default";"Consulta1 (1386391)$RowNumber 2662979B 1795 4F74 8F37 6A1BA8059B61 (1386392)";"RowNumber";"RowNumber-2662979B-1795-4F74-8F37-6A1BA8059B61";"";"";True;"";"GroupOnValue";"";"";"";""
1386402;"ASEGURADOR";"CONSULTAS PRIORITARIAS";"Text";"Regular";"";False;False;False;True;"Default";"None";"Consulta1 (1386391)$ASEGURADOR (1386402)";"Data";"ASEGURADOR";"";"";True;"";"GroupOnValue";"";"";"";"ec2d5ff4-1257-4e81-a4e4-6dce1d96dabc"
1386403;"ESPECIALIDAD";"CONSULTAS PRIORITARIAS";"Text";"Regular";"";False;False;False;True;"Default";"None";"Consulta1 (1386391)$ESPECIALIDAD (1386403)";"Data";"ESPECIALIDAD";"";"";True;"";"GroupOnValue";"";"";"";"9a3d66d0-f843-4ddb-9e6c-085fd9db7df2"
1386404;"MEDICO";"CONSULTAS PRIORITARIAS";"Text";"Regular";"";False;False;False;True;"Default";"None";"Consulta1 (1386391)$MEDICO (1386404)";"Data";"MEDICO";"";"";True;"";"GroupOnValue";"";"";"";"d22f7cf7-fe48-4326-b72b-563c4612c948"
1386405;"IDENTIFICACION";"CONSULTAS PRIORITARIAS";"Text";"Regular";"";False;False;False;True;"Default";"None";"Consulta1 (1386391)$IDENTIFICACION (1386405)";"Data";"IDENTIFICACION";"";"";True;"";"GroupOnValue";"";"";"";"c7608d26-b24e-4f34-a2e3-95cd062540e4"
1386406;"PACIENTE";"CONSULTAS PRIORITARIAS";"Text";"Regular";"";False;False;False;True;"Default";"None";"Consulta1 (1386391)$PACIENTE (1386406)";"Data";"PACIENTE";"";"";True;"";"GroupOnValue";"";"";"";"41b45519-791d-4092-8941-72f741bd0b20"
1386407;"FECHA_CITA";"CONSULTAS PRIORITARIAS";"Date";"Regular";"";False;False;False;True;"Default";"None";"Consulta1 (1386391)$FECHA CITA (1386407)";"Data";"FECHA_CITA";"";"General Date";True;"";"GroupOnValue";"";"";"";"edcbbd6c-3401-4bdb-866f-9fdbad2781d9"
1386415;"FECHA";"CONSULTAS PRIORITARIAS";"Date";"Regular";"";False;False;False;True;"Default";"None";"Consulta1 (1386391)$FECHA (1386415)";"Data";"FECHA";"";"General Date";True;"";"GroupOnValue";"";"";"";"e694079d-202a-4ae7-8507-5eff294b673e"
1386423;"TIPO_ATENCION";"CONSULTAS PRIORITARIAS";"Text";"Regular";"";False;False;False;True;"Default";"None";"Consulta1 (1386391)$TIPO ATENCION (1386423)";"Data";"TIPO_ATENCION";"";"";True;"";"GroupOnValue";"";"";"";"acf594fe-8e63-46e5-b0f6-e97dea2c42f5"
1386424;"ESTADO_CITA";"CONSULTAS PRIORITARIAS";"Text";"Regular";"";False;False;False;True;"Default";"None";"Consulta1 (1386391)$ESTADO CITA (1386424)";"Data";"ESTADO_CITA";"";"";True;"";"GroupOnValue";"";"";"";"688cfc29-0479-4bc4-a340-7e4bd6439c59"
1389218;"TERNOMCOM";"CONSULTAS PRIORITARIAS";"Text";"Regular";"";False;False;False;True;"Default";"None";"Consulta1 (1386391)$TERNOMCOM (1389218)";"Data";"TERNOMCOM";"";"";True;"";"GroupOnValue";"";"";"";"bde6ff72-9412-47a0-a428-c7acd300a933"
1386395;"RowNumber-2662979B-1795-4F74-8F37-6A1BA8059B61";"LocalDateTable_fafcc6bf-0f0a-4379-b38e-60c5de1dcc1d";"Integer";"RowNumber";"";True;True;True;False;"Default";"Default";"LocalDateTable fafcc6bf 0f0a 4379 b38e 60c5de1dcc1d (1386394)$RowNumber 2662979B 1795 4F74 8F37 6A1BA8059B61 (1386395)";"RowNumber";"RowNumber-2662979B-1795-4F74-8F37-6A1BA8059B61";"";"";True;"";"GroupOnValue";"";"";"";""
1386408;"Date";"LocalDateTable_fafcc6bf-0f0a-4379-b38e-60c5de1dcc1d";"Date";"PaddedDateTableDates";"";True;True;False;False;"Default";"None";"LocalDateTable fafcc6bf 0f0a 4379 b38e 60c5de1dcc1d (1386394)$Date (1386408)";"CalculatedTableColumn";"Date";"";"";True;"";"GroupOnValue";"";"";"";"4d2bfa9e-4c23-4408-b675-c55c13fbf006"
1386409;"AÑO";"LocalDateTable_fafcc6bf-0f0a-4379-b38e-60c5de1dcc1d";"Integer";"Years";"";True;False;False;True;"Default";"None";"LocalDateTable fafcc6bf 0f0a 4379 b38e 60c5de1dcc1d (1386394)$Año (1386409)";"Calculated";"";"YEAR([Date])";"";True;"";"GroupOnValue";"";"";"";"3281c1fa-eb67-4540-9554-f9df90127e8b"
1386410;"NroMes";"LocalDateTable_fafcc6bf-0f0a-4379-b38e-60c5de1dcc1d";"Integer";"MonthOfYear";"";True;False;False;True;"Default";"None";"LocalDateTable fafcc6bf 0f0a 4379 b38e 60c5de1dcc1d (1386394)$NroMes (1386410)";"Calculated";"";"MONTH([Date])";"";True;"";"GroupOnValue";"";"";"";"f0b4a379-1bdb-42f2-b857-bf9c3f0295ed"
1386411;"MES";"LocalDateTable_fafcc6bf-0f0a-4379-b38e-60c5de1dcc1d";"Text";"Months";"";True;False;False;True;"Default";"None";"LocalDateTable fafcc6bf 0f0a 4379 b38e 60c5de1dcc1d (1386394)$Mes (1386411)";"Calculated";"";"FORMAT([Date], ""MMMM"")";"";True;"NroMes";"GroupOnValue";"";"";"";"214eda2a-6728-48da-9ea7-d8dda6016927"
1386412;"NroTrimestre";"LocalDateTable_fafcc6bf-0f0a-4379-b38e-60c5de1dcc1d";"Integer";"QuarterOfYear";"";True;False;False;True;"Default";"None";"LocalDateTable fafcc6bf 0f0a 4379 b38e 60c5de1dcc1d (1386394)$NroTrimestre (1386412)";"Calculated";"";"INT(([NroMes] + 2) / 3)";"";True;"";"GroupOnValue";"";"";"";"d0c9e753-2694-444f-ac7a-7d9ffe7e0019"
1386413;"Trimestre";"LocalDateTable_fafcc6bf-0f0a-4379-b38e-60c5de1dcc1d";"Text";"Quarters";"";True;False;False;True;"Default";"None";"LocalDateTable fafcc6bf 0f0a 4379 b38e 60c5de1dcc1d (1386394)$Trimestre (1386413)";"Calculated";"";"""Trim. "" & [NroTrimestre]";"";True;"NroTrimestre";"GroupOnValue";"";"";"";"094fe487-3e7c-49ad-8d11-83a85e13c2f4"
1386414;"Día";"LocalDateTable_fafcc6bf-0f0a-4379-b38e-60c5de1dcc1d";"Integer";"DayOfMonth";"";True;False;False;True;"Default";"None";"LocalDateTable fafcc6bf 0f0a 4379 b38e 60c5de1dcc1d (1386394)$Día (1386414)";"Calculated";"";"DAY([Date])";"";True;"";"GroupOnValue";"";"";"";"95ed2dcb-5501-4fd5-ae1d-7a45900522b3"
1498424;"RowNumber-2662979B-1795-4F74-8F37-6A1BA8059B61";"CONSULTAS SIN TRIAGE";"Integer";"RowNumber";"";True;True;True;False;"Default";"Default";"Consulta1 (1498423)$RowNumber 2662979B 1795 4F74 8F37 6A1BA8059B61 (1498424)";"RowNumber";"RowNumber-2662979B-1795-4F74-8F37-6A1BA8059B61";"";"";True;"";"GroupOnValue";"";"";"";""
1498430;"DOCUMENTO";"CONSULTAS SIN TRIAGE";"Text";"Regular";"";False;False;False;True;"Default";"None";"Consulta1 (1498423)$DOCUMENTO (1498430)";"Data";"DOCUMENTO";"";"";True;"";"GroupOnValue";"";"";"";"c2282929-0389-4557-a79b-6aa1de1c3e1d"
1498431;"TIPO_TRIAGE";"CONSULTAS SIN TRIAGE";"Text";"Regular";"";False;False;False;True;"Default";"None";"Consulta1 (1498423)$TIPO TRIAGE (1498431)";"Data";"TIPO_TRIAGE";"";"";True;"";"GroupOnValue";"";"";"";"69ada05c-ae94-4ac0-86f2-31867068e58c"
1498432;"USUARIO";"CONSULTAS SIN TRIAGE";"Text";"Regular";"";False;False;False;True;"Default";"None";"Consulta1 (1498423)$USUARIO (1498432)";"Data";"USUARIO";"";"";True;"";"GroupOnValue";"";"";"";"af192ea0-3aff-4c6d-b121-889ed228f154"
1498433;"ENTNOMBRE";"CONSULTAS SIN TRIAGE";"Text";"Regular";"";False;False;False;True;"Default";"None";"Consulta1 (1498423)$ENTNOMBRE (1498433)";"Data";"ENTNOMBRE";"";"";True;"";"GroupOnValue";"";"";"";"d47f88bc-c814-403a-a1d1-03913167ac10"
1498434;"LLEGADA_PORTERO";"CONSULTAS SIN TRIAGE";"Text";"Regular";"";False;False;False;True;"Default";"None";"Consulta1 (1498423)$LLEGADA PORTERO (1498434)";"Data";"LLEGADA_PORTERO";"";"";True;"";"GroupOnValue";"";"";"";"bb53ab07-e513-4b52-9e4e-7bea4828a5ed"
1498435;"FECHA_TRIAGE";"CONSULTAS SIN TRIAGE";"Text";"Regular";"";False;False;False;True;"Default";"None";"Consulta1 (1498423)$FECHA TRIAGE (1498435)";"Data";"FECHA_TRIAGE";"";"";True;"";"GroupOnValue";"";"";"";"c91ccec0-d3a0-4cab-a02d-0ee743c70ec6"
1498436;"FECHA_ADMISION";"CONSULTAS SIN TRIAGE";"Text";"Regular";"";False;False;False;True;"Default";"None";"Consulta1 (1498423)$FECHA ADMISION (1498436)";"Data";"FECHA_ADMISION";"";"";True;"";"GroupOnValue";"";"";"";"fbf2d52d-629b-4283-845a-65374f4d77db"
1498437;"PRUEBA";"CONSULTAS SIN TRIAGE";"Text";"Regular";"";False;False;False;True;"Default";"None";"Consulta1 (1498423)$PRUEBA (1498437)";"Data";"PRUEBA";"";"";True;"";"GroupOnValue";"";"";"";"22ca00fd-b0fb-4fbe-85a1-8fb2ea1d17b7"
1498438;"AINCONSEC";"CONSULTAS SIN TRIAGE";"Text";"Regular";"";False;False;False;True;"Default";"None";"Consulta1 (1498423)$AINCONSEC (1498438)";"Data";"AINCONSEC";"";"";True;"";"GroupOnValue";"";"";"";"017728c3-48c8-402a-b024-99ae6c027ca8"
1498439;"FECHA";"CONSULTAS SIN TRIAGE";"Date";"Regular";"";False;False;False;True;"Default";"None";"Consulta1 (1498423)$FECHA (1498439)";"Data";"FECHA";"";"General Date";True;"";"GroupOnValue";"";"";"";"41a15411-ce62-47cb-8423-948c7ae519aa"
1498447;"CLASIFICACION_TRIAGE";"CONSULTAS SIN TRIAGE";"Text";"Regular";"";False;False;False;True;"Default";"None";"Consulta1 (1498423)$CLASIFICACION TRIAGE (1498447)";"Data";"CLASIFICACION_TRIAGE";"";"";True;"";"GroupOnValue";"";"";"";"c58da785-1d57-4b86-920c-d1ddb80eadff"
2960441;"TERNOMCOM";"CONSULTAS SIN TRIAGE";"Text";"Regular";"";False;False;False;True;"Default";"None";"Consulta1 (1498423)$TERNOMCOM (2960441)";"Data";"TERNOMCOM";"";"";True;"";"GroupOnValue";"";"";"";"04ce42e2-e73c-4724-a2e2-ac3a4b66a934"
1508530;"RowNumber-2662979B-1795-4F74-8F37-6A1BA8059B61";"EGRESOS_POR_SERVICIO";"Integer";"RowNumber";"";True;True;True;False;"Default";"Default";"Consulta1 (1508529)$RowNumber 2662979B 1795 4F74 8F37 6A1BA8059B61 (1508530)";"RowNumber";"RowNumber-2662979B-1795-4F74-8F37-6A1BA8059B61";"";"";True;"";"GroupOnValue";"";"";"";""
1508540;"TERNOMCOM";"EGRESOS_POR_SERVICIO";"Text";"Regular";"";False;False;False;True;"Default";"None";"Consulta1 (1508529)$TERNOMCOM (1508540)";"Data";"TERNOMCOM";"";"";True;"";"GroupOnValue";"";"";"";"90bb01bf-f4fe-4657-ba5d-2648ff8676d2"
1508541;"IDENTIFICACION";"EGRESOS_POR_SERVICIO";"Text";"Regular";"";False;False;False;True;"Default";"None";"Consulta1 (1508529)$IDENTIFICACION (1508541)";"Data";"IDENTIFICACION";"";"";True;"";"GroupOnValue";"";"";"";"9f691649-27b8-40ec-88e8-483ee99075e4"
1508542;"Sexo";"EGRESOS_POR_SERVICIO";"Text";"Regular";"";False;False;False;True;"Default";"None";"Consulta1 (1508529)$SEXO (1508542)";"Data";"Sexo";"";"";True;"";"GroupOnValue";"";"";"";"cde47e88-2a7f-4833-8f2c-6e6f5d7b2c48"
1508543;"DIAGNOSTICO";"EGRESOS_POR_SERVICIO";"Text";"Regular";"";False;False;False;True;"Default";"None";"Consulta1 (1508529)$DIAGNOSTICO (1508543)";"Data";"DIAGNOSTICO";"";"";True;"";"GroupOnValue";"";"";"";"a1a52e6a-4fd2-42b9-ac77-3340fe0c7014"
1508544;"INGRESO";"EGRESOS_POR_SERVICIO";"Integer";"Regular";"";False;False;False;True;"Default";"Sum";"Consulta1 (1508529)$INGRESO (1508544)";"Data";"INGRESO";"";"0";True;"";"GroupOnValue";"";"";"";"85dd0526-f8e0-47c4-b726-6bca416d6921"
1508545;"FECHA_INGRESO";"EGRESOS_POR_SERVICIO";"Date";"Regular";"";False;False;False;True;"Default";"None";"Consulta1 (1508529)$FECHA INGRESO (1508545)";"Data";"FECHA_INGRESO";"";"General Date";True;"";"GroupOnValue";"";"";"";"d87beba0-fe97-4813-8211-0a4638243e33"
1508553;"FECHA_EGRESO";"EGRESOS_POR_SERVICIO";"Date";"Regular";"";False;False;False;True;"Default";"None";"Consulta1 (1508529)$FECHA EGRESO (1508553)";"Data";"FECHA_EGRESO";"";"Short Date";True;"";"GroupOnValue";"";"";"";"297534b8-b0ca-424a-958a-2b70b01f5c3c"
1508561;"CAMA";"EGRESOS_POR_SERVICIO";"Text";"Regular";"";False;False;False;True;"Default";"None";"Consulta1 (1508529)$CAMA (1508561)";"Data";"CAMA";"";"";True;"";"GroupOnValue";"";"";"";"b362ede0-8d94-436d-b8e5-a21d8d3bc09b"
1508562;"servicio";"EGRESOS_POR_SERVICIO";"Text";"Regular";"";False;False;False;True;"Default";"None";"Consulta1 (1508529)$SERVICIO (1508562)";"Data";"servicio";"";"";True;"";"GroupOnValue";"";"";"";"be350e54-55be-48e1-8f06-ccfb97023423"
1508563;"DIAS";"EGRESOS_POR_SERVICIO";"Number";"Regular";"";False;False;False;True;"Default";"Sum";"Consulta1 (1508529)$DIAS (1508563)";"Data";"DIAS";"";"0.00";True;"";"GroupOnValue";"";"";"";"799fd96b-b379-4961-a721-03ba2c919c0e"
1519546;"UNIDAD_MEDIDA";"EGRESOS_POR_SERVICIO";"Number";"Regular";"";False;False;False;True;"Default";"Sum";"Consulta1 (1508529)$Columna (1519546)";"Calculated";"";"IF(EGRESOS_POR_SERVICIO[SERVICIO] IN {""URGENCIAS"",""URGENCIAS EXP"",""URGENCIAS SALA AZUL""}, (EGRESOS_POR_SERVICIO[DIAS]*24),EGRESOS_POR_SERVICIO[DIAS])";"0";True;"";"GroupOnValue";"";"";"";"c0bb5346-bdc1-4834-a301-38054d01daea"
1613488;"TIPO";"EGRESOS_POR_SERVICIO";"Text";"Regular";"";False;False;False;True;"Default";"None";"Consulta1 (1508529)$TIPO (1613488)";"Data";"TIPO";"";"";True;"";"GroupOnValue";"";"";"";"1321fe39-f74e-41f1-83ff-aaf837287ba6"
1508533;"RowNumber-2662979B-1795-4F74-8F37-6A1BA8059B61";"LocalDateTable_86eeab46-2ead-446a-852e-cade7d0ae018";"Integer";"RowNumber";"";True;True;True;False;"Default";"Default";"LocalDateTable 86eeab46 2ead 446a 852e cade7d0ae018 (1508532)$RowNumber 2662979B 1795 4F74 8F37 6A1BA8059B61 (1508533)";"RowNumber";"RowNumber-2662979B-1795-4F74-8F37-6A1BA8059B61";"";"";True;"";"GroupOnValue";"";"";"";""
1508546;"Date";"LocalDateTable_86eeab46-2ead-446a-852e-cade7d0ae018";"Date";"PaddedDateTableDates";"";True;True;False;False;"Default";"None";"LocalDateTable 86eeab46 2ead 446a 852e cade7d0ae018 (1508532)$Date (1508546)";"CalculatedTableColumn";"Date";"";"";True;"";"GroupOnValue";"";"";"";"9e1cbe5f-724b-41b2-9428-5eb6d7f8661d"
1508547;"AÑO";"LocalDateTable_86eeab46-2ead-446a-852e-cade7d0ae018";"Integer";"Years";"";True;False;False;True;"Default";"None";"LocalDateTable 86eeab46 2ead 446a 852e cade7d0ae018 (1508532)$Año (1508547)";"Calculated";"";"YEAR([Date])";"";True;"";"GroupOnValue";"";"";"";"2b783dc1-236f-4987-b9f3-bad64d7901c1"
1508548;"NroMes";"LocalDateTable_86eeab46-2ead-446a-852e-cade7d0ae018";"Integer";"MonthOfYear";"";True;False;False;True;"Default";"None";"LocalDateTable 86eeab46 2ead 446a 852e cade7d0ae018 (1508532)$NroMes (1508548)";"Calculated";"";"MONTH([Date])";"";True;"";"GroupOnValue";"";"";"";"66f56009-aebe-4f2f-9ecc-ea92a058783c"
1508549;"MES";"LocalDateTable_86eeab46-2ead-446a-852e-cade7d0ae018";"Text";"Months";"";True;False;False;True;"Default";"None";"LocalDateTable 86eeab46 2ead 446a 852e cade7d0ae018 (1508532)$Mes (1508549)";"Calculated";"";"FORMAT([Date], ""MMMM"")";"";True;"NroMes";"GroupOnValue";"";"";"";"97ac509b-f7cb-461b-af78-92cdd2373e8e"
1508550;"NroTrimestre";"LocalDateTable_86eeab46-2ead-446a-852e-cade7d0ae018";"Integer";"QuarterOfYear";"";True;False;False;True;"Default";"None";"LocalDateTable 86eeab46 2ead 446a 852e cade7d0ae018 (1508532)$NroTrimestre (1508550)";"Calculated";"";"INT(([NroMes] + 2) / 3)";"";True;"";"GroupOnValue";"";"";"";"8ac41b96-04ce-4c8c-a057-e47fdd971cca"
1508551;"Trimestre";"LocalDateTable_86eeab46-2ead-446a-852e-cade7d0ae018";"Text";"Quarters";"";True;False;False;True;"Default";"None";"LocalDateTable 86eeab46 2ead 446a 852e cade7d0ae018 (1508532)$Trimestre (1508551)";"Calculated";"";"""Trim. "" & [NroTrimestre]";"";True;"NroTrimestre";"GroupOnValue";"";"";"";"7b9a5b14-dc9c-4750-8c2e-f23e52db5a22"
1508552;"Día";"LocalDateTable_86eeab46-2ead-446a-852e-cade7d0ae018";"Integer";"DayOfMonth";"";True;False;False;True;"Default";"None";"LocalDateTable 86eeab46 2ead 446a 852e cade7d0ae018 (1508532)$Día (1508552)";"Calculated";"";"DAY([Date])";"";True;"";"GroupOnValue";"";"";"";"5d8e9a43-173b-458d-861b-51249b0071dc"
1610509;"RowNumber-2662979B-1795-4F74-8F37-6A1BA8059B61";"TRASLADOS_POR_SERVICIO";"Integer";"RowNumber";"";True;True;True;False;"Default";"Default";"Consulta1 (1610508)$RowNumber 2662979B 1795 4F74 8F37 6A1BA8059B61 (1610509)";"RowNumber";"RowNumber-2662979B-1795-4F74-8F37-6A1BA8059B61";"";"";True;"";"GroupOnValue";"";"";"";""
1610519;"TERNOMCOM";"TRASLADOS_POR_SERVICIO";"Text";"Regular";"";False;False;False;True;"Default";"None";"Consulta1 (1610508)$TERNOMCOM (1610519)";"Data";"TERNOMCOM";"";"";True;"";"GroupOnValue";"";"";"";"d49a1267-ce3f-417d-a1cf-6b2201a25e3a"
1610520;"IDENTIFICACION";"TRASLADOS_POR_SERVICIO";"Text";"Regular";"";False;False;False;True;"Default";"None";"Consulta1 (1610508)$IDENTIFICACION (1610520)";"Data";"IDENTIFICACION";"";"";True;"";"GroupOnValue";"";"";"";"435ac76f-7c93-4326-b1dc-76861af85b92"
1610521;"Sexo";"TRASLADOS_POR_SERVICIO";"Text";"Regular";"";False;False;False;True;"Default";"None";"Consulta1 (1610508)$SEXO (1610521)";"Data";"Sexo";"";"";True;"";"GroupOnValue";"";"";"";"28cbfc11-c34c-4451-8216-0a42bfc15790"
1610522;"DIAGNOSTICO";"TRASLADOS_POR_SERVICIO";"Text";"Regular";"";False;False;False;True;"Default";"None";"Consulta1 (1610508)$DIAGNOSTICO (1610522)";"Data";"DIAGNOSTICO";"";"";True;"";"GroupOnValue";"";"";"";"9923cc95-6c6f-4d15-a36f-b8e5ef41df05"
1610523;"INGRESO";"TRASLADOS_POR_SERVICIO";"Integer";"Regular";"";False;False;False;True;"Default";"Sum";"Consulta1 (1610508)$INGRESO (1610523)";"Data";"INGRESO";"";"0";True;"";"GroupOnValue";"";"";"";"079a3044-b7bf-4f00-b2f9-e359afae7db7"
1610524;"FECHA_INGRESO";"TRASLADOS_POR_SERVICIO";"Date";"Regular";"";False;False;False;True;"Default";"None";"Consulta1 (1610508)$FECHA INGRESO (1610524)";"Data";"FECHA_INGRESO";"";"General Date";True;"";"GroupOnValue";"";"";"";"204d14a6-7a0a-4bc3-a449-6b676b3243df"
1610532;"FECHA_EGRESO";"TRASLADOS_POR_SERVICIO";"Date";"Regular";"";False;False;False;True;"Default";"None";"Consulta1 (1610508)$FECHA EGRESO (1610532)";"Data";"FECHA_EGRESO";"";"General Date";True;"";"GroupOnValue";"";"";"";"4da68e55-c2ab-4cdf-9b1c-fb27edcdc6d0"
1610540;"CAMA";"TRASLADOS_POR_SERVICIO";"Text";"Regular";"";False;False;False;True;"Default";"None";"Consulta1 (1610508)$CAMA (1610540)";"Data";"CAMA";"";"";True;"";"GroupOnValue";"";"";"";"a3096e1c-e0c4-45eb-851f-651318d0f78a"
1610541;"servicio";"TRASLADOS_POR_SERVICIO";"Text";"Regular";"";False;False;False;True;"Default";"None";"Consulta1 (1610508)$SERVICIO (1610541)";"Data";"servicio";"";"";True;"";"GroupOnValue";"";"";"";"3fcef3e1-2057-496b-b39a-f978c6e10a1c"
1610542;"DIAS";"TRASLADOS_POR_SERVICIO";"Integer";"Regular";"";False;False;False;True;"Default";"Sum";"Consulta1 (1610508)$DIAS (1610542)";"Data";"DIAS";"";"0";True;"";"GroupOnValue";"";"";"";"0c723f50-440f-48dc-83a0-c6db208bc20c"
1610512;"RowNumber-2662979B-1795-4F74-8F37-6A1BA8059B61";"LocalDateTable_67079da1-6a1b-4bf6-b32c-25aed1949e71";"Integer";"RowNumber";"";True;True;True;False;"Default";"Default";"LocalDateTable 67079da1 6a1b 4bf6 b32c 25aed1949e71 (1610511)$RowNumber 2662979B 1795 4F74 8F37 6A1BA8059B61 (1610512)";"RowNumber";"RowNumber-2662979B-1795-4F74-8F37-6A1BA8059B61";"";"";True;"";"GroupOnValue";"";"";"";""
1610525;"Date";"LocalDateTable_67079da1-6a1b-4bf6-b32c-25aed1949e71";"Date";"PaddedDateTableDates";"";True;True;False;False;"Default";"None";"LocalDateTable 67079da1 6a1b 4bf6 b32c 25aed1949e71 (1610511)$Date (1610525)";"CalculatedTableColumn";"Date";"";"";True;"";"GroupOnValue";"";"";"";"d2624bc7-455e-4705-8f45-89e9b4ff9d47"
1610526;"AÑO";"LocalDateTable_67079da1-6a1b-4bf6-b32c-25aed1949e71";"Integer";"Years";"";True;False;False;True;"Default";"None";"LocalDateTable 67079da1 6a1b 4bf6 b32c 25aed1949e71 (1610511)$Año (1610526)";"Calculated";"";"YEAR([Date])";"";True;"";"GroupOnValue";"";"";"";"c46ac72b-db39-4ef0-a1a1-bd350dff99ca"
1610527;"NroMes";"LocalDateTable_67079da1-6a1b-4bf6-b32c-25aed1949e71";"Integer";"MonthOfYear";"";True;False;False;True;"Default";"None";"LocalDateTable 67079da1 6a1b 4bf6 b32c 25aed1949e71 (1610511)$NroMes (1610527)";"Calculated";"";"MONTH([Date])";"";True;"";"GroupOnValue";"";"";"";"8d124db8-7320-4529-a1ca-636251a2ccea"
1610528;"MES";"LocalDateTable_67079da1-6a1b-4bf6-b32c-25aed1949e71";"Text";"Months";"";True;False;False;True;"Default";"None";"LocalDateTable 67079da1 6a1b 4bf6 b32c 25aed1949e71 (1610511)$Mes (1610528)";"Calculated";"";"FORMAT([Date], ""MMMM"")";"";True;"NroMes";"GroupOnValue";"";"";"";"835c0bbd-e7c4-4023-897b-4d46ac33f2f4"
1610529;"NroTrimestre";"LocalDateTable_67079da1-6a1b-4bf6-b32c-25aed1949e71";"Integer";"QuarterOfYear";"";True;False;False;True;"Default";"None";"LocalDateTable 67079da1 6a1b 4bf6 b32c 25aed1949e71 (1610511)$NroTrimestre (1610529)";"Calculated";"";"INT(([NroMes] + 2) / 3)";"";True;"";"GroupOnValue";"";"";"";"f2fd4833-8558-45ac-8b48-d283a57fe1f6"
1610530;"Trimestre";"LocalDateTable_67079da1-6a1b-4bf6-b32c-25aed1949e71";"Text";"Quarters";"";True;False;False;True;"Default";"None";"LocalDateTable 67079da1 6a1b 4bf6 b32c 25aed1949e71 (1610511)$Trimestre (1610530)";"Calculated";"";"""Trim. "" & [NroTrimestre]";"";True;"NroTrimestre";"GroupOnValue";"";"";"";"2deb4bc8-0718-4571-a0b0-03d1af5ae60d"
1610531;"Día";"LocalDateTable_67079da1-6a1b-4bf6-b32c-25aed1949e71";"Integer";"DayOfMonth";"";True;False;False;True;"Default";"None";"LocalDateTable 67079da1 6a1b 4bf6 b32c 25aed1949e71 (1610511)$Día (1610531)";"Calculated";"";"DAY([Date])";"";True;"";"GroupOnValue";"";"";"";"3aa0be92-7d47-4e5a-b734-08806a763328"
1632031;"RowNumber-2662979B-1795-4F74-8F37-6A1BA8059B61";"VistaServicios";"Integer";"RowNumber";"";True;True;True;False;"Default";"Default";"Tabla (1632030)$RowNumber 2662979B 1795 4F74 8F37 6A1BA8059B61 (1632031)";"RowNumber";"RowNumber-2662979B-1795-4F74-8F37-6A1BA8059B61";"";"";True;"";"GroupOnValue";"";"";"";""
1632766;"servicio";"VistaServicios";"Text";"Regular";"";False;False;False;True;"Default";"None";"Tabla (1632030)$Servicio (1632766)";"CalculatedTableColumn";"servicio";"";"";True;"";"GroupOnValue";"";"";"";"a3cb0f56-8dae-4755-a96a-6452468f58ea"
1752065;"RowNumber-2662979B-1795-4F74-8F37-6A1BA8059B61";"CAMAS HABILITADAS";"Integer";"RowNumber";"";True;True;True;False;"Default";"Default";"Consulta1 (1752064)$RowNumber 2662979B 1795 4F74 8F37 6A1BA8059B61 (1752065)";"RowNumber";"RowNumber-2662979B-1795-4F74-8F37-6A1BA8059B61";"";"";True;"";"GroupOnValue";"";"";"";""
1752071;"OID";"CAMAS HABILITADAS";"Integer";"Regular";"";False;False;False;True;"Default";"Sum";"Consulta1 (1752064)$oid (1752071)";"Data";"OID";"";"0";True;"";"GroupOnValue";"";"";"";"939a472c-6e0c-4797-b85d-707c905e3a35"
1752072;"codcama";"CAMAS HABILITADAS";"Text";"Regular";"";False;False;False;True;"Default";"None";"Consulta1 (1752064)$codcama (1752072)";"Data";"codcama";"";"";True;"";"GroupOnValue";"";"";"";"90e6ecde-be90-4203-8621-46f6200d2749"
1752073;"CODIGO";"CAMAS HABILITADAS";"Text";"Regular";"";False;False;False;True;"Default";"None";"Consulta1 (1752064)$codigo (1752073)";"Data";"CODIGO";"";"";True;"";"GroupOnValue";"";"";"";"97490143-4d93-4919-8cfc-5a078415ae9a"
1752074;"servicio";"CAMAS HABILITADAS";"Text";"Regular";"";False;False;False;True;"Default";"None";"Consulta1 (1752064)$servicio (1752074)";"Data";"servicio";"";"";True;"";"GroupOnValue";"";"";"";"c5ac5528-19c0-46a1-b54c-e39ee0951070"
1752075;"estado";"CAMAS HABILITADAS";"Text";"Regular";"";False;False;False;True;"Default";"None";"Consulta1 (1752064)$estado (1752075)";"Data";"estado";"";"";True;"";"GroupOnValue";"";"";"";"1de76ef4-637d-4600-a27a-c3a604aba69f"
1752076;"fechades";"CAMAS HABILITADAS";"Date";"Regular";"";False;False;False;True;"Default";"None";"Consulta1 (1752064)$fechades (1752076)";"Data";"fechades";"";"Short Date";True;"";"GroupOnValue";"";"";"";"cb76f69d-9301-473c-9a72-ca12d3e86c00"
1752084;"Estado_Dia";"CAMAS HABILITADAS";"Text";"Regular";"";False;False;False;True;"Default";"None";"Consulta1 (1752064)$Estado Dia (1752084)";"Data";"Estado_Dia";"";"";True;"";"GroupOnValue";"";"";"";"e0d0ba50-9210-4148-b721-d77badae4e27"
1752085;"VECES";"CAMAS HABILITADAS";"Integer";"Regular";"";False;False;False;True;"Default";"Sum";"Consulta1 (1752064)$Veces (1752085)";"Data";"VECES";"";"0";True;"";"GroupOnValue";"";"";"";"b808624f-68f4-4ed4-9660-689979c5cd9a"
1787557;"RowNumber-2662979B-1795-4F74-8F37-6A1BA8059B61";"CONSULTAS_AMBULATORIAS";"Integer";"RowNumber";"";True;True;True;False;"Default";"Default";"Consulta1 (1787556)$RowNumber 2662979B 1795 4F74 8F37 6A1BA8059B61 (1787557)";"RowNumber";"RowNumber-2662979B-1795-4F74-8F37-6A1BA8059B61";"";"";True;"";"GroupOnValue";"";"";"";""
1787572;"ASEGURADOR";"CONSULTAS_AMBULATORIAS";"Text";"Regular";"";False;False;False;True;"Default";"None";"Consulta1 (1787556)$ASEGURADOR (1787572)";"Data";"ASEGURADOR";"";"";True;"";"GroupOnValue";"";"";"";"95f61fd0-d293-4eaf-a9dc-3d1d93fcbd45"
1787573;"ESPECIALIDAD";"CONSULTAS_AMBULATORIAS";"Text";"Regular";"";False;False;False;True;"Default";"None";"Consulta1 (1787556)$ESPECIALIDAD (1787573)";"Data";"ESPECIALIDAD";"";"";True;"";"GroupOnValue";"";"";"";"8a34a849-c61a-4441-bad7-a475ce8313a6"
1787574;"MEDICO";"CONSULTAS_AMBULATORIAS";"Text";"Regular";"";False;False;False;True;"Default";"None";"Consulta1 (1787556)$MEDICO (1787574)";"Data";"MEDICO";"";"";True;"";"GroupOnValue";"";"";"";"c3925663-7bf7-4f2a-a1e1-9ca7ff16fd80"
1787575;"IDENTIFICACION";"CONSULTAS_AMBULATORIAS";"Text";"Regular";"";False;False;False;True;"Default";"None";"Consulta1 (1787556)$IDENTIFICACION (1787575)";"Data";"IDENTIFICACION";"";"";True;"";"GroupOnValue";"";"";"";"e4894627-4756-4bf4-8243-bf258ce64bd8"
1787576;"PACIENTE";"CONSULTAS_AMBULATORIAS";"Text";"Regular";"";False;False;False;True;"Default";"None";"Consulta1 (1787556)$PACIENTE (1787576)";"Data";"PACIENTE";"";"";True;"";"GroupOnValue";"";"";"";"82c0af01-97d8-4662-884c-3cf726e434d9"
1787577;"FECHA_ASIGNA_CITA";"CONSULTAS_AMBULATORIAS";"Date";"Regular";"";False;False;False;True;"Default";"None";"Consulta1 (1787556)$FECHA ASIGNA CITA (1787577)";"Data";"FECHA_ASIGNA_CITA";"";"General Date";True;"";"GroupOnValue";"";"";"";"0a9333cd-ec25-46fb-acdd-c8a6db1c2850"
1787585;"FECHA_CITA";"CONSULTAS_AMBULATORIAS";"Date";"Regular";"";False;False;False;True;"Default";"None";"Consulta1 (1787556)$FECHA CITA (1787585)";"Data";"FECHA_CITA";"";"General Date";True;"";"GroupOnValue";"";"";"";"7213d6bf-016e-4db5-b605-4a21e356a914"
1787601;"DIAS";"CONSULTAS_AMBULATORIAS";"Integer";"Regular";"";False;False;False;True;"Default";"Sum";"Consulta1 (1787556)$DIAS (1787601)";"Data";"DIAS";"";"0";True;"";"GroupOnValue";"";"";"";"47af5390-9b33-4a98-826f-c49fa8560100"
1787604;"TIPO_IDENT";"CONSULTAS_AMBULATORIAS";"Text";"Regular";"";False;False;False;True;"Default";"None";"Consulta1 (1787556)$TIPO IDENT (1787604)";"Data";"TIPO_IDENT";"";"";True;"";"GroupOnValue";"";"";"";"9c77b632-5dc0-4f15-9358-adeb081087a2"
1787607;"TIPO_ATENCION";"CONSULTAS_AMBULATORIAS";"Text";"Regular";"";False;False;False;True;"Default";"None";"Consulta1 (1787556)$TIPO ATENCION (1787607)";"Data";"TIPO_ATENCION";"";"";True;"";"GroupOnValue";"";"";"";"e624543b-ba22-4908-8b85-0c3fc06fdd06"
1787608;"PV_CONTROL";"CONSULTAS_AMBULATORIAS";"Text";"Regular";"";False;False;False;True;"Default";"None";"Consulta1 (1787556)$PV CONTROL (1787608)";"Data";"PV_CONTROL";"";"";True;"";"GroupOnValue";"";"";"";"b66d08e8-864a-4749-89ea-1c1333d8c17b"
1787609;"ESTADO_CITA";"CONSULTAS_AMBULATORIAS";"Text";"Regular";"";False;False;False;True;"Default";"None";"Consulta1 (1787556)$ESTADO CITA (1787609)";"Data";"ESTADO_CITA";"";"";True;"";"GroupOnValue";"";"";"";"66784897-1d96-4a33-b023-5af0be5bcb74"
1949756;"GENERAL";"CONSULTAS_AMBULATORIAS";"Integer";"Regular";"";False;False;False;True;"Default";"Sum";"Consulta1 (1787556)$Columna (1949756)";"Calculated";"";"20";"0";True;"";"GroupOnValue";"";"";"";"0e3383e9-237b-4e2f-a88c-72d50ed1181a"
1951238;"CONTROL";"CONSULTAS_AMBULATORIAS";"Integer";"Regular";"";False;False;False;True;"Default";"Sum";"Consulta1 (1787556)$Columna (1951238)";"Calculated";"";"20";"0";True;"";"GroupOnValue";"";"";"";"3b653721-e07f-4ecd-9959-a440b747577e"
1952720;"CONSULTA_PRA";"CONSULTAS_AMBULATORIAS";"Integer";"Regular";"";False;False;False;True;"Default";"Sum";"Consulta1 (1787556)$Columna (1952720)";"Calculated";"";"15";"0";True;"";"GroupOnValue";"";"";"";"6fa30d82-0c8a-48ba-8b8a-ebf785c44d31"
2099233;"DIAS_REAL";"CONSULTAS_AMBULATORIAS";"Integer";"Regular";"";False;False;False;True;"Default";"Sum";"Consulta1 (1787556)$Columna (2099233)";"Calculated";"";"DATEDIFF(CONSULTAS_AMBULATORIAS[FECHA_ASIGNA_CITA],CONSULTAS_AMBULATORIAS[FECHA_CITA],DAY)";"0";True;"";"GroupOnValue";"";"";"";"4a31e75e-db39-42fe-bf55-e26547e97faf"
8888891;"edad";"CONSULTAS_AMBULATORIAS";"Integer";"Regular";"";False;False;False;True;"Default";"Sum";"Consulta1 (1787556)$EDAD (8888891)";"Data";"edad";"";"0";True;"";"GroupOnValue";"";"";"";"95de5c4d-254d-473e-a950-eb5a4bb723fb"
8949985;"MAYORES";"CONSULTAS_AMBULATORIAS";"Text";"Regular";"";False;False;False;True;"Default";"None";"Consulta1 (1787556)$Columna 2 (8949985)";"Calculated";"";"IF(CONSULTAS_AMBULATORIAS[EDAD]<18,""MENORES DE EDAD"",""MAYORES DE EDAD"")";"";True;"";"GroupOnValue";"";"";"";"dc66d7e2-2696-46af-847d-4720af719d66"
1787560;"RowNumber-2662979B-1795-4F74-8F37-6A1BA8059B61";"LocalDateTable_c45a8477-a1e7-4042-b7ec-0c795e3e9a23";"Integer";"RowNumber";"";True;True;True;False;"Default";"Default";"LocalDateTable c45a8477 a1e7 4042 b7ec 0c795e3e9a23 (1787559)$RowNumber 2662979B 1795 4F74 8F37 6A1BA8059B61 (1787560)";"RowNumber";"RowNumber-2662979B-1795-4F74-8F37-6A1BA8059B61";"";"";True;"";"GroupOnValue";"";"";"";""
1787578;"Date";"LocalDateTable_c45a8477-a1e7-4042-b7ec-0c795e3e9a23";"Date";"PaddedDateTableDates";"";True;True;False;False;"Default";"None";"LocalDateTable c45a8477 a1e7 4042 b7ec 0c795e3e9a23 (1787559)$Date (1787578)";"CalculatedTableColumn";"Date";"";"";True;"";"GroupOnValue";"";"";"";"a6596073-6af6-4107-906c-349c1b1a136a"
1787579;"AÑO";"LocalDateTable_c45a8477-a1e7-4042-b7ec-0c795e3e9a23";"Integer";"Years";"";True;False;False;True;"Default";"None";"LocalDateTable c45a8477 a1e7 4042 b7ec 0c795e3e9a23 (1787559)$Año (1787579)";"Calculated";"";"YEAR([Date])";"";True;"";"GroupOnValue";"";"";"";"83b8c0c8-9541-4aec-a777-7c17c4877ab3"
1787580;"NroMes";"LocalDateTable_c45a8477-a1e7-4042-b7ec-0c795e3e9a23";"Integer";"MonthOfYear";"";True;False;False;True;"Default";"None";"LocalDateTable c45a8477 a1e7 4042 b7ec 0c795e3e9a23 (1787559)$NroMes (1787580)";"Calculated";"";"MONTH([Date])";"";True;"";"GroupOnValue";"";"";"";"5a9a1db2-fdde-461f-b7ca-16a0721c71da"
1787581;"MES";"LocalDateTable_c45a8477-a1e7-4042-b7ec-0c795e3e9a23";"Text";"Months";"";True;False;False;True;"Default";"None";"LocalDateTable c45a8477 a1e7 4042 b7ec 0c795e3e9a23 (1787559)$Mes (1787581)";"Calculated";"";"FORMAT([Date], ""MMMM"")";"";True;"NroMes";"GroupOnValue";"";"";"";"94bfdea4-82e0-4892-bfb2-18ae787622f7"
1787582;"NroTrimestre";"LocalDateTable_c45a8477-a1e7-4042-b7ec-0c795e3e9a23";"Integer";"QuarterOfYear";"";True;False;False;True;"Default";"None";"LocalDateTable c45a8477 a1e7 4042 b7ec 0c795e3e9a23 (1787559)$NroTrimestre (1787582)";"Calculated";"";"INT(([NroMes] + 2) / 3)";"";True;"";"GroupOnValue";"";"";"";"7a301f46-25e6-4a97-9336-75f856631608"
1787583;"Trimestre";"LocalDateTable_c45a8477-a1e7-4042-b7ec-0c795e3e9a23";"Text";"Quarters";"";True;False;False;True;"Default";"None";"LocalDateTable c45a8477 a1e7 4042 b7ec 0c795e3e9a23 (1787559)$Trimestre (1787583)";"Calculated";"";"""Trim. "" & [NroTrimestre]";"";True;"NroTrimestre";"GroupOnValue";"";"";"";"a38bf987-6ae3-4f01-a6a9-35500321e6f5"
1787584;"Día";"LocalDateTable_c45a8477-a1e7-4042-b7ec-0c795e3e9a23";"Integer";"DayOfMonth";"";True;False;False;True;"Default";"None";"LocalDateTable c45a8477 a1e7 4042 b7ec 0c795e3e9a23 (1787559)$Día (1787584)";"Calculated";"";"DAY([Date])";"";True;"";"GroupOnValue";"";"";"";"0d6010c0-70dc-444a-9d8a-095dfa8a62dc"
2420364;"RowNumber-2662979B-1795-4F74-8F37-6A1BA8059B61";"OPORTUNIDAD CIRUGIA";"Integer";"RowNumber";"";True;True;True;False;"Default";"Default";"Consulta1 (2420363)$RowNumber 2662979B 1795 4F74 8F37 6A1BA8059B61 (2420364)";"RowNumber";"RowNumber-2662979B-1795-4F74-8F37-6A1BA8059B61";"";"";True;"";"GroupOnValue";"";"";"";""
2420426;"DOCUMENTO";"OPORTUNIDAD CIRUGIA";"Text";"Regular";"";False;False;False;True;"Default";"None";"Consulta1 (2420363)$DOCUMENTO (2420426)";"Data";"DOCUMENTO";"";"";True;"";"GroupOnValue";"";"";"";"356463ec-13f1-4456-baef-e9b0a885afcf"
2420427;"Nombre";"OPORTUNIDAD CIRUGIA";"Text";"Regular";"";False;False;False;True;"Default";"None";"Consulta1 (2420363)$NOMBRE (2420427)";"Data";"Nombre";"";"";True;"";"GroupOnValue";"";"";"";"269c71a2-9ab2-4cf8-a78a-7379d58207c1"
2420428;"EPS";"OPORTUNIDAD CIRUGIA";"Text";"Regular";"";False;False;False;True;"Default";"None";"Consulta1 (2420363)$EPS (2420428)";"Data";"EPS";"";"";True;"";"GroupOnValue";"";"";"";"a9dd295c-cd49-48c3-8071-da9fcd2f6b11"
2420429;"ESPECIALIDAD";"OPORTUNIDAD CIRUGIA";"Text";"Regular";"";False;False;False;True;"Default";"None";"Consulta1 (2420363)$ESPECIALIDAD (2420429)";"Data";"ESPECIALIDAD";"";"";True;"";"GroupOnValue";"";"";"";"39309c7d-6d0f-4f55-9b1b-2191ac8b041d"
2420430;"PROCEDIMIENTO";"OPORTUNIDAD CIRUGIA";"Text";"Regular";"";False;False;False;True;"Default";"None";"Consulta1 (2420363)$PROCEDIMIENTO (2420430)";"Data";"PROCEDIMIENTO";"";"";True;"";"GroupOnValue";"";"";"";"fec01acc-8417-47ee-b1ca-c72113e18805"
2420431;"TERNOMCOM";"OPORTUNIDAD CIRUGIA";"Text";"Regular";"";False;False;False;True;"Default";"None";"Consulta1 (2420363)$TERNOMCOM (2420431)";"Data";"TERNOMCOM";"";"";True;"";"GroupOnValue";"";"";"";"d5d04957-e160-49c2-82c5-e6724736def3"
2420432;"TERCERO";"OPORTUNIDAD CIRUGIA";"Integer";"Regular";"";False;False;False;True;"Default";"None";"Consulta1 (2420363)$TERCERO (2420432)";"Data";"TERCERO";"";"0";True;"";"GroupOnValue";"";"";"";"99f52d77-fb88-4235-8c56-f143cebd05b2"
2420433;"MEDICO";"OPORTUNIDAD CIRUGIA";"Text";"Regular";"";False;False;False;True;"Default";"None";"Consulta1 (2420363)$MEDICO (2420433)";"Data";"MEDICO";"";"";True;"";"GroupOnValue";"";"";"";"37af9d8c-fed1-4747-8cb0-93876b58396e"
2420434;"Planeada";"OPORTUNIDAD CIRUGIA";"Date";"Regular";"";False;False;False;True;"Default";"None";"Consulta1 (2420363)$Planeada (2420434)";"Data";"Planeada";"";"General Date";True;"";"GroupOnValue";"";"";"";"d370cb2b-6be0-40a7-bc38-36fc3a93f712"
2420442;"Paciente en Consulta Externa";"OPORTUNIDAD CIRUGIA";"Date";"Regular";"";False;False;False;True;"Default";"None";"Consulta1 (2420363)$Paciente en Consulta Externa (2420442)";"Data";"Paciente en Consulta Externa";"";"General Date";True;"";"GroupOnValue";"";"";"";"972ff98e-f215-4d9c-be99-af7da004fa4e"
2420450;"Paciente por Autorizar";"OPORTUNIDAD CIRUGIA";"Date";"Regular";"";False;False;False;True;"Default";"None";"Consulta1 (2420363)$Paciente por Autorizar (2420450)";"Data";"Paciente por Autorizar";"";"General Date";True;"";"GroupOnValue";"";"";"";"cb714a5b-58ca-4d88-bc1c-b321ddf8691a"
2420458;"Documentación Entregada por Facturación";"OPORTUNIDAD CIRUGIA";"Date";"Regular";"";False;False;False;True;"Default";"None";"Consulta1 (2420363)$Documentación Entregada por Facturación (2420458)";"Data";"Documentación Entregada por Facturación";"";"General Date";True;"";"GroupOnValue";"";"";"";"6fd1fb44-8f20-49a0-a4cf-71ed2f1c958f"
2420466;"Paciente No Autorizado";"OPORTUNIDAD CIRUGIA";"Date";"Regular";"";False;False;False;True;"Default";"None";"Consulta1 (2420363)$Paciente No Autorizado (2420466)";"Data";"Paciente No Autorizado";"";"General Date";True;"";"GroupOnValue";"";"";"";"d25e79c8-c1e1-4605-bdf8-29c9fb7aecd8"
2420474;"Paciente En Espera Pre anestesico";"OPORTUNIDAD CIRUGIA";"Date";"Regular";"";False;False;False;True;"Default";"None";"Consulta1 (2420363)$Paciente En Espera Pre anestesico (2420474)";"Data";"Paciente En Espera Pre anestesico";"";"General Date";True;"";"GroupOnValue";"";"";"";"3575da2d-9fa8-4dad-ad47-572ab99eb8b8"
2420482;"Paciente En Espera Programacion";"OPORTUNIDAD CIRUGIA";"Date";"Regular";"";False;False;False;True;"Default";"None";"Consulta1 (2420363)$Paciente En Espera Programacion (2420482)";"Data";"Paciente En Espera Programacion";"";"General Date";True;"";"GroupOnValue";"";"";"";"5aeb76cc-32bc-4691-afc8-248838726b89"
2420490;"Paciente En Tramite Clinico/ADM";"OPORTUNIDAD CIRUGIA";"Date";"Regular";"";False;False;False;True;"Default";"None";"Consulta1 (2420363)$Paciente En Tramite Clinico ADM (2420490)";"Data";"Paciente En Tramite Clinico/ADM";"";"General Date";True;"";"GroupOnValue";"";"";"";"8bc8c956-0b94-4ccf-939e-afe48480f471"
2420498;"Paciente Programado";"OPORTUNIDAD CIRUGIA";"Date";"Regular";"";False;False;False;True;"Default";"None";"Consulta1 (2420363)$Paciente Programado (2420498)";"Data";"Paciente Programado";"";"General Date";True;"";"GroupOnValue";"";"";"";"2339ccfa-729e-402f-ad45-c3d922e2d013"
2420506;"Paciente en Sala de Espera";"OPORTUNIDAD CIRUGIA";"Date";"Regular";"";False;False;False;True;"Default";"None";"Consulta1 (2420363)$Paciente en Sala de Espera (2420506)";"Data";"Paciente en Sala de Espera";"";"General Date";True;"";"GroupOnValue";"";"";"";"2a30d0dd-5376-4dfa-a0d6-589bbc025075"
2420514;"Paciente en Quirofano";"OPORTUNIDAD CIRUGIA";"Date";"Regular";"";False;False;False;True;"Default";"None";"Consulta1 (2420363)$Paciente en Quirofano (2420514)";"Data";"Paciente en Quirofano";"";"General Date";True;"";"GroupOnValue";"";"";"";"b011132c-1440-41de-873c-ccd272756400"
2420522;"Paciente en Recuperacion";"OPORTUNIDAD CIRUGIA";"Date";"Regular";"";False;False;False;True;"Default";"None";"Consulta1 (2420363)$Paciente en Recuperacion (2420522)";"Data";"Paciente en Recuperacion";"";"General Date";True;"";"GroupOnValue";"";"";"";"97206bc4-fbf9-45d8-9075-6155843b838a"
2420530;"Paciente En Salida";"OPORTUNIDAD CIRUGIA";"Date";"Regular";"";False;False;False;True;"Default";"None";"Consulta1 (2420363)$Paciente En Salida (2420530)";"Data";"Paciente En Salida";"";"General Date";True;"";"GroupOnValue";"";"";"";"ff73f95d-fbe3-48f3-9a4a-31ec3a78ffa2"
2420538;"Paciente Cancelado";"OPORTUNIDAD CIRUGIA";"Date";"Regular";"";False;False;False;True;"Default";"None";"Consulta1 (2420363)$Paciente Cancelado (2420538)";"Data";"Paciente Cancelado";"";"General Date";True;"";"GroupOnValue";"";"";"";"e6af8fc0-1597-43cc-a6ab-0becf99c3ae6"
2420546;"ESTADO ACTUAL";"OPORTUNIDAD CIRUGIA";"Text";"Regular";"";False;False;False;True;"Default";"None";"Consulta1 (2420363)$ESTADO ACTUAL (2420546)";"Data";"ESTADO ACTUAL";"";"";True;"";"GroupOnValue";"";"";"";"304cf3a1-4cdc-4228-b673-65e63084b9a6"
2420547;"FECHA";"OPORTUNIDAD CIRUGIA";"Date";"Regular";"";False;False;False;True;"Default";"None";"Consulta1 (2420363)$FECHA (2420547)";"Data";"FECHA";"";"General Date";True;"";"GroupOnValue";"";"";"";"b968d6ab-ad73-4f1b-b2cf-c63f3a05b4b8"
2442590;"OPORTUNIDAD";"OPORTUNIDAD CIRUGIA";"Integer";"Regular";"";False;False;False;True;"Default";"Sum";"Consulta1 (2420363)$Columna (2442590)";"Calculated";"";"
DATEDIFF(IF(ISBLANK('OPORTUNIDAD CIRUGIA'[Paciente En Tramite Clinico/ADM]),'OPORTUNIDAD CIRUGIA'[Planeada],'OPORTUNIDAD CIRUGIA'[Paciente En Salida]),IF(ISBLANK('OPORTUNIDAD CIRUGIA'[Paciente En Tramite Clinico/ADM]),'OPORTUNIDAD CIRUGIA'[Paciente En Salida],'OPORTUNIDAD CIRUGIA'[Planeada]),DAY)";"0";True;"";"GroupOnValue";"";"";"";"8730febd-8010-4203-a9ef-962c60d95ea6"
2420367;"RowNumber-2662979B-1795-4F74-8F37-6A1BA8059B61";"LocalDateTable_1d019be7-4b1e-4447-9b57-6174731d3b68";"Integer";"RowNumber";"";True;True;True;False;"Default";"Default";"LocalDateTable 1d019be7 4b1e 4447 9b57 6174731d3b68 (2420366)$RowNumber 2662979B 1795 4F74 8F37 6A1BA8059B61 (2420367)";"RowNumber";"RowNumber-2662979B-1795-4F74-8F37-6A1BA8059B61";"";"";True;"";"GroupOnValue";"";"";"";""
2420435;"Date";"LocalDateTable_1d019be7-4b1e-4447-9b57-6174731d3b68";"Date";"PaddedDateTableDates";"";True;True;False;False;"Default";"None";"LocalDateTable 1d019be7 4b1e 4447 9b57 6174731d3b68 (2420366)$Date (2420435)";"CalculatedTableColumn";"Date";"";"";True;"";"GroupOnValue";"";"";"";"83a505bb-8fba-484c-907d-c9a3c9694329"
2420436;"AÑO";"LocalDateTable_1d019be7-4b1e-4447-9b57-6174731d3b68";"Integer";"Years";"";True;False;False;True;"Default";"None";"LocalDateTable 1d019be7 4b1e 4447 9b57 6174731d3b68 (2420366)$Año (2420436)";"Calculated";"";"YEAR([Date])";"";True;"";"GroupOnValue";"";"";"";"f4bc4373-080a-4564-b90a-bbb72ec4c323"
2420437;"NroMes";"LocalDateTable_1d019be7-4b1e-4447-9b57-6174731d3b68";"Integer";"MonthOfYear";"";True;False;False;True;"Default";"None";"LocalDateTable 1d019be7 4b1e 4447 9b57 6174731d3b68 (2420366)$NroMes (2420437)";"Calculated";"";"MONTH([Date])";"";True;"";"GroupOnValue";"";"";"";"5ea88323-a4b3-4adc-86c9-525b6cc8cb74"
2420438;"MES";"LocalDateTable_1d019be7-4b1e-4447-9b57-6174731d3b68";"Text";"Months";"";True;False;False;True;"Default";"None";"LocalDateTable 1d019be7 4b1e 4447 9b57 6174731d3b68 (2420366)$Mes (2420438)";"Calculated";"";"FORMAT([Date], ""MMMM"")";"";True;"NroMes";"GroupOnValue";"";"";"";"9738c109-71f8-46a6-ae32-61783bd22142"
2420439;"NroTrimestre";"LocalDateTable_1d019be7-4b1e-4447-9b57-6174731d3b68";"Integer";"QuarterOfYear";"";True;False;False;True;"Default";"None";"LocalDateTable 1d019be7 4b1e 4447 9b57 6174731d3b68 (2420366)$NroTrimestre (2420439)";"Calculated";"";"INT(([NroMes] + 2) / 3)";"";True;"";"GroupOnValue";"";"";"";"85222ffd-5177-4357-b9a0-ced3cc6ec220"
2420440;"Trimestre";"LocalDateTable_1d019be7-4b1e-4447-9b57-6174731d3b68";"Text";"Quarters";"";True;False;False;True;"Default";"None";"LocalDateTable 1d019be7 4b1e 4447 9b57 6174731d3b68 (2420366)$Trimestre (2420440)";"Calculated";"";"""Trim. "" & [NroTrimestre]";"";True;"NroTrimestre";"GroupOnValue";"";"";"";"d079d938-4e02-441d-ac11-96186142ec13"
2420441;"Día";"LocalDateTable_1d019be7-4b1e-4447-9b57-6174731d3b68";"Integer";"DayOfMonth";"";True;False;False;True;"Default";"None";"LocalDateTable 1d019be7 4b1e 4447 9b57 6174731d3b68 (2420366)$Día (2420441)";"Calculated";"";"DAY([Date])";"";True;"";"GroupOnValue";"";"";"";"0d9337b1-2da1-4008-a3b8-1d8aba4a76d5"
2420370;"RowNumber-2662979B-1795-4F74-8F37-6A1BA8059B61";"LocalDateTable_205926f5-198e-4c73-b8e7-2c36a16ec02f";"Integer";"RowNumber";"";True;True;True;False;"Default";"Default";"LocalDateTable 205926f5 198e 4c73 b8e7 2c36a16ec02f (2420369)$RowNumber 2662979B 1795 4F74 8F37 6A1BA8059B61 (2420370)";"RowNumber";"RowNumber-2662979B-1795-4F74-8F37-6A1BA8059B61";"";"";True;"";"GroupOnValue";"";"";"";""
2420443;"Date";"LocalDateTable_205926f5-198e-4c73-b8e7-2c36a16ec02f";"Date";"PaddedDateTableDates";"";True;True;False;False;"Default";"None";"LocalDateTable 205926f5 198e 4c73 b8e7 2c36a16ec02f (2420369)$Date (2420443)";"CalculatedTableColumn";"Date";"";"";True;"";"GroupOnValue";"";"";"";"5eec83dc-9d2f-41a0-abfe-99b6e15f47f8"
2420444;"AÑO";"LocalDateTable_205926f5-198e-4c73-b8e7-2c36a16ec02f";"Integer";"Years";"";True;False;False;True;"Default";"None";"LocalDateTable 205926f5 198e 4c73 b8e7 2c36a16ec02f (2420369)$Año (2420444)";"Calculated";"";"YEAR([Date])";"";True;"";"GroupOnValue";"";"";"";"b9a71475-c95c-457e-b4a0-d04f52b4b723"
2420445;"NroMes";"LocalDateTable_205926f5-198e-4c73-b8e7-2c36a16ec02f";"Integer";"MonthOfYear";"";True;False;False;True;"Default";"None";"LocalDateTable 205926f5 198e 4c73 b8e7 2c36a16ec02f (2420369)$NroMes (2420445)";"Calculated";"";"MONTH([Date])";"";True;"";"GroupOnValue";"";"";"";"09384937-3bb5-4ba0-bcc1-39df45d36d9f"
2420446;"MES";"LocalDateTable_205926f5-198e-4c73-b8e7-2c36a16ec02f";"Text";"Months";"";True;False;False;True;"Default";"None";"LocalDateTable 205926f5 198e 4c73 b8e7 2c36a16ec02f (2420369)$Mes (2420446)";"Calculated";"";"FORMAT([Date], ""MMMM"")";"";True;"NroMes";"GroupOnValue";"";"";"";"dc48fff2-ab2a-4a3c-8be8-0721e22af23d"
2420447;"NroTrimestre";"LocalDateTable_205926f5-198e-4c73-b8e7-2c36a16ec02f";"Integer";"QuarterOfYear";"";True;False;False;True;"Default";"None";"LocalDateTable 205926f5 198e 4c73 b8e7 2c36a16ec02f (2420369)$NroTrimestre (2420447)";"Calculated";"";"INT(([NroMes] + 2) / 3)";"";True;"";"GroupOnValue";"";"";"";"ed9dbc3c-c384-491d-8232-2a3f49a4e486"
2420448;"Trimestre";"LocalDateTable_205926f5-198e-4c73-b8e7-2c36a16ec02f";"Text";"Quarters";"";True;False;False;True;"Default";"None";"LocalDateTable 205926f5 198e 4c73 b8e7 2c36a16ec02f (2420369)$Trimestre (2420448)";"Calculated";"";"""Trim. "" & [NroTrimestre]";"";True;"NroTrimestre";"GroupOnValue";"";"";"";"fcdb4472-5d66-4df1-a379-393145959a49"
2420449;"Día";"LocalDateTable_205926f5-198e-4c73-b8e7-2c36a16ec02f";"Integer";"DayOfMonth";"";True;False;False;True;"Default";"None";"LocalDateTable 205926f5 198e 4c73 b8e7 2c36a16ec02f (2420369)$Día (2420449)";"Calculated";"";"DAY([Date])";"";True;"";"GroupOnValue";"";"";"";"67eea466-8c3e-402e-8c48-0e615df6f7d3"
2420373;"RowNumber-2662979B-1795-4F74-8F37-6A1BA8059B61";"LocalDateTable_500fb24f-5af0-4f68-92e1-4a09045cc415";"Integer";"RowNumber";"";True;True;True;False;"Default";"Default";"LocalDateTable 500fb24f 5af0 4f68 92e1 4a09045cc415 (2420372)$RowNumber 2662979B 1795 4F74 8F37 6A1BA8059B61 (2420373)";"RowNumber";"RowNumber-2662979B-1795-4F74-8F37-6A1BA8059B61";"";"";True;"";"GroupOnValue";"";"";"";""
2420451;"Date";"LocalDateTable_500fb24f-5af0-4f68-92e1-4a09045cc415";"Date";"PaddedDateTableDates";"";True;True;False;False;"Default";"None";"LocalDateTable 500fb24f 5af0 4f68 92e1 4a09045cc415 (2420372)$Date (2420451)";"CalculatedTableColumn";"Date";"";"";True;"";"GroupOnValue";"";"";"";"f6a0533c-c89a-4197-ade7-fe835ade5f34"
2420452;"AÑO";"LocalDateTable_500fb24f-5af0-4f68-92e1-4a09045cc415";"Integer";"Years";"";True;False;False;True;"Default";"None";"LocalDateTable 500fb24f 5af0 4f68 92e1 4a09045cc415 (2420372)$Año (2420452)";"Calculated";"";"YEAR([Date])";"";True;"";"GroupOnValue";"";"";"";"f54325dd-5d39-4d45-a93e-a5dd751665ed"
2420453;"NroMes";"LocalDateTable_500fb24f-5af0-4f68-92e1-4a09045cc415";"Integer";"MonthOfYear";"";True;False;False;True;"Default";"None";"LocalDateTable 500fb24f 5af0 4f68 92e1 4a09045cc415 (2420372)$NroMes (2420453)";"Calculated";"";"MONTH([Date])";"";True;"";"GroupOnValue";"";"";"";"4c72cf71-82b0-483a-8e49-e142a3cf9d66"
2420454;"MES";"LocalDateTable_500fb24f-5af0-4f68-92e1-4a09045cc415";"Text";"Months";"";True;False;False;True;"Default";"None";"LocalDateTable 500fb24f 5af0 4f68 92e1 4a09045cc415 (2420372)$Mes (2420454)";"Calculated";"";"FORMAT([Date], ""MMMM"")";"";True;"NroMes";"GroupOnValue";"";"";"";"fc7f011c-392d-44f0-b84c-c184caf7c1cd"
2420455;"NroTrimestre";"LocalDateTable_500fb24f-5af0-4f68-92e1-4a09045cc415";"Integer";"QuarterOfYear";"";True;False;False;True;"Default";"None";"LocalDateTable 500fb24f 5af0 4f68 92e1 4a09045cc415 (2420372)$NroTrimestre (2420455)";"Calculated";"";"INT(([NroMes] + 2) / 3)";"";True;"";"GroupOnValue";"";"";"";"da3b3d2f-cd4e-4283-9fb5-b380b03b9a89"
2420456;"Trimestre";"LocalDateTable_500fb24f-5af0-4f68-92e1-4a09045cc415";"Text";"Quarters";"";True;False;False;True;"Default";"None";"LocalDateTable 500fb24f 5af0 4f68 92e1 4a09045cc415 (2420372)$Trimestre (2420456)";"Calculated";"";"""Trim. "" & [NroTrimestre]";"";True;"NroTrimestre";"GroupOnValue";"";"";"";"9781a21c-2401-4d67-ba2f-f5a2798de47d"
2420457;"Día";"LocalDateTable_500fb24f-5af0-4f68-92e1-4a09045cc415";"Integer";"DayOfMonth";"";True;False;False;True;"Default";"None";"LocalDateTable 500fb24f 5af0 4f68 92e1 4a09045cc415 (2420372)$Día (2420457)";"Calculated";"";"DAY([Date])";"";True;"";"GroupOnValue";"";"";"";"c3d6808c-fa20-4c06-bc1a-81f3b1b804a7"
2420376;"RowNumber-2662979B-1795-4F74-8F37-6A1BA8059B61";"LocalDateTable_49d8b6ca-9af5-4e00-b54d-5e4372567148";"Integer";"RowNumber";"";True;True;True;False;"Default";"Default";"LocalDateTable 49d8b6ca 9af5 4e00 b54d 5e4372567148 (2420375)$RowNumber 2662979B 1795 4F74 8F37 6A1BA8059B61 (2420376)";"RowNumber";"RowNumber-2662979B-1795-4F74-8F37-6A1BA8059B61";"";"";True;"";"GroupOnValue";"";"";"";""
2420459;"Date";"LocalDateTable_49d8b6ca-9af5-4e00-b54d-5e4372567148";"Date";"PaddedDateTableDates";"";True;True;False;False;"Default";"None";"LocalDateTable 49d8b6ca 9af5 4e00 b54d 5e4372567148 (2420375)$Date (2420459)";"CalculatedTableColumn";"Date";"";"";True;"";"GroupOnValue";"";"";"";"1a37265e-9229-42bc-bd53-9407904e02e0"
2420460;"AÑO";"LocalDateTable_49d8b6ca-9af5-4e00-b54d-5e4372567148";"Integer";"Years";"";True;False;False;True;"Default";"None";"LocalDateTable 49d8b6ca 9af5 4e00 b54d 5e4372567148 (2420375)$Año (2420460)";"Calculated";"";"YEAR([Date])";"";True;"";"GroupOnValue";"";"";"";"cd324615-2419-48a7-899d-d036d4ed7641"
2420461;"NroMes";"LocalDateTable_49d8b6ca-9af5-4e00-b54d-5e4372567148";"Integer";"MonthOfYear";"";True;False;False;True;"Default";"None";"LocalDateTable 49d8b6ca 9af5 4e00 b54d 5e4372567148 (2420375)$NroMes (2420461)";"Calculated";"";"MONTH([Date])";"";True;"";"GroupOnValue";"";"";"";"6a6378cf-2ec9-4ead-b5a7-0f22e9a098b8"
2420462;"MES";"LocalDateTable_49d8b6ca-9af5-4e00-b54d-5e4372567148";"Text";"Months";"";True;False;False;True;"Default";"None";"LocalDateTable 49d8b6ca 9af5 4e00 b54d 5e4372567148 (2420375)$Mes (2420462)";"Calculated";"";"FORMAT([Date], ""MMMM"")";"";True;"NroMes";"GroupOnValue";"";"";"";"b3138262-2bf0-4363-9294-a158e83c7286"
2420463;"NroTrimestre";"LocalDateTable_49d8b6ca-9af5-4e00-b54d-5e4372567148";"Integer";"QuarterOfYear";"";True;False;False;True;"Default";"None";"LocalDateTable 49d8b6ca 9af5 4e00 b54d 5e4372567148 (2420375)$NroTrimestre (2420463)";"Calculated";"";"INT(([NroMes] + 2) / 3)";"";True;"";"GroupOnValue";"";"";"";"945a073f-42e7-45dc-a276-3dcbaf1f91aa"
2420464;"Trimestre";"LocalDateTable_49d8b6ca-9af5-4e00-b54d-5e4372567148";"Text";"Quarters";"";True;False;False;True;"Default";"None";"LocalDateTable 49d8b6ca 9af5 4e00 b54d 5e4372567148 (2420375)$Trimestre (2420464)";"Calculated";"";"""Trim. "" & [NroTrimestre]";"";True;"NroTrimestre";"GroupOnValue";"";"";"";"901ac86b-34be-4b73-ab7a-633906368aeb"
2420465;"Día";"LocalDateTable_49d8b6ca-9af5-4e00-b54d-5e4372567148";"Integer";"DayOfMonth";"";True;False;False;True;"Default";"None";"LocalDateTable 49d8b6ca 9af5 4e00 b54d 5e4372567148 (2420375)$Día (2420465)";"Calculated";"";"DAY([Date])";"";True;"";"GroupOnValue";"";"";"";"25c51d42-9416-4564-8f60-48d8072c1744"
2420379;"RowNumber-2662979B-1795-4F74-8F37-6A1BA8059B61";"LocalDateTable_f85df20b-e705-45df-a3d7-797164a89816";"Integer";"RowNumber";"";True;True;True;False;"Default";"Default";"LocalDateTable f85df20b e705 45df a3d7 797164a89816 (2420378)$RowNumber 2662979B 1795 4F74 8F37 6A1BA8059B61 (2420379)";"RowNumber";"RowNumber-2662979B-1795-4F74-8F37-6A1BA8059B61";"";"";True;"";"GroupOnValue";"";"";"";""
2420467;"Date";"LocalDateTable_f85df20b-e705-45df-a3d7-797164a89816";"Date";"PaddedDateTableDates";"";True;True;False;False;"Default";"None";"LocalDateTable f85df20b e705 45df a3d7 797164a89816 (2420378)$Date (2420467)";"CalculatedTableColumn";"Date";"";"";True;"";"GroupOnValue";"";"";"";"7874377a-b930-4299-be28-e1dac89145af"
2420468;"AÑO";"LocalDateTable_f85df20b-e705-45df-a3d7-797164a89816";"Integer";"Years";"";True;False;False;True;"Default";"None";"LocalDateTable f85df20b e705 45df a3d7 797164a89816 (2420378)$Año (2420468)";"Calculated";"";"YEAR([Date])";"";True;"";"GroupOnValue";"";"";"";"c770bdeb-8bb6-438e-b318-732e0548377a"
2420469;"NroMes";"LocalDateTable_f85df20b-e705-45df-a3d7-797164a89816";"Integer";"MonthOfYear";"";True;False;False;True;"Default";"None";"LocalDateTable f85df20b e705 45df a3d7 797164a89816 (2420378)$NroMes (2420469)";"Calculated";"";"MONTH([Date])";"";True;"";"GroupOnValue";"";"";"";"564c9385-faa5-4d14-93cb-567b05fb7a35"
2420470;"MES";"LocalDateTable_f85df20b-e705-45df-a3d7-797164a89816";"Text";"Months";"";True;False;False;True;"Default";"None";"LocalDateTable f85df20b e705 45df a3d7 797164a89816 (2420378)$Mes (2420470)";"Calculated";"";"FORMAT([Date], ""MMMM"")";"";True;"NroMes";"GroupOnValue";"";"";"";"27ba54dd-5794-4729-90dc-f46fbe5787db"
2420471;"NroTrimestre";"LocalDateTable_f85df20b-e705-45df-a3d7-797164a89816";"Integer";"QuarterOfYear";"";True;False;False;True;"Default";"None";"LocalDateTable f85df20b e705 45df a3d7 797164a89816 (2420378)$NroTrimestre (2420471)";"Calculated";"";"INT(([NroMes] + 2) / 3)";"";True;"";"GroupOnValue";"";"";"";"310804d2-f9fa-4708-950a-8f117dde6b40"
2420472;"Trimestre";"LocalDateTable_f85df20b-e705-45df-a3d7-797164a89816";"Text";"Quarters";"";True;False;False;True;"Default";"None";"LocalDateTable f85df20b e705 45df a3d7 797164a89816 (2420378)$Trimestre (2420472)";"Calculated";"";"""Trim. "" & [NroTrimestre]";"";True;"NroTrimestre";"GroupOnValue";"";"";"";"5de8f63c-c095-4348-8970-1bea0b071de5"
2420473;"Día";"LocalDateTable_f85df20b-e705-45df-a3d7-797164a89816";"Integer";"DayOfMonth";"";True;False;False;True;"Default";"None";"LocalDateTable f85df20b e705 45df a3d7 797164a89816 (2420378)$Día (2420473)";"Calculated";"";"DAY([Date])";"";True;"";"GroupOnValue";"";"";"";"0864dc76-2f36-4641-8f07-79a8bb463f35"
2420382;"RowNumber-2662979B-1795-4F74-8F37-6A1BA8059B61";"LocalDateTable_ae12351b-eaf4-48d9-bb47-8b6fe3908119";"Integer";"RowNumber";"";True;True;True;False;"Default";"Default";"LocalDateTable ae12351b eaf4 48d9 bb47 8b6fe3908119 (2420381)$RowNumber 2662979B 1795 4F74 8F37 6A1BA8059B61 (2420382)";"RowNumber";"RowNumber-2662979B-1795-4F74-8F37-6A1BA8059B61";"";"";True;"";"GroupOnValue";"";"";"";""
2420475;"Date";"LocalDateTable_ae12351b-eaf4-48d9-bb47-8b6fe3908119";"Date";"PaddedDateTableDates";"";True;True;False;False;"Default";"None";"LocalDateTable ae12351b eaf4 48d9 bb47 8b6fe3908119 (2420381)$Date (2420475)";"CalculatedTableColumn";"Date";"";"";True;"";"GroupOnValue";"";"";"";"79853694-546b-4122-a331-4bdf703c2559"
2420476;"AÑO";"LocalDateTable_ae12351b-eaf4-48d9-bb47-8b6fe3908119";"Integer";"Years";"";True;False;False;True;"Default";"None";"LocalDateTable ae12351b eaf4 48d9 bb47 8b6fe3908119 (2420381)$Año (2420476)";"Calculated";"";"YEAR([Date])";"";True;"";"GroupOnValue";"";"";"";"e59d3419-9765-4632-90b9-9d71176a63c1"
2420477;"NroMes";"LocalDateTable_ae12351b-eaf4-48d9-bb47-8b6fe3908119";"Integer";"MonthOfYear";"";True;False;False;True;"Default";"None";"LocalDateTable ae12351b eaf4 48d9 bb47 8b6fe3908119 (2420381)$NroMes (2420477)";"Calculated";"";"MONTH([Date])";"";True;"";"GroupOnValue";"";"";"";"a37c6484-37e5-48d8-937a-a11e96952e79"
2420478;"MES";"LocalDateTable_ae12351b-eaf4-48d9-bb47-8b6fe3908119";"Text";"Months";"";True;False;False;True;"Default";"None";"LocalDateTable ae12351b eaf4 48d9 bb47 8b6fe3908119 (2420381)$Mes (2420478)";"Calculated";"";"FORMAT([Date], ""MMMM"")";"";True;"NroMes";"GroupOnValue";"";"";"";"3e366b74-e239-4ebb-88bd-0d9065ab81f5"
2420479;"NroTrimestre";"LocalDateTable_ae12351b-eaf4-48d9-bb47-8b6fe3908119";"Integer";"QuarterOfYear";"";True;False;False;True;"Default";"None";"LocalDateTable ae12351b eaf4 48d9 bb47 8b6fe3908119 (2420381)$NroTrimestre (2420479)";"Calculated";"";"INT(([NroMes] + 2) / 3)";"";True;"";"GroupOnValue";"";"";"";"32b78266-8837-49d4-8c19-66ceb5898b98"
2420480;"Trimestre";"LocalDateTable_ae12351b-eaf4-48d9-bb47-8b6fe3908119";"Text";"Quarters";"";True;False;False;True;"Default";"None";"LocalDateTable ae12351b eaf4 48d9 bb47 8b6fe3908119 (2420381)$Trimestre (2420480)";"Calculated";"";"""Trim. "" & [NroTrimestre]";"";True;"NroTrimestre";"GroupOnValue";"";"";"";"697af5ea-0033-45a2-99e7-4c7bf9540f1c"
2420481;"Día";"LocalDateTable_ae12351b-eaf4-48d9-bb47-8b6fe3908119";"Integer";"DayOfMonth";"";True;False;False;True;"Default";"None";"LocalDateTable ae12351b eaf4 48d9 bb47 8b6fe3908119 (2420381)$Día (2420481)";"Calculated";"";"DAY([Date])";"";True;"";"GroupOnValue";"";"";"";"a1fa6519-c55f-452c-b6e9-4830213dba0d"
2420385;"RowNumber-2662979B-1795-4F74-8F37-6A1BA8059B61";"LocalDateTable_724af57f-9d92-431d-8f8e-dc462456bfcc";"Integer";"RowNumber";"";True;True;True;False;"Default";"Default";"LocalDateTable 724af57f 9d92 431d 8f8e dc462456bfcc (2420384)$RowNumber 2662979B 1795 4F74 8F37 6A1BA8059B61 (2420385)";"RowNumber";"RowNumber-2662979B-1795-4F74-8F37-6A1BA8059B61";"";"";True;"";"GroupOnValue";"";"";"";""
2420483;"Date";"LocalDateTable_724af57f-9d92-431d-8f8e-dc462456bfcc";"Date";"PaddedDateTableDates";"";True;True;False;False;"Default";"None";"LocalDateTable 724af57f 9d92 431d 8f8e dc462456bfcc (2420384)$Date (2420483)";"CalculatedTableColumn";"Date";"";"";True;"";"GroupOnValue";"";"";"";"d3fea75f-7ed7-487d-8841-bac333dd01e2"
2420484;"AÑO";"LocalDateTable_724af57f-9d92-431d-8f8e-dc462456bfcc";"Integer";"Years";"";True;False;False;True;"Default";"None";"LocalDateTable 724af57f 9d92 431d 8f8e dc462456bfcc (2420384)$Año (2420484)";"Calculated";"";"YEAR([Date])";"";True;"";"GroupOnValue";"";"";"";"bdf29865-d2ea-49a7-8d70-d5c6c6bdde47"
2420485;"NroMes";"LocalDateTable_724af57f-9d92-431d-8f8e-dc462456bfcc";"Integer";"MonthOfYear";"";True;False;False;True;"Default";"None";"LocalDateTable 724af57f 9d92 431d 8f8e dc462456bfcc (2420384)$NroMes (2420485)";"Calculated";"";"MONTH([Date])";"";True;"";"GroupOnValue";"";"";"";"ab3ca8f7-50f5-45d2-b0c2-2538fe000879"
2420486;"MES";"LocalDateTable_724af57f-9d92-431d-8f8e-dc462456bfcc";"Text";"Months";"";True;False;False;True;"Default";"None";"LocalDateTable 724af57f 9d92 431d 8f8e dc462456bfcc (2420384)$Mes (2420486)";"Calculated";"";"FORMAT([Date], ""MMMM"")";"";True;"NroMes";"GroupOnValue";"";"";"";"ababa19f-a367-43c3-8801-0fa721f3cb9b"
2420487;"NroTrimestre";"LocalDateTable_724af57f-9d92-431d-8f8e-dc462456bfcc";"Integer";"QuarterOfYear";"";True;False;False;True;"Default";"None";"LocalDateTable 724af57f 9d92 431d 8f8e dc462456bfcc (2420384)$NroTrimestre (2420487)";"Calculated";"";"INT(([NroMes] + 2) / 3)";"";True;"";"GroupOnValue";"";"";"";"035b399e-094a-4383-aba5-6877a84ab438"
2420488;"Trimestre";"LocalDateTable_724af57f-9d92-431d-8f8e-dc462456bfcc";"Text";"Quarters";"";True;False;False;True;"Default";"None";"LocalDateTable 724af57f 9d92 431d 8f8e dc462456bfcc (2420384)$Trimestre (2420488)";"Calculated";"";"""Trim. "" & [NroTrimestre]";"";True;"NroTrimestre";"GroupOnValue";"";"";"";"82f6a639-b15c-4360-949c-5a03cbd7d79d"
2420489;"Día";"LocalDateTable_724af57f-9d92-431d-8f8e-dc462456bfcc";"Integer";"DayOfMonth";"";True;False;False;True;"Default";"None";"LocalDateTable 724af57f 9d92 431d 8f8e dc462456bfcc (2420384)$Día (2420489)";"Calculated";"";"DAY([Date])";"";True;"";"GroupOnValue";"";"";"";"d3164c88-281e-42e4-ab0f-485b3887f68f"
2420388;"RowNumber-2662979B-1795-4F74-8F37-6A1BA8059B61";"LocalDateTable_3b2ca12b-d423-4593-941b-690c8dbda4a0";"Integer";"RowNumber";"";True;True;True;False;"Default";"Default";"LocalDateTable 3b2ca12b d423 4593 941b 690c8dbda4a0 (2420387)$RowNumber 2662979B 1795 4F74 8F37 6A1BA8059B61 (2420388)";"RowNumber";"RowNumber-2662979B-1795-4F74-8F37-6A1BA8059B61";"";"";True;"";"GroupOnValue";"";"";"";""
2420491;"Date";"LocalDateTable_3b2ca12b-d423-4593-941b-690c8dbda4a0";"Date";"PaddedDateTableDates";"";True;True;False;False;"Default";"None";"LocalDateTable 3b2ca12b d423 4593 941b 690c8dbda4a0 (2420387)$Date (2420491)";"CalculatedTableColumn";"Date";"";"";True;"";"GroupOnValue";"";"";"";"26771504-0582-4fe9-b97b-2d136a898a6e"
2420492;"AÑO";"LocalDateTable_3b2ca12b-d423-4593-941b-690c8dbda4a0";"Integer";"Years";"";True;False;False;True;"Default";"None";"LocalDateTable 3b2ca12b d423 4593 941b 690c8dbda4a0 (2420387)$Año (2420492)";"Calculated";"";"YEAR([Date])";"";True;"";"GroupOnValue";"";"";"";"2bd19677-fda5-43e8-951c-e13edde489c6"
2420493;"NroMes";"LocalDateTable_3b2ca12b-d423-4593-941b-690c8dbda4a0";"Integer";"MonthOfYear";"";True;False;False;True;"Default";"None";"LocalDateTable 3b2ca12b d423 4593 941b 690c8dbda4a0 (2420387)$NroMes (2420493)";"Calculated";"";"MONTH([Date])";"";True;"";"GroupOnValue";"";"";"";"315b5e15-884d-45cb-a519-555520a469e0"
2420494;"MES";"LocalDateTable_3b2ca12b-d423-4593-941b-690c8dbda4a0";"Text";"Months";"";True;False;False;True;"Default";"None";"LocalDateTable 3b2ca12b d423 4593 941b 690c8dbda4a0 (2420387)$Mes (2420494)";"Calculated";"";"FORMAT([Date], ""MMMM"")";"";True;"NroMes";"GroupOnValue";"";"";"";"180d29e9-9f4c-467c-af3b-b4dc87ee35ee"
2420495;"NroTrimestre";"LocalDateTable_3b2ca12b-d423-4593-941b-690c8dbda4a0";"Integer";"QuarterOfYear";"";True;False;False;True;"Default";"None";"LocalDateTable 3b2ca12b d423 4593 941b 690c8dbda4a0 (2420387)$NroTrimestre (2420495)";"Calculated";"";"INT(([NroMes] + 2) / 3)";"";True;"";"GroupOnValue";"";"";"";"cef5a56f-3ea7-48b4-a1bf-0882ae7bf876"
2420496;"Trimestre";"LocalDateTable_3b2ca12b-d423-4593-941b-690c8dbda4a0";"Text";"Quarters";"";True;False;False;True;"Default";"None";"LocalDateTable 3b2ca12b d423 4593 941b 690c8dbda4a0 (2420387)$Trimestre (2420496)";"Calculated";"";"""Trim. "" & [NroTrimestre]";"";True;"NroTrimestre";"GroupOnValue";"";"";"";"c65cf260-3dbb-4a14-ac53-485972c4187d"
2420497;"Día";"LocalDateTable_3b2ca12b-d423-4593-941b-690c8dbda4a0";"Integer";"DayOfMonth";"";True;False;False;True;"Default";"None";"LocalDateTable 3b2ca12b d423 4593 941b 690c8dbda4a0 (2420387)$Día (2420497)";"Calculated";"";"DAY([Date])";"";True;"";"GroupOnValue";"";"";"";"f6ddc567-2e9b-40f0-b230-2482735c35db"
2420391;"RowNumber-2662979B-1795-4F74-8F37-6A1BA8059B61";"LocalDateTable_a882a1de-79d9-420e-83ca-673ef5887871";"Integer";"RowNumber";"";True;True;True;False;"Default";"Default";"LocalDateTable a882a1de 79d9 420e 83ca 673ef5887871 (2420390)$RowNumber 2662979B 1795 4F74 8F37 6A1BA8059B61 (2420391)";"RowNumber";"RowNumber-2662979B-1795-4F74-8F37-6A1BA8059B61";"";"";True;"";"GroupOnValue";"";"";"";""
2420499;"Date";"LocalDateTable_a882a1de-79d9-420e-83ca-673ef5887871";"Date";"PaddedDateTableDates";"";True;True;False;False;"Default";"None";"LocalDateTable a882a1de 79d9 420e 83ca 673ef5887871 (2420390)$Date (2420499)";"CalculatedTableColumn";"Date";"";"";True;"";"GroupOnValue";"";"";"";"5bc9e99a-51b2-428b-b987-72612d0d64d0"
2420500;"AÑO";"LocalDateTable_a882a1de-79d9-420e-83ca-673ef5887871";"Integer";"Years";"";True;False;False;True;"Default";"None";"LocalDateTable a882a1de 79d9 420e 83ca 673ef5887871 (2420390)$Año (2420500)";"Calculated";"";"YEAR([Date])";"";True;"";"GroupOnValue";"";"";"";"6f765724-1365-4365-858f-5ba32f458813"
2420501;"NroMes";"LocalDateTable_a882a1de-79d9-420e-83ca-673ef5887871";"Integer";"MonthOfYear";"";True;False;False;True;"Default";"None";"LocalDateTable a882a1de 79d9 420e 83ca 673ef5887871 (2420390)$NroMes (2420501)";"Calculated";"";"MONTH([Date])";"";True;"";"GroupOnValue";"";"";"";"4d94d3ee-50bf-459f-bd88-10d87dca1064"
2420502;"MES";"LocalDateTable_a882a1de-79d9-420e-83ca-673ef5887871";"Text";"Months";"";True;False;False;True;"Default";"None";"LocalDateTable a882a1de 79d9 420e 83ca 673ef5887871 (2420390)$Mes (2420502)";"Calculated";"";"FORMAT([Date], ""MMMM"")";"";True;"NroMes";"GroupOnValue";"";"";"";"f91da620-4a78-425d-8a64-7b29668bc676"
2420503;"NroTrimestre";"LocalDateTable_a882a1de-79d9-420e-83ca-673ef5887871";"Integer";"QuarterOfYear";"";True;False;False;True;"Default";"None";"LocalDateTable a882a1de 79d9 420e 83ca 673ef5887871 (2420390)$NroTrimestre (2420503)";"Calculated";"";"INT(([NroMes] + 2) / 3)";"";True;"";"GroupOnValue";"";"";"";"700aaa75-f7aa-491a-a325-a69295cdbe4c"
2420504;"Trimestre";"LocalDateTable_a882a1de-79d9-420e-83ca-673ef5887871";"Text";"Quarters";"";True;False;False;True;"Default";"None";"LocalDateTable a882a1de 79d9 420e 83ca 673ef5887871 (2420390)$Trimestre (2420504)";"Calculated";"";"""Trim. "" & [NroTrimestre]";"";True;"NroTrimestre";"GroupOnValue";"";"";"";"005165e7-10a6-45a4-b4cb-66cd732dc09e"
2420505;"Día";"LocalDateTable_a882a1de-79d9-420e-83ca-673ef5887871";"Integer";"DayOfMonth";"";True;False;False;True;"Default";"None";"LocalDateTable a882a1de 79d9 420e 83ca 673ef5887871 (2420390)$Día (2420505)";"Calculated";"";"DAY([Date])";"";True;"";"GroupOnValue";"";"";"";"bafe2dd0-220a-4f96-adce-49fc228f9187"
2420394;"RowNumber-2662979B-1795-4F74-8F37-6A1BA8059B61";"LocalDateTable_b8380458-d1e2-47bd-bf85-0080e8db6f57";"Integer";"RowNumber";"";True;True;True;False;"Default";"Default";"LocalDateTable b8380458 d1e2 47bd bf85 0080e8db6f57 (2420393)$RowNumber 2662979B 1795 4F74 8F37 6A1BA8059B61 (2420394)";"RowNumber";"RowNumber-2662979B-1795-4F74-8F37-6A1BA8059B61";"";"";True;"";"GroupOnValue";"";"";"";""
2420507;"Date";"LocalDateTable_b8380458-d1e2-47bd-bf85-0080e8db6f57";"Date";"PaddedDateTableDates";"";True;True;False;False;"Default";"None";"LocalDateTable b8380458 d1e2 47bd bf85 0080e8db6f57 (2420393)$Date (2420507)";"CalculatedTableColumn";"Date";"";"";True;"";"GroupOnValue";"";"";"";"75ff14b7-b726-4c35-95ad-b5fd728565bf"
2420508;"AÑO";"LocalDateTable_b8380458-d1e2-47bd-bf85-0080e8db6f57";"Integer";"Years";"";True;False;False;True;"Default";"None";"LocalDateTable b8380458 d1e2 47bd bf85 0080e8db6f57 (2420393)$Año (2420508)";"Calculated";"";"YEAR([Date])";"";True;"";"GroupOnValue";"";"";"";"047162e9-a154-43a7-bfa4-4478a6324fb3"
2420509;"NroMes";"LocalDateTable_b8380458-d1e2-47bd-bf85-0080e8db6f57";"Integer";"MonthOfYear";"";True;False;False;True;"Default";"None";"LocalDateTable b8380458 d1e2 47bd bf85 0080e8db6f57 (2420393)$NroMes (2420509)";"Calculated";"";"MONTH([Date])";"";True;"";"GroupOnValue";"";"";"";"161ca56a-2f22-4512-ac14-18bfd4276f1c"
2420510;"MES";"LocalDateTable_b8380458-d1e2-47bd-bf85-0080e8db6f57";"Text";"Months";"";True;False;False;True;"Default";"None";"LocalDateTable b8380458 d1e2 47bd bf85 0080e8db6f57 (2420393)$Mes (2420510)";"Calculated";"";"FORMAT([Date], ""MMMM"")";"";True;"NroMes";"GroupOnValue";"";"";"";"75ecda7c-27d7-4179-a043-0d4652634159"
2420511;"NroTrimestre";"LocalDateTable_b8380458-d1e2-47bd-bf85-0080e8db6f57";"Integer";"QuarterOfYear";"";True;False;False;True;"Default";"None";"LocalDateTable b8380458 d1e2 47bd bf85 0080e8db6f57 (2420393)$NroTrimestre (2420511)";"Calculated";"";"INT(([NroMes] + 2) / 3)";"";True;"";"GroupOnValue";"";"";"";"2a9d67d1-5d06-4146-ba2f-484bc25307a0"
2420512;"Trimestre";"LocalDateTable_b8380458-d1e2-47bd-bf85-0080e8db6f57";"Text";"Quarters";"";True;False;False;True;"Default";"None";"LocalDateTable b8380458 d1e2 47bd bf85 0080e8db6f57 (2420393)$Trimestre (2420512)";"Calculated";"";"""Trim. "" & [NroTrimestre]";"";True;"NroTrimestre";"GroupOnValue";"";"";"";"c01c6cfe-7ec2-4151-82d1-9fc5d156d2f0"
2420513;"Día";"LocalDateTable_b8380458-d1e2-47bd-bf85-0080e8db6f57";"Integer";"DayOfMonth";"";True;False;False;True;"Default";"None";"LocalDateTable b8380458 d1e2 47bd bf85 0080e8db6f57 (2420393)$Día (2420513)";"Calculated";"";"DAY([Date])";"";True;"";"GroupOnValue";"";"";"";"0986d026-92fa-401d-8607-a6807d5bc732"
2420397;"RowNumber-2662979B-1795-4F74-8F37-6A1BA8059B61";"LocalDateTable_d2ae1c67-8e76-4127-89f0-ad339eb03c03";"Integer";"RowNumber";"";True;True;True;False;"Default";"Default";"LocalDateTable d2ae1c67 8e76 4127 89f0 ad339eb03c03 (2420396)$RowNumber 2662979B 1795 4F74 8F37 6A1BA8059B61 (2420397)";"RowNumber";"RowNumber-2662979B-1795-4F74-8F37-6A1BA8059B61";"";"";True;"";"GroupOnValue";"";"";"";""
2420515;"Date";"LocalDateTable_d2ae1c67-8e76-4127-89f0-ad339eb03c03";"Date";"PaddedDateTableDates";"";True;True;False;False;"Default";"None";"LocalDateTable d2ae1c67 8e76 4127 89f0 ad339eb03c03 (2420396)$Date (2420515)";"CalculatedTableColumn";"Date";"";"";True;"";"GroupOnValue";"";"";"";"480718b8-27dd-4ccd-9387-0cd9679351db"
2420516;"AÑO";"LocalDateTable_d2ae1c67-8e76-4127-89f0-ad339eb03c03";"Integer";"Years";"";True;False;False;True;"Default";"None";"LocalDateTable d2ae1c67 8e76 4127 89f0 ad339eb03c03 (2420396)$Año (2420516)";"Calculated";"";"YEAR([Date])";"";True;"";"GroupOnValue";"";"";"";"a92855e6-01e3-42ca-a4c3-f557e4c21b5d"
2420517;"NroMes";"LocalDateTable_d2ae1c67-8e76-4127-89f0-ad339eb03c03";"Integer";"MonthOfYear";"";True;False;False;True;"Default";"None";"LocalDateTable d2ae1c67 8e76 4127 89f0 ad339eb03c03 (2420396)$NroMes (2420517)";"Calculated";"";"MONTH([Date])";"";True;"";"GroupOnValue";"";"";"";"01d235ee-dcd8-465d-a624-4704bf4b2f11"
2420518;"MES";"LocalDateTable_d2ae1c67-8e76-4127-89f0-ad339eb03c03";"Text";"Months";"";True;False;False;True;"Default";"None";"LocalDateTable d2ae1c67 8e76 4127 89f0 ad339eb03c03 (2420396)$Mes (2420518)";"Calculated";"";"FORMAT([Date], ""MMMM"")";"";True;"NroMes";"GroupOnValue";"";"";"";"db723665-6d01-4de9-a6d8-0bf420ff8bad"
2420519;"NroTrimestre";"LocalDateTable_d2ae1c67-8e76-4127-89f0-ad339eb03c03";"Integer";"QuarterOfYear";"";True;False;False;True;"Default";"None";"LocalDateTable d2ae1c67 8e76 4127 89f0 ad339eb03c03 (2420396)$NroTrimestre (2420519)";"Calculated";"";"INT(([NroMes] + 2) / 3)";"";True;"";"GroupOnValue";"";"";"";"70a9dab9-778b-475a-9ee0-8798a46f1cdb"
2420520;"Trimestre";"LocalDateTable_d2ae1c67-8e76-4127-89f0-ad339eb03c03";"Text";"Quarters";"";True;False;False;True;"Default";"None";"LocalDateTable d2ae1c67 8e76 4127 89f0 ad339eb03c03 (2420396)$Trimestre (2420520)";"Calculated";"";"""Trim. "" & [NroTrimestre]";"";True;"NroTrimestre";"GroupOnValue";"";"";"";"cc5d6420-e7d9-4a13-a2d7-79e6a82b8753"
2420521;"Día";"LocalDateTable_d2ae1c67-8e76-4127-89f0-ad339eb03c03";"Integer";"DayOfMonth";"";True;False;False;True;"Default";"None";"LocalDateTable d2ae1c67 8e76 4127 89f0 ad339eb03c03 (2420396)$Día (2420521)";"Calculated";"";"DAY([Date])";"";True;"";"GroupOnValue";"";"";"";"9686bc8b-9d5d-4421-9630-7228a1551613"
2420400;"RowNumber-2662979B-1795-4F74-8F37-6A1BA8059B61";"LocalDateTable_815ca82d-535c-4f8c-bfe2-7eb4cc426ad4";"Integer";"RowNumber";"";True;True;True;False;"Default";"Default";"LocalDateTable 815ca82d 535c 4f8c bfe2 7eb4cc426ad4 (2420399)$RowNumber 2662979B 1795 4F74 8F37 6A1BA8059B61 (2420400)";"RowNumber";"RowNumber-2662979B-1795-4F74-8F37-6A1BA8059B61";"";"";True;"";"GroupOnValue";"";"";"";""
2420523;"Date";"LocalDateTable_815ca82d-535c-4f8c-bfe2-7eb4cc426ad4";"Date";"PaddedDateTableDates";"";True;True;False;False;"Default";"None";"LocalDateTable 815ca82d 535c 4f8c bfe2 7eb4cc426ad4 (2420399)$Date (2420523)";"CalculatedTableColumn";"Date";"";"";True;"";"GroupOnValue";"";"";"";"6562f9bc-1a1d-45fd-92c9-ab71dd002ed5"
2420524;"AÑO";"LocalDateTable_815ca82d-535c-4f8c-bfe2-7eb4cc426ad4";"Integer";"Years";"";True;False;False;True;"Default";"None";"LocalDateTable 815ca82d 535c 4f8c bfe2 7eb4cc426ad4 (2420399)$Año (2420524)";"Calculated";"";"YEAR([Date])";"";True;"";"GroupOnValue";"";"";"";"ab9a4907-deae-4298-820b-8e9b46d9bdc7"
2420525;"NroMes";"LocalDateTable_815ca82d-535c-4f8c-bfe2-7eb4cc426ad4";"Integer";"MonthOfYear";"";True;False;False;True;"Default";"None";"LocalDateTable 815ca82d 535c 4f8c bfe2 7eb4cc426ad4 (2420399)$NroMes (2420525)";"Calculated";"";"MONTH([Date])";"";True;"";"GroupOnValue";"";"";"";"cdd37a11-cc68-42f9-85cd-59347ff56453"
2420526;"MES";"LocalDateTable_815ca82d-535c-4f8c-bfe2-7eb4cc426ad4";"Text";"Months";"";True;False;False;True;"Default";"None";"LocalDateTable 815ca82d 535c 4f8c bfe2 7eb4cc426ad4 (2420399)$Mes (2420526)";"Calculated";"";"FORMAT([Date], ""MMMM"")";"";True;"NroMes";"GroupOnValue";"";"";"";"91bd8cb3-18fe-4414-915a-15cb88c40b3c"
2420527;"NroTrimestre";"LocalDateTable_815ca82d-535c-4f8c-bfe2-7eb4cc426ad4";"Integer";"QuarterOfYear";"";True;False;False;True;"Default";"None";"LocalDateTable 815ca82d 535c 4f8c bfe2 7eb4cc426ad4 (2420399)$NroTrimestre (2420527)";"Calculated";"";"INT(([NroMes] + 2) / 3)";"";True;"";"GroupOnValue";"";"";"";"fa6cdd22-59b9-4d63-b73f-91ce5d6b9dad"
2420528;"Trimestre";"LocalDateTable_815ca82d-535c-4f8c-bfe2-7eb4cc426ad4";"Text";"Quarters";"";True;False;False;True;"Default";"None";"LocalDateTable 815ca82d 535c 4f8c bfe2 7eb4cc426ad4 (2420399)$Trimestre (2420528)";"Calculated";"";"""Trim. "" & [NroTrimestre]";"";True;"NroTrimestre";"GroupOnValue";"";"";"";"183b06dc-b4d6-42b1-890b-e16dd09f6949"
2420529;"Día";"LocalDateTable_815ca82d-535c-4f8c-bfe2-7eb4cc426ad4";"Integer";"DayOfMonth";"";True;False;False;True;"Default";"None";"LocalDateTable 815ca82d 535c 4f8c bfe2 7eb4cc426ad4 (2420399)$Día (2420529)";"Calculated";"";"DAY([Date])";"";True;"";"GroupOnValue";"";"";"";"0f7e4a13-16f5-4ec3-be56-287120caf88a"
2420403;"RowNumber-2662979B-1795-4F74-8F37-6A1BA8059B61";"LocalDateTable_89c7fc6a-f48d-46c1-b2cc-5fb6940adf3d";"Integer";"RowNumber";"";True;True;True;False;"Default";"Default";"LocalDateTable 89c7fc6a f48d 46c1 b2cc 5fb6940adf3d (2420402)$RowNumber 2662979B 1795 4F74 8F37 6A1BA8059B61 (2420403)";"RowNumber";"RowNumber-2662979B-1795-4F74-8F37-6A1BA8059B61";"";"";True;"";"GroupOnValue";"";"";"";""
2420531;"Date";"LocalDateTable_89c7fc6a-f48d-46c1-b2cc-5fb6940adf3d";"Date";"PaddedDateTableDates";"";True;True;False;False;"Default";"None";"LocalDateTable 89c7fc6a f48d 46c1 b2cc 5fb6940adf3d (2420402)$Date (2420531)";"CalculatedTableColumn";"Date";"";"";True;"";"GroupOnValue";"";"";"";"245e61c5-2ca2-4f65-8fb6-f63d02b62438"
2420532;"AÑO";"LocalDateTable_89c7fc6a-f48d-46c1-b2cc-5fb6940adf3d";"Integer";"Years";"";True;False;False;True;"Default";"None";"LocalDateTable 89c7fc6a f48d 46c1 b2cc 5fb6940adf3d (2420402)$Año (2420532)";"Calculated";"";"YEAR([Date])";"";True;"";"GroupOnValue";"";"";"";"9f9ee488-cccf-4c86-951e-2b9d5f1317a0"
2420533;"NroMes";"LocalDateTable_89c7fc6a-f48d-46c1-b2cc-5fb6940adf3d";"Integer";"MonthOfYear";"";True;False;False;True;"Default";"None";"LocalDateTable 89c7fc6a f48d 46c1 b2cc 5fb6940adf3d (2420402)$NroMes (2420533)";"Calculated";"";"MONTH([Date])";"";True;"";"GroupOnValue";"";"";"";"f7ae43be-aefd-4090-884b-cd0cd893b09b"
2420534;"MES";"LocalDateTable_89c7fc6a-f48d-46c1-b2cc-5fb6940adf3d";"Text";"Months";"";True;False;False;True;"Default";"None";"LocalDateTable 89c7fc6a f48d 46c1 b2cc 5fb6940adf3d (2420402)$Mes (2420534)";"Calculated";"";"FORMAT([Date], ""MMMM"")";"";True;"NroMes";"GroupOnValue";"";"";"";"98be2ffd-e1a0-4f82-8223-a8ab4c83e8c9"
2420535;"NroTrimestre";"LocalDateTable_89c7fc6a-f48d-46c1-b2cc-5fb6940adf3d";"Integer";"QuarterOfYear";"";True;False;False;True;"Default";"None";"LocalDateTable 89c7fc6a f48d 46c1 b2cc 5fb6940adf3d (2420402)$NroTrimestre (2420535)";"Calculated";"";"INT(([NroMes] + 2) / 3)";"";True;"";"GroupOnValue";"";"";"";"63cbce57-70f6-423a-888f-bb40dc6ef498"
2420536;"Trimestre";"LocalDateTable_89c7fc6a-f48d-46c1-b2cc-5fb6940adf3d";"Text";"Quarters";"";True;False;False;True;"Default";"None";"LocalDateTable 89c7fc6a f48d 46c1 b2cc 5fb6940adf3d (2420402)$Trimestre (2420536)";"Calculated";"";"""Trim. "" & [NroTrimestre]";"";True;"NroTrimestre";"GroupOnValue";"";"";"";"1e26dced-ea06-4438-a8ac-37aa8ba35cf1"
2420537;"Día";"LocalDateTable_89c7fc6a-f48d-46c1-b2cc-5fb6940adf3d";"Integer";"DayOfMonth";"";True;False;False;True;"Default";"None";"LocalDateTable 89c7fc6a f48d 46c1 b2cc 5fb6940adf3d (2420402)$Día (2420537)";"Calculated";"";"DAY([Date])";"";True;"";"GroupOnValue";"";"";"";"09623604-24e7-4c3f-bd36-6d414b1edf39"
2420406;"RowNumber-2662979B-1795-4F74-8F37-6A1BA8059B61";"LocalDateTable_1bae119e-6d08-4330-a7e2-4ec09c8aabab";"Integer";"RowNumber";"";True;True;True;False;"Default";"Default";"LocalDateTable 1bae119e 6d08 4330 a7e2 4ec09c8aabab (2420405)$RowNumber 2662979B 1795 4F74 8F37 6A1BA8059B61 (2420406)";"RowNumber";"RowNumber-2662979B-1795-4F74-8F37-6A1BA8059B61";"";"";True;"";"GroupOnValue";"";"";"";""
2420539;"Date";"LocalDateTable_1bae119e-6d08-4330-a7e2-4ec09c8aabab";"Date";"PaddedDateTableDates";"";True;True;False;False;"Default";"None";"LocalDateTable 1bae119e 6d08 4330 a7e2 4ec09c8aabab (2420405)$Date (2420539)";"CalculatedTableColumn";"Date";"";"";True;"";"GroupOnValue";"";"";"";"9e5a49f9-365e-4b9e-bd0f-75769747fc05"
2420540;"AÑO";"LocalDateTable_1bae119e-6d08-4330-a7e2-4ec09c8aabab";"Integer";"Years";"";True;False;False;True;"Default";"None";"LocalDateTable 1bae119e 6d08 4330 a7e2 4ec09c8aabab (2420405)$Año (2420540)";"Calculated";"";"YEAR([Date])";"";True;"";"GroupOnValue";"";"";"";"9813c44f-166d-4992-82e4-94add922b76e"
2420541;"NroMes";"LocalDateTable_1bae119e-6d08-4330-a7e2-4ec09c8aabab";"Integer";"MonthOfYear";"";True;False;False;True;"Default";"None";"LocalDateTable 1bae119e 6d08 4330 a7e2 4ec09c8aabab (2420405)$NroMes (2420541)";"Calculated";"";"MONTH([Date])";"";True;"";"GroupOnValue";"";"";"";"cb1cf980-3ef8-4c29-9ade-fcc09accc593"
2420542;"MES";"LocalDateTable_1bae119e-6d08-4330-a7e2-4ec09c8aabab";"Text";"Months";"";True;False;False;True;"Default";"None";"LocalDateTable 1bae119e 6d08 4330 a7e2 4ec09c8aabab (2420405)$Mes (2420542)";"Calculated";"";"FORMAT([Date], ""MMMM"")";"";True;"NroMes";"GroupOnValue";"";"";"";"20475af2-8ce2-4aab-8fa9-164bf30bf271"
2420543;"NroTrimestre";"LocalDateTable_1bae119e-6d08-4330-a7e2-4ec09c8aabab";"Integer";"QuarterOfYear";"";True;False;False;True;"Default";"None";"LocalDateTable 1bae119e 6d08 4330 a7e2 4ec09c8aabab (2420405)$NroTrimestre (2420543)";"Calculated";"";"INT(([NroMes] + 2) / 3)";"";True;"";"GroupOnValue";"";"";"";"39e1c9f5-dfe2-458d-bd07-37de0eb060ac"
2420544;"Trimestre";"LocalDateTable_1bae119e-6d08-4330-a7e2-4ec09c8aabab";"Text";"Quarters";"";True;False;False;True;"Default";"None";"LocalDateTable 1bae119e 6d08 4330 a7e2 4ec09c8aabab (2420405)$Trimestre (2420544)";"Calculated";"";"""Trim. "" & [NroTrimestre]";"";True;"NroTrimestre";"GroupOnValue";"";"";"";"52a02f28-b07d-4a8c-bf23-0355e27c9e7c"
2420545;"Día";"LocalDateTable_1bae119e-6d08-4330-a7e2-4ec09c8aabab";"Integer";"DayOfMonth";"";True;False;False;True;"Default";"None";"LocalDateTable 1bae119e 6d08 4330 a7e2 4ec09c8aabab (2420405)$Día (2420545)";"Calculated";"";"DAY([Date])";"";True;"";"GroupOnValue";"";"";"";"e9e55ea2-6f97-4cff-9f52-e7b9b751960b"
2671558;"RowNumber-2662979B-1795-4F74-8F37-6A1BA8059B61";"LocalDateTable_1e4d3198-fceb-4af7-8182-f357869f4fe1";"Integer";"RowNumber";"";True;True;True;False;"Default";"Default";"LocalDateTable 1e4d3198 fceb 4af7 8182 f357869f4fe1 (2671557)$RowNumber 2662979B 1795 4F74 8F37 6A1BA8059B61 (2671558)";"RowNumber";"RowNumber-2662979B-1795-4F74-8F37-6A1BA8059B61";"";"";True;"";"GroupOnValue";"";"";"";""
2671563;"Date";"LocalDateTable_1e4d3198-fceb-4af7-8182-f357869f4fe1";"Date";"PaddedDateTableDates";"";True;True;False;False;"Default";"None";"LocalDateTable 1e4d3198 fceb 4af7 8182 f357869f4fe1 (2671557)$Date (2671563)";"CalculatedTableColumn";"Date";"";"";True;"";"GroupOnValue";"";"";"";"6aacfeeb-725c-4941-97a8-0e431ad1c62e"
2671564;"AÑO";"LocalDateTable_1e4d3198-fceb-4af7-8182-f357869f4fe1";"Integer";"Years";"";True;False;False;True;"Default";"None";"LocalDateTable 1e4d3198 fceb 4af7 8182 f357869f4fe1 (2671557)$Año (2671564)";"Calculated";"";"YEAR([Date])";"";True;"";"GroupOnValue";"";"";"";"cafbffcc-5f57-46e1-84c6-e6036b1c3ce5"
2671565;"NroMes";"LocalDateTable_1e4d3198-fceb-4af7-8182-f357869f4fe1";"Integer";"MonthOfYear";"";True;False;False;True;"Default";"None";"LocalDateTable 1e4d3198 fceb 4af7 8182 f357869f4fe1 (2671557)$NroMes (2671565)";"Calculated";"";"MONTH([Date])";"";True;"";"GroupOnValue";"";"";"";"efef2b3e-c99c-4a1f-bff0-f08bece35525"
2671566;"MES";"LocalDateTable_1e4d3198-fceb-4af7-8182-f357869f4fe1";"Text";"Months";"";True;False;False;True;"Default";"None";"LocalDateTable 1e4d3198 fceb 4af7 8182 f357869f4fe1 (2671557)$Mes (2671566)";"Calculated";"";"FORMAT([Date], ""MMMM"")";"";True;"NroMes";"GroupOnValue";"";"";"";"10f82dfe-a83f-48d7-8acc-b802bbfbba51"
2671567;"NroTrimestre";"LocalDateTable_1e4d3198-fceb-4af7-8182-f357869f4fe1";"Integer";"QuarterOfYear";"";True;False;False;True;"Default";"None";"LocalDateTable 1e4d3198 fceb 4af7 8182 f357869f4fe1 (2671557)$NroTrimestre (2671567)";"Calculated";"";"INT(([NroMes] + 2) / 3)";"";True;"";"GroupOnValue";"";"";"";"c46a046d-0c6d-4211-a0b1-153da27bc100"
2671568;"Trimestre";"LocalDateTable_1e4d3198-fceb-4af7-8182-f357869f4fe1";"Text";"Quarters";"";True;False;False;True;"Default";"None";"LocalDateTable 1e4d3198 fceb 4af7 8182 f357869f4fe1 (2671557)$Trimestre (2671568)";"Calculated";"";"""Trim. "" & [NroTrimestre]";"";True;"NroTrimestre";"GroupOnValue";"";"";"";"cb6fc7f0-627f-4479-882d-f83130480f51"
2671569;"Día";"LocalDateTable_1e4d3198-fceb-4af7-8182-f357869f4fe1";"Integer";"DayOfMonth";"";True;False;False;True;"Default";"None";"LocalDateTable 1e4d3198 fceb 4af7 8182 f357869f4fe1 (2671557)$Día (2671569)";"Calculated";"";"DAY([Date])";"";True;"";"GroupOnValue";"";"";"";"bf19d1ad-0ad0-4164-ae10-061a4f68e1db"
2807316;"RowNumber-2662979B-1795-4F74-8F37-6A1BA8059B61";"UNIDAD_CARDIOVASCULAR";"Integer";"RowNumber";"";True;True;True;False;"Default";"Default";"Consulta1 (2807315)$RowNumber 2662979B 1795 4F74 8F37 6A1BA8059B61 (2807316)";"RowNumber";"RowNumber-2662979B-1795-4F74-8F37-6A1BA8059B61";"";"";True;"";"GroupOnValue";"";"";"";""
2807326;"INGRESO";"UNIDAD_CARDIOVASCULAR";"Text";"Regular";"";False;False;False;True;"Default";"None";"Consulta1 (2807315)$INGRESO (2807326)";"Data";"INGRESO";"";"";True;"";"GroupOnValue";"";"";"";"f83d920b-e705-4dbf-8a18-a8fd47fb2b1e"
2807327;"FECHA_SERVICIO";"UNIDAD_CARDIOVASCULAR";"Date";"Regular";"";False;False;False;True;"Default";"None";"Consulta1 (2807315)$FECHA SERVICIO (2807327)";"Data";"FECHA_SERVICIO";"";"General Date";True;"";"GroupOnValue";"";"";"";"42b3f8bd-3ebe-4213-a507-bf478d795dff"
2807335;"IDENTIFICACION";"UNIDAD_CARDIOVASCULAR";"Text";"Regular";"";False;False;False;True;"Default";"None";"Consulta1 (2807315)$IDENTIFICACION (2807335)";"Data";"IDENTIFICACION";"";"";True;"";"GroupOnValue";"";"";"";"e7267635-79c1-4542-b73e-56a47ee77080"
2807336;"CANTIDAD";"UNIDAD_CARDIOVASCULAR";"Number";"Regular";"";False;False;False;True;"Default";"Sum";"Consulta1 (2807315)$CANTIDAD (2807336)";"Data";"CANTIDAD";"";"0";True;"";"GroupOnValue";"";"";"";"1006f0fa-67e4-407a-9a25-c635656aefef"
2807337;"ASEGURADOR";"UNIDAD_CARDIOVASCULAR";"Text";"Regular";"";False;False;False;True;"Default";"None";"Consulta1 (2807315)$ASEGURADOR (2807337)";"Data";"ASEGURADOR";"";"";True;"";"GroupOnValue";"";"";"";"7a1894e5-2c38-44a0-9eed-c11e44c8cf80"
2807338;"servicio";"UNIDAD_CARDIOVASCULAR";"Text";"Regular";"";False;False;False;True;"Default";"None";"Consulta1 (2807315)$SERVICIO (2807338)";"Data";"servicio";"";"";True;"";"GroupOnValue";"";"";"";"dcf70501-4240-458d-bd64-931a93dd5485"
2807339;"CUPS";"UNIDAD_CARDIOVASCULAR";"Text";"Regular";"";False;False;False;True;"Default";"None";"Consulta1 (2807315)$CUPS (2807339)";"Data";"CUPS";"";"";True;"";"GroupOnValue";"";"";"";"c47b4b20-58ff-4f60-b6bd-9d46902381ea"
2807340;"SERVICIO2";"UNIDAD_CARDIOVASCULAR";"Text";"Regular";"";False;False;False;True;"Default";"None";"Consulta1 (2807315)$SERVICIO2 (2807340)";"Data";"SERVICIO2";"";"";True;"";"GroupOnValue";"";"";"";"4b38e126-e3a4-44ab-b306-bea9bc4907f3"
2807341;"TIPO_INGRESO";"UNIDAD_CARDIOVASCULAR";"Text";"Regular";"";False;False;False;True;"Default";"None";"Consulta1 (2807315)$TIPO INGRESO (2807341)";"Data";"TIPO_INGRESO";"";"";True;"";"GroupOnValue";"";"";"";"78806c76-2759-4863-ac8e-930873f3e007"
2807342;"MEDICO";"UNIDAD_CARDIOVASCULAR";"Text";"Regular";"";False;False;False;True;"Default";"None";"Consulta1 (2807315)$MEDICO (2807342)";"Data";"MEDICO";"";"";True;"";"GroupOnValue";"";"";"";"9641b564-cc17-4568-872a-cfa8d86c8d4e"
2807343;"PACIENTE";"UNIDAD_CARDIOVASCULAR";"Text";"Regular";"";False;False;False;True;"Default";"None";"Consulta1 (2807315)$PACIENTE (2807343)";"Data";"PACIENTE";"";"";True;"";"GroupOnValue";"";"";"";"d02887ad-8b10-4f58-ae8e-ea922fb5f8af"
2807344;"TELEFONO";"UNIDAD_CARDIOVASCULAR";"Text";"Regular";"";False;False;False;True;"Default";"None";"Consulta1 (2807315)$TELEFONO (2807344)";"Data";"TELEFONO";"";"";True;"";"GroupOnValue";"";"";"";"8fe59a12-edba-46ad-a7ea-0c5fc5fefc36"
2807345;"ESPECIALIDAD";"UNIDAD_CARDIOVASCULAR";"Text";"Regular";"";False;False;False;True;"Default";"None";"Consulta1 (2807315)$ESPECIALIDAD (2807345)";"Data";"ESPECIALIDAD";"";"";True;"";"GroupOnValue";"";"";"";"fe9fa35f-e36f-4d6c-b5d9-5f69a5378d7b"
3115049;"AGRUPA";"UNIDAD_CARDIOVASCULAR";"Text";"Regular";"";False;False;False;True;"Default";"None";"Consulta1 (2807315)$AGRUPA (3115049)";"Data";"AGRUPA";"";"";True;"";"GroupOnValue";"";"";"";"39cb8bf9-96f8-4830-a126-6ab4f01dedb3"
3029161;"RowNumber-2662979B-1795-4F74-8F37-6A1BA8059B61";"CIRUGIAS_PENDIENTES";"Integer";"RowNumber";"";True;True;True;False;"Default";"Default";"Consulta1 (3029160)$RowNumber 2662979B 1795 4F74 8F37 6A1BA8059B61 (3029161)";"RowNumber";"RowNumber-2662979B-1795-4F74-8F37-6A1BA8059B61";"";"";True;"";"GroupOnValue";"";"";"";""
3029223;"DOCUMENTO";"CIRUGIAS_PENDIENTES";"Text";"Regular";"";False;False;False;True;"Default";"None";"Consulta1 (3029160)$DOCUMENTO (3029223)";"Data";"DOCUMENTO";"";"";True;"";"GroupOnValue";"";"";"";"16555536-d9e1-4f0c-aad1-945d7722f324"
3029224;"Nombre";"CIRUGIAS_PENDIENTES";"Text";"Regular";"";False;False;False;True;"Default";"None";"Consulta1 (3029160)$NOMBRE (3029224)";"Data";"Nombre";"";"";True;"";"GroupOnValue";"";"";"";"ac7a186d-dfb0-4986-9ff2-fc57da6111f5"
3029225;"EPS";"CIRUGIAS_PENDIENTES";"Text";"Regular";"";False;False;False;True;"Default";"None";"Consulta1 (3029160)$EPS (3029225)";"Data";"EPS";"";"";True;"";"GroupOnValue";"";"";"";"95db461a-0ae8-4d23-9e84-aafda4100f45"
3029226;"ESPECIALIDAD";"CIRUGIAS_PENDIENTES";"Text";"Regular";"";False;False;False;True;"Default";"None";"Consulta1 (3029160)$ESPECIALIDAD (3029226)";"Data";"ESPECIALIDAD";"";"";True;"";"GroupOnValue";"";"";"";"8c00fbb8-084d-48f7-9107-8eb9ede6c8eb"
3029227;"PROCEDIMIENTO";"CIRUGIAS_PENDIENTES";"Text";"Regular";"";False;False;False;True;"Default";"None";"Consulta1 (3029160)$PROCEDIMIENTO (3029227)";"Data";"PROCEDIMIENTO";"";"";True;"";"GroupOnValue";"";"";"";"5743b802-1b87-4983-bcc8-1f52e0d8a616"
3029228;"TERNOMCOM";"CIRUGIAS_PENDIENTES";"Text";"Regular";"";False;False;False;True;"Default";"None";"Consulta1 (3029160)$TERNOMCOM (3029228)";"Data";"TERNOMCOM";"";"";True;"";"GroupOnValue";"";"";"";"ffa7cc32-95d8-4868-a48a-dd3e8a82e3cf"
3029229;"TERCERO";"CIRUGIAS_PENDIENTES";"Integer";"Regular";"";False;False;False;True;"Default";"Sum";"Consulta1 (3029160)$TERCERO (3029229)";"Data";"TERCERO";"";"0";True;"";"GroupOnValue";"";"";"";"d02f386d-02d7-4c05-a734-cea757300419"
3029230;"MEDICO";"CIRUGIAS_PENDIENTES";"Text";"Regular";"";False;False;False;True;"Default";"None";"Consulta1 (3029160)$MEDICO (3029230)";"Data";"MEDICO";"";"";True;"";"GroupOnValue";"";"";"";"9dcf28fb-5ab9-42d4-b9e6-df16c4fec7ae"
3029231;"Planeada";"CIRUGIAS_PENDIENTES";"Date";"Regular";"";False;False;False;True;"Default";"None";"Consulta1 (3029160)$Planeada (3029231)";"Data";"Planeada";"";"General Date";True;"";"GroupOnValue";"";"";"";"5e91b1ae-eefd-4251-b4dd-74cdae6437f9"
3029239;"Paciente en Consulta Externa";"CIRUGIAS_PENDIENTES";"Date";"Regular";"";False;False;False;True;"Default";"None";"Consulta1 (3029160)$Paciente en Consulta Externa (3029239)";"Data";"Paciente en Consulta Externa";"";"General Date";True;"";"GroupOnValue";"";"";"";"0837c37e-5e3a-436e-a6c4-174bcd7ec33c"
3029247;"Paciente por Autorizar";"CIRUGIAS_PENDIENTES";"Date";"Regular";"";False;False;False;True;"Default";"None";"Consulta1 (3029160)$Paciente por Autorizar (3029247)";"Data";"Paciente por Autorizar";"";"General Date";True;"";"GroupOnValue";"";"";"";"c1598e44-a978-4fe6-b109-3afedb2d87d5"
3029255;"Documentación Entregada por Facturación";"CIRUGIAS_PENDIENTES";"Date";"Regular";"";False;False;False;True;"Default";"None";"Consulta1 (3029160)$Documentación Entregada por Facturación (3029255)";"Data";"Documentación Entregada por Facturación";"";"General Date";True;"";"GroupOnValue";"";"";"";"9ff7a16c-21d0-41fb-9845-b191162c9193"
3029263;"Paciente No Autorizado";"CIRUGIAS_PENDIENTES";"Date";"Regular";"";False;False;False;True;"Default";"None";"Consulta1 (3029160)$Paciente No Autorizado (3029263)";"Data";"Paciente No Autorizado";"";"General Date";True;"";"GroupOnValue";"";"";"";"fc00a49a-7f0c-43fd-8a2c-348a6af5996d"
3029271;"Paciente En Espera Pre anestesico";"CIRUGIAS_PENDIENTES";"Date";"Regular";"";False;False;False;True;"Default";"None";"Consulta1 (3029160)$Paciente En Espera Pre anestesico (3029271)";"Data";"Paciente En Espera Pre anestesico";"";"General Date";True;"";"GroupOnValue";"";"";"";"06bf88b8-a72e-44d3-8639-4518227d926d"
3029279;"Paciente En Espera Programacion";"CIRUGIAS_PENDIENTES";"Date";"Regular";"";False;False;False;True;"Default";"None";"Consulta1 (3029160)$Paciente En Espera Programacion (3029279)";"Data";"Paciente En Espera Programacion";"";"General Date";True;"";"GroupOnValue";"";"";"";"00c8564c-f1be-4c2a-9477-18239d6505eb"
3029287;"Paciente En Tramite Clinico/ADM";"CIRUGIAS_PENDIENTES";"Date";"Regular";"";False;False;False;True;"Default";"None";"Consulta1 (3029160)$Paciente En Tramite Clinico ADM (3029287)";"Data";"Paciente En Tramite Clinico/ADM";"";"General Date";True;"";"GroupOnValue";"";"";"";"ad709522-42a9-4eb2-850f-5f17385ee2d5"
3029295;"Paciente Programado";"CIRUGIAS_PENDIENTES";"Date";"Regular";"";False;False;False;True;"Default";"None";"Consulta1 (3029160)$Paciente Programado (3029295)";"Data";"Paciente Programado";"";"General Date";True;"";"GroupOnValue";"";"";"";"95707768-aaa8-466b-9bc0-836780a30311"
3029303;"Paciente en Sala de Espera";"CIRUGIAS_PENDIENTES";"Date";"Regular";"";False;False;False;True;"Default";"None";"Consulta1 (3029160)$Paciente en Sala de Espera (3029303)";"Data";"Paciente en Sala de Espera";"";"General Date";True;"";"GroupOnValue";"";"";"";"1028dfc7-155c-49c7-b8d7-1581762dfb45"
3029311;"Paciente en Quirofano";"CIRUGIAS_PENDIENTES";"Date";"Regular";"";False;False;False;True;"Default";"None";"Consulta1 (3029160)$Paciente en Quirofano (3029311)";"Data";"Paciente en Quirofano";"";"General Date";True;"";"GroupOnValue";"";"";"";"68200c4d-b81f-4bb4-988a-0da740c669c6"
3029319;"Paciente en Recuperacion";"CIRUGIAS_PENDIENTES";"Date";"Regular";"";False;False;False;True;"Default";"None";"Consulta1 (3029160)$Paciente en Recuperacion (3029319)";"Data";"Paciente en Recuperacion";"";"General Date";True;"";"GroupOnValue";"";"";"";"ab3c8462-46ff-456a-a23e-101e16d3262a"
3029327;"Paciente En Salida";"CIRUGIAS_PENDIENTES";"Date";"Regular";"";False;False;False;True;"Default";"None";"Consulta1 (3029160)$Paciente En Salida (3029327)";"Data";"Paciente En Salida";"";"General Date";True;"";"GroupOnValue";"";"";"";"2a7e61ef-ede8-4679-9728-b1f1633f76fc"
3029335;"Paciente Cancelado";"CIRUGIAS_PENDIENTES";"Date";"Regular";"";False;False;False;True;"Default";"None";"Consulta1 (3029160)$Paciente Cancelado (3029335)";"Data";"Paciente Cancelado";"";"General Date";True;"";"GroupOnValue";"";"";"";"a7f68570-1ecd-4c5c-9812-a4af44af04d3"
3029343;"ESTADO ACTUAL";"CIRUGIAS_PENDIENTES";"Text";"Regular";"";False;False;False;True;"Default";"None";"Consulta1 (3029160)$ESTADO ACTUAL (3029343)";"Data";"ESTADO ACTUAL";"";"";True;"";"GroupOnValue";"";"";"";"a66aa474-17ec-4103-bbc8-48bbee9c51ed"
3029344;"FECHA";"CIRUGIAS_PENDIENTES";"Date";"Regular";"";False;False;False;True;"Default";"None";"Consulta1 (3029160)$FECHA (3029344)";"Data";"FECHA";"";"General Date";True;"";"GroupOnValue";"";"";"";"0eeeff96-4af8-408f-aa6b-c1999df983d4"
3029164;"RowNumber-2662979B-1795-4F74-8F37-6A1BA8059B61";"LocalDateTable_99d0d310-fc7f-43a1-bbea-6f656bb02599";"Integer";"RowNumber";"";True;True;True;False;"Default";"Default";"LocalDateTable 99d0d310 fc7f 43a1 bbea 6f656bb02599 (3029163)$RowNumber 2662979B 1795 4F74 8F37 6A1BA8059B61 (3029164)";"RowNumber";"RowNumber-2662979B-1795-4F74-8F37-6A1BA8059B61";"";"";True;"";"GroupOnValue";"";"";"";""
3029232;"Date";"LocalDateTable_99d0d310-fc7f-43a1-bbea-6f656bb02599";"Date";"PaddedDateTableDates";"";True;True;False;False;"Default";"None";"LocalDateTable 99d0d310 fc7f 43a1 bbea 6f656bb02599 (3029163)$Date (3029232)";"CalculatedTableColumn";"Date";"";"";True;"";"GroupOnValue";"";"";"";"c4ca4aab-8123-409a-ac95-10072a13a40d"
3029233;"AÑO";"LocalDateTable_99d0d310-fc7f-43a1-bbea-6f656bb02599";"Integer";"Years";"";True;False;False;True;"Default";"None";"LocalDateTable 99d0d310 fc7f 43a1 bbea 6f656bb02599 (3029163)$Año (3029233)";"Calculated";"";"YEAR([Date])";"";True;"";"GroupOnValue";"";"";"";"2c71efd8-7470-44a2-9e93-cf93fa1faf6a"
3029234;"NroMes";"LocalDateTable_99d0d310-fc7f-43a1-bbea-6f656bb02599";"Integer";"MonthOfYear";"";True;False;False;True;"Default";"None";"LocalDateTable 99d0d310 fc7f 43a1 bbea 6f656bb02599 (3029163)$NroMes (3029234)";"Calculated";"";"MONTH([Date])";"";True;"";"GroupOnValue";"";"";"";"9e520dce-aa95-4829-aa80-2223eb32f050"
3029235;"MES";"LocalDateTable_99d0d310-fc7f-43a1-bbea-6f656bb02599";"Text";"Months";"";True;False;False;True;"Default";"None";"LocalDateTable 99d0d310 fc7f 43a1 bbea 6f656bb02599 (3029163)$Mes (3029235)";"Calculated";"";"FORMAT([Date], ""MMMM"")";"";True;"NroMes";"GroupOnValue";"";"";"";"deb16c00-4854-498d-9f48-11f9bcf30dcb"
3029236;"NroTrimestre";"LocalDateTable_99d0d310-fc7f-43a1-bbea-6f656bb02599";"Integer";"QuarterOfYear";"";True;False;False;True;"Default";"None";"LocalDateTable 99d0d310 fc7f 43a1 bbea 6f656bb02599 (3029163)$NroTrimestre (3029236)";"Calculated";"";"INT(([NroMes] + 2) / 3)";"";True;"";"GroupOnValue";"";"";"";"469512d5-508e-434b-ab20-cf188af2cb44"
3029237;"Trimestre";"LocalDateTable_99d0d310-fc7f-43a1-bbea-6f656bb02599";"Text";"Quarters";"";True;False;False;True;"Default";"None";"LocalDateTable 99d0d310 fc7f 43a1 bbea 6f656bb02599 (3029163)$Trimestre (3029237)";"Calculated";"";"""Trim. "" & [NroTrimestre]";"";True;"NroTrimestre";"GroupOnValue";"";"";"";"b3db10b8-f3ae-4046-8a8f-614bf5be2a75"
3029238;"Día";"LocalDateTable_99d0d310-fc7f-43a1-bbea-6f656bb02599";"Integer";"DayOfMonth";"";True;False;False;True;"Default";"None";"LocalDateTable 99d0d310 fc7f 43a1 bbea 6f656bb02599 (3029163)$Día (3029238)";"Calculated";"";"DAY([Date])";"";True;"";"GroupOnValue";"";"";"";"561ce9f5-196e-4e6d-97b7-0bac35224eb4"
3029167;"RowNumber-2662979B-1795-4F74-8F37-6A1BA8059B61";"LocalDateTable_64c15279-e8c0-4c04-9991-9aef99c7a726";"Integer";"RowNumber";"";True;True;True;False;"Default";"Default";"LocalDateTable 64c15279 e8c0 4c04 9991 9aef99c7a726 (3029166)$RowNumber 2662979B 1795 4F74 8F37 6A1BA8059B61 (3029167)";"RowNumber";"RowNumber-2662979B-1795-4F74-8F37-6A1BA8059B61";"";"";True;"";"GroupOnValue";"";"";"";""
3029240;"Date";"LocalDateTable_64c15279-e8c0-4c04-9991-9aef99c7a726";"Date";"PaddedDateTableDates";"";True;True;False;False;"Default";"None";"LocalDateTable 64c15279 e8c0 4c04 9991 9aef99c7a726 (3029166)$Date (3029240)";"CalculatedTableColumn";"Date";"";"";True;"";"GroupOnValue";"";"";"";"3c87d9f9-e23d-40e4-baaa-429ae59aabf1"
3029241;"AÑO";"LocalDateTable_64c15279-e8c0-4c04-9991-9aef99c7a726";"Integer";"Years";"";True;False;False;True;"Default";"None";"LocalDateTable 64c15279 e8c0 4c04 9991 9aef99c7a726 (3029166)$Año (3029241)";"Calculated";"";"YEAR([Date])";"";True;"";"GroupOnValue";"";"";"";"f8efb5f9-6571-424a-8c55-2755094d8bfc"
3029242;"NroMes";"LocalDateTable_64c15279-e8c0-4c04-9991-9aef99c7a726";"Integer";"MonthOfYear";"";True;False;False;True;"Default";"None";"LocalDateTable 64c15279 e8c0 4c04 9991 9aef99c7a726 (3029166)$NroMes (3029242)";"Calculated";"";"MONTH([Date])";"";True;"";"GroupOnValue";"";"";"";"ad00ec89-0fb9-4283-a706-27642668b81a"
3029243;"MES";"LocalDateTable_64c15279-e8c0-4c04-9991-9aef99c7a726";"Text";"Months";"";True;False;False;True;"Default";"None";"LocalDateTable 64c15279 e8c0 4c04 9991 9aef99c7a726 (3029166)$Mes (3029243)";"Calculated";"";"FORMAT([Date], ""MMMM"")";"";True;"NroMes";"GroupOnValue";"";"";"";"687e1b31-fd55-4079-b21e-aeb6bbe31747"
3029244;"NroTrimestre";"LocalDateTable_64c15279-e8c0-4c04-9991-9aef99c7a726";"Integer";"QuarterOfYear";"";True;False;False;True;"Default";"None";"LocalDateTable 64c15279 e8c0 4c04 9991 9aef99c7a726 (3029166)$NroTrimestre (3029244)";"Calculated";"";"INT(([NroMes] + 2) / 3)";"";True;"";"GroupOnValue";"";"";"";"a798b009-757a-42b3-bf33-ecb290131e10"
3029245;"Trimestre";"LocalDateTable_64c15279-e8c0-4c04-9991-9aef99c7a726";"Text";"Quarters";"";True;False;False;True;"Default";"None";"LocalDateTable 64c15279 e8c0 4c04 9991 9aef99c7a726 (3029166)$Trimestre (3029245)";"Calculated";"";"""Trim. "" & [NroTrimestre]";"";True;"NroTrimestre";"GroupOnValue";"";"";"";"49ca71b0-03a8-4113-9cc3-d5359e83a755"
3029246;"Día";"LocalDateTable_64c15279-e8c0-4c04-9991-9aef99c7a726";"Integer";"DayOfMonth";"";True;False;False;True;"Default";"None";"LocalDateTable 64c15279 e8c0 4c04 9991 9aef99c7a726 (3029166)$Día (3029246)";"Calculated";"";"DAY([Date])";"";True;"";"GroupOnValue";"";"";"";"f6720a21-505c-4a5b-8474-3669d5309566"
3029170;"RowNumber-2662979B-1795-4F74-8F37-6A1BA8059B61";"LocalDateTable_47b477f8-6b89-4988-96c9-2275274a8ef7";"Integer";"RowNumber";"";True;True;True;False;"Default";"Default";"LocalDateTable 47b477f8 6b89 4988 96c9 2275274a8ef7 (3029169)$RowNumber 2662979B 1795 4F74 8F37 6A1BA8059B61 (3029170)";"RowNumber";"RowNumber-2662979B-1795-4F74-8F37-6A1BA8059B61";"";"";True;"";"GroupOnValue";"";"";"";""
3029248;"Date";"LocalDateTable_47b477f8-6b89-4988-96c9-2275274a8ef7";"Date";"PaddedDateTableDates";"";True;True;False;False;"Default";"None";"LocalDateTable 47b477f8 6b89 4988 96c9 2275274a8ef7 (3029169)$Date (3029248)";"CalculatedTableColumn";"Date";"";"";True;"";"GroupOnValue";"";"";"";"0dbcb63b-8767-436f-a417-c8cb345bee1f"
3029249;"AÑO";"LocalDateTable_47b477f8-6b89-4988-96c9-2275274a8ef7";"Integer";"Years";"";True;False;False;True;"Default";"None";"LocalDateTable 47b477f8 6b89 4988 96c9 2275274a8ef7 (3029169)$Año (3029249)";"Calculated";"";"YEAR([Date])";"";True;"";"GroupOnValue";"";"";"";"232b797c-751b-4477-9275-d13ee7a7134a"
3029250;"NroMes";"LocalDateTable_47b477f8-6b89-4988-96c9-2275274a8ef7";"Integer";"MonthOfYear";"";True;False;False;True;"Default";"None";"LocalDateTable 47b477f8 6b89 4988 96c9 2275274a8ef7 (3029169)$NroMes (3029250)";"Calculated";"";"MONTH([Date])";"";True;"";"GroupOnValue";"";"";"";"28ec0113-7857-4d8d-a46b-5c550f3822d7"
3029251;"MES";"LocalDateTable_47b477f8-6b89-4988-96c9-2275274a8ef7";"Text";"Months";"";True;False;False;True;"Default";"None";"LocalDateTable 47b477f8 6b89 4988 96c9 2275274a8ef7 (3029169)$Mes (3029251)";"Calculated";"";"FORMAT([Date], ""MMMM"")";"";True;"NroMes";"GroupOnValue";"";"";"";"db17d104-ba53-4641-9d35-f4a54cdba511"
3029252;"NroTrimestre";"LocalDateTable_47b477f8-6b89-4988-96c9-2275274a8ef7";"Integer";"QuarterOfYear";"";True;False;False;True;"Default";"None";"LocalDateTable 47b477f8 6b89 4988 96c9 2275274a8ef7 (3029169)$NroTrimestre (3029252)";"Calculated";"";"INT(([NroMes] + 2) / 3)";"";True;"";"GroupOnValue";"";"";"";"5ba49d78-7be7-4c14-a3f2-ea99bf655de8"
3029253;"Trimestre";"LocalDateTable_47b477f8-6b89-4988-96c9-2275274a8ef7";"Text";"Quarters";"";True;False;False;True;"Default";"None";"LocalDateTable 47b477f8 6b89 4988 96c9 2275274a8ef7 (3029169)$Trimestre (3029253)";"Calculated";"";"""Trim. "" & [NroTrimestre]";"";True;"NroTrimestre";"GroupOnValue";"";"";"";"13f02e7a-7633-4b03-90f5-881aacf41015"
3029254;"Día";"LocalDateTable_47b477f8-6b89-4988-96c9-2275274a8ef7";"Integer";"DayOfMonth";"";True;False;False;True;"Default";"None";"LocalDateTable 47b477f8 6b89 4988 96c9 2275274a8ef7 (3029169)$Día (3029254)";"Calculated";"";"DAY([Date])";"";True;"";"GroupOnValue";"";"";"";"cf24a57f-e5df-4f99-8f59-28f8a2966a4e"
3029173;"RowNumber-2662979B-1795-4F74-8F37-6A1BA8059B61";"LocalDateTable_29da6148-fb4a-45ee-bf52-293b56c2217f";"Integer";"RowNumber";"";True;True;True;False;"Default";"Default";"LocalDateTable 29da6148 fb4a 45ee bf52 293b56c2217f (3029172)$RowNumber 2662979B 1795 4F74 8F37 6A1BA8059B61 (3029173)";"RowNumber";"RowNumber-2662979B-1795-4F74-8F37-6A1BA8059B61";"";"";True;"";"GroupOnValue";"";"";"";""
3029256;"Date";"LocalDateTable_29da6148-fb4a-45ee-bf52-293b56c2217f";"Date";"PaddedDateTableDates";"";True;True;False;False;"Default";"None";"LocalDateTable 29da6148 fb4a 45ee bf52 293b56c2217f (3029172)$Date (3029256)";"CalculatedTableColumn";"Date";"";"";True;"";"GroupOnValue";"";"";"";"c32ba594-d738-4d72-8fea-c29d5de66e62"
3029257;"AÑO";"LocalDateTable_29da6148-fb4a-45ee-bf52-293b56c2217f";"Integer";"Years";"";True;False;False;True;"Default";"None";"LocalDateTable 29da6148 fb4a 45ee bf52 293b56c2217f (3029172)$Año (3029257)";"Calculated";"";"YEAR([Date])";"";True;"";"GroupOnValue";"";"";"";"f39cc42e-bfac-4e53-bb4f-6ff6a1384eb2"
3029258;"NroMes";"LocalDateTable_29da6148-fb4a-45ee-bf52-293b56c2217f";"Integer";"MonthOfYear";"";True;False;False;True;"Default";"None";"LocalDateTable 29da6148 fb4a 45ee bf52 293b56c2217f (3029172)$NroMes (3029258)";"Calculated";"";"MONTH([Date])";"";True;"";"GroupOnValue";"";"";"";"7947f5ee-cec4-4d95-abcf-d285d2964204"
3029259;"MES";"LocalDateTable_29da6148-fb4a-45ee-bf52-293b56c2217f";"Text";"Months";"";True;False;False;True;"Default";"None";"LocalDateTable 29da6148 fb4a 45ee bf52 293b56c2217f (3029172)$Mes (3029259)";"Calculated";"";"FORMAT([Date], ""MMMM"")";"";True;"NroMes";"GroupOnValue";"";"";"";"1d5073ad-af22-4b01-b45d-e1f6e2d29e99"
3029260;"NroTrimestre";"LocalDateTable_29da6148-fb4a-45ee-bf52-293b56c2217f";"Integer";"QuarterOfYear";"";True;False;False;True;"Default";"None";"LocalDateTable 29da6148 fb4a 45ee bf52 293b56c2217f (3029172)$NroTrimestre (3029260)";"Calculated";"";"INT(([NroMes] + 2) / 3)";"";True;"";"GroupOnValue";"";"";"";"06025ca4-5ef8-4a51-b01b-b7dab0502072"
3029261;"Trimestre";"LocalDateTable_29da6148-fb4a-45ee-bf52-293b56c2217f";"Text";"Quarters";"";True;False;False;True;"Default";"None";"LocalDateTable 29da6148 fb4a 45ee bf52 293b56c2217f (3029172)$Trimestre (3029261)";"Calculated";"";"""Trim. "" & [NroTrimestre]";"";True;"NroTrimestre";"GroupOnValue";"";"";"";"58153c08-c4f6-4ed1-9110-d06008be581d"
3029262;"Día";"LocalDateTable_29da6148-fb4a-45ee-bf52-293b56c2217f";"Integer";"DayOfMonth";"";True;False;False;True;"Default";"None";"LocalDateTable 29da6148 fb4a 45ee bf52 293b56c2217f (3029172)$Día (3029262)";"Calculated";"";"DAY([Date])";"";True;"";"GroupOnValue";"";"";"";"72a70ce9-06d1-46b8-9445-61ba4f8b5896"
3029176;"RowNumber-2662979B-1795-4F74-8F37-6A1BA8059B61";"LocalDateTable_38a465d0-3b00-4290-969a-ba436c07b658";"Integer";"RowNumber";"";True;True;True;False;"Default";"Default";"LocalDateTable 38a465d0 3b00 4290 969a ba436c07b658 (3029175)$RowNumber 2662979B 1795 4F74 8F37 6A1BA8059B61 (3029176)";"RowNumber";"RowNumber-2662979B-1795-4F74-8F37-6A1BA8059B61";"";"";True;"";"GroupOnValue";"";"";"";""
3029264;"Date";"LocalDateTable_38a465d0-3b00-4290-969a-ba436c07b658";"Date";"PaddedDateTableDates";"";True;True;False;False;"Default";"None";"LocalDateTable 38a465d0 3b00 4290 969a ba436c07b658 (3029175)$Date (3029264)";"CalculatedTableColumn";"Date";"";"";True;"";"GroupOnValue";"";"";"";"eeaa6535-7f66-4040-b9aa-112e65314e7f"
3029265;"AÑO";"LocalDateTable_38a465d0-3b00-4290-969a-ba436c07b658";"Integer";"Years";"";True;False;False;True;"Default";"None";"LocalDateTable 38a465d0 3b00 4290 969a ba436c07b658 (3029175)$Año (3029265)";"Calculated";"";"YEAR([Date])";"";True;"";"GroupOnValue";"";"";"";"8eff9b41-2a6b-40a3-a5f5-f3210b4852b9"
3029266;"NroMes";"LocalDateTable_38a465d0-3b00-4290-969a-ba436c07b658";"Integer";"MonthOfYear";"";True;False;False;True;"Default";"None";"LocalDateTable 38a465d0 3b00 4290 969a ba436c07b658 (3029175)$NroMes (3029266)";"Calculated";"";"MONTH([Date])";"";True;"";"GroupOnValue";"";"";"";"833cc508-9460-4970-afa4-bb7a1b7126ae"
3029267;"MES";"LocalDateTable_38a465d0-3b00-4290-969a-ba436c07b658";"Text";"Months";"";True;False;False;True;"Default";"None";"LocalDateTable 38a465d0 3b00 4290 969a ba436c07b658 (3029175)$Mes (3029267)";"Calculated";"";"FORMAT([Date], ""MMMM"")";"";True;"NroMes";"GroupOnValue";"";"";"";"3e46e199-c49b-431d-a180-0df08ac9eb2c"
3029268;"NroTrimestre";"LocalDateTable_38a465d0-3b00-4290-969a-ba436c07b658";"Integer";"QuarterOfYear";"";True;False;False;True;"Default";"None";"LocalDateTable 38a465d0 3b00 4290 969a ba436c07b658 (3029175)$NroTrimestre (3029268)";"Calculated";"";"INT(([NroMes] + 2) / 3)";"";True;"";"GroupOnValue";"";"";"";"6023f7b6-7795-46ea-bc36-2b064aa9c660"
3029269;"Trimestre";"LocalDateTable_38a465d0-3b00-4290-969a-ba436c07b658";"Text";"Quarters";"";True;False;False;True;"Default";"None";"LocalDateTable 38a465d0 3b00 4290 969a ba436c07b658 (3029175)$Trimestre (3029269)";"Calculated";"";"""Trim. "" & [NroTrimestre]";"";True;"NroTrimestre";"GroupOnValue";"";"";"";"2c998184-afcf-4760-9798-5d3fa80ccd2c"
3029270;"Día";"LocalDateTable_38a465d0-3b00-4290-969a-ba436c07b658";"Integer";"DayOfMonth";"";True;False;False;True;"Default";"None";"LocalDateTable 38a465d0 3b00 4290 969a ba436c07b658 (3029175)$Día (3029270)";"Calculated";"";"DAY([Date])";"";True;"";"GroupOnValue";"";"";"";"5edbc6e2-2f0c-4ac9-b6af-1ed4a304aa24"
3029179;"RowNumber-2662979B-1795-4F74-8F37-6A1BA8059B61";"LocalDateTable_5b6ffbbf-e8e1-4dc0-abdb-e1ccdb528fb3";"Integer";"RowNumber";"";True;True;True;False;"Default";"Default";"LocalDateTable 5b6ffbbf e8e1 4dc0 abdb e1ccdb528fb3 (3029178)$RowNumber 2662979B 1795 4F74 8F37 6A1BA8059B61 (3029179)";"RowNumber";"RowNumber-2662979B-1795-4F74-8F37-6A1BA8059B61";"";"";True;"";"GroupOnValue";"";"";"";""
3029272;"Date";"LocalDateTable_5b6ffbbf-e8e1-4dc0-abdb-e1ccdb528fb3";"Date";"PaddedDateTableDates";"";True;True;False;False;"Default";"None";"LocalDateTable 5b6ffbbf e8e1 4dc0 abdb e1ccdb528fb3 (3029178)$Date (3029272)";"CalculatedTableColumn";"Date";"";"";True;"";"GroupOnValue";"";"";"";"b01de71b-2a7a-4bed-9c82-e828caa0b0c6"
3029273;"AÑO";"LocalDateTable_5b6ffbbf-e8e1-4dc0-abdb-e1ccdb528fb3";"Integer";"Years";"";True;False;False;True;"Default";"None";"LocalDateTable 5b6ffbbf e8e1 4dc0 abdb e1ccdb528fb3 (3029178)$Año (3029273)";"Calculated";"";"YEAR([Date])";"";True;"";"GroupOnValue";"";"";"";"82b80518-2413-4a0a-9f09-7ad1450b2025"
3029274;"NroMes";"LocalDateTable_5b6ffbbf-e8e1-4dc0-abdb-e1ccdb528fb3";"Integer";"MonthOfYear";"";True;False;False;True;"Default";"None";"LocalDateTable 5b6ffbbf e8e1 4dc0 abdb e1ccdb528fb3 (3029178)$NroMes (3029274)";"Calculated";"";"MONTH([Date])";"";True;"";"GroupOnValue";"";"";"";"5a699bfe-4b40-4f81-82f0-6771cbda1efb"
3029275;"MES";"LocalDateTable_5b6ffbbf-e8e1-4dc0-abdb-e1ccdb528fb3";"Text";"Months";"";True;False;False;True;"Default";"None";"LocalDateTable 5b6ffbbf e8e1 4dc0 abdb e1ccdb528fb3 (3029178)$Mes (3029275)";"Calculated";"";"FORMAT([Date], ""MMMM"")";"";True;"NroMes";"GroupOnValue";"";"";"";"21250e94-33bf-4ffb-87f5-6c1cc580578c"
3029276;"NroTrimestre";"LocalDateTable_5b6ffbbf-e8e1-4dc0-abdb-e1ccdb528fb3";"Integer";"QuarterOfYear";"";True;False;False;True;"Default";"None";"LocalDateTable 5b6ffbbf e8e1 4dc0 abdb e1ccdb528fb3 (3029178)$NroTrimestre (3029276)";"Calculated";"";"INT(([NroMes] + 2) / 3)";"";True;"";"GroupOnValue";"";"";"";"098db1d1-0b1c-4678-a098-e33dac2634e7"
3029277;"Trimestre";"LocalDateTable_5b6ffbbf-e8e1-4dc0-abdb-e1ccdb528fb3";"Text";"Quarters";"";True;False;False;True;"Default";"None";"LocalDateTable 5b6ffbbf e8e1 4dc0 abdb e1ccdb528fb3 (3029178)$Trimestre (3029277)";"Calculated";"";"""Trim. "" & [NroTrimestre]";"";True;"NroTrimestre";"GroupOnValue";"";"";"";"52f3b7d4-75f7-4895-b8a0-6b06bed9a36c"
3029278;"Día";"LocalDateTable_5b6ffbbf-e8e1-4dc0-abdb-e1ccdb528fb3";"Integer";"DayOfMonth";"";True;False;False;True;"Default";"None";"LocalDateTable 5b6ffbbf e8e1 4dc0 abdb e1ccdb528fb3 (3029178)$Día (3029278)";"Calculated";"";"DAY([Date])";"";True;"";"GroupOnValue";"";"";"";"f4269e2d-893c-4d6e-85d5-80a491c13325"
3029182;"RowNumber-2662979B-1795-4F74-8F37-6A1BA8059B61";"LocalDateTable_b5637514-9587-44b1-8cff-12155eeb5ed0";"Integer";"RowNumber";"";True;True;True;False;"Default";"Default";"LocalDateTable b5637514 9587 44b1 8cff 12155eeb5ed0 (3029181)$RowNumber 2662979B 1795 4F74 8F37 6A1BA8059B61 (3029182)";"RowNumber";"RowNumber-2662979B-1795-4F74-8F37-6A1BA8059B61";"";"";True;"";"GroupOnValue";"";"";"";""
3029280;"Date";"LocalDateTable_b5637514-9587-44b1-8cff-12155eeb5ed0";"Date";"PaddedDateTableDates";"";True;True;False;False;"Default";"None";"LocalDateTable b5637514 9587 44b1 8cff 12155eeb5ed0 (3029181)$Date (3029280)";"CalculatedTableColumn";"Date";"";"";True;"";"GroupOnValue";"";"";"";"c4478bd6-ceba-4c43-9359-b598c75bc04b"
3029281;"AÑO";"LocalDateTable_b5637514-9587-44b1-8cff-12155eeb5ed0";"Integer";"Years";"";True;False;False;True;"Default";"None";"LocalDateTable b5637514 9587 44b1 8cff 12155eeb5ed0 (3029181)$Año (3029281)";"Calculated";"";"YEAR([Date])";"";True;"";"GroupOnValue";"";"";"";"d7a66bf6-e2bc-430b-8936-41ed663a3a46"
3029282;"NroMes";"LocalDateTable_b5637514-9587-44b1-8cff-12155eeb5ed0";"Integer";"MonthOfYear";"";True;False;False;True;"Default";"None";"LocalDateTable b5637514 9587 44b1 8cff 12155eeb5ed0 (3029181)$NroMes (3029282)";"Calculated";"";"MONTH([Date])";"";True;"";"GroupOnValue";"";"";"";"10424691-3922-4bba-8c94-a0ecd0a19ba1"
3029283;"MES";"LocalDateTable_b5637514-9587-44b1-8cff-12155eeb5ed0";"Text";"Months";"";True;False;False;True;"Default";"None";"LocalDateTable b5637514 9587 44b1 8cff 12155eeb5ed0 (3029181)$Mes (3029283)";"Calculated";"";"FORMAT([Date], ""MMMM"")";"";True;"NroMes";"GroupOnValue";"";"";"";"dbfbca60-92a4-42e4-bbd2-e3fa59365b05"
3029284;"NroTrimestre";"LocalDateTable_b5637514-9587-44b1-8cff-12155eeb5ed0";"Integer";"QuarterOfYear";"";True;False;False;True;"Default";"None";"LocalDateTable b5637514 9587 44b1 8cff 12155eeb5ed0 (3029181)$NroTrimestre (3029284)";"Calculated";"";"INT(([NroMes] + 2) / 3)";"";True;"";"GroupOnValue";"";"";"";"fa583461-2011-400c-a0e0-ca5a98b93585"
3029285;"Trimestre";"LocalDateTable_b5637514-9587-44b1-8cff-12155eeb5ed0";"Text";"Quarters";"";True;False;False;True;"Default";"None";"LocalDateTable b5637514 9587 44b1 8cff 12155eeb5ed0 (3029181)$Trimestre (3029285)";"Calculated";"";"""Trim. "" & [NroTrimestre]";"";True;"NroTrimestre";"GroupOnValue";"";"";"";"319fa923-d5af-4068-a9f8-52a615ba793f"
3029286;"Día";"LocalDateTable_b5637514-9587-44b1-8cff-12155eeb5ed0";"Integer";"DayOfMonth";"";True;False;False;True;"Default";"None";"LocalDateTable b5637514 9587 44b1 8cff 12155eeb5ed0 (3029181)$Día (3029286)";"Calculated";"";"DAY([Date])";"";True;"";"GroupOnValue";"";"";"";"1c3362f1-bccf-40e7-810a-b1a11ce76cdd"
3029185;"RowNumber-2662979B-1795-4F74-8F37-6A1BA8059B61";"LocalDateTable_80b6f56c-4952-40aa-a933-981568216354";"Integer";"RowNumber";"";True;True;True;False;"Default";"Default";"LocalDateTable 80b6f56c 4952 40aa a933 981568216354 (3029184)$RowNumber 2662979B 1795 4F74 8F37 6A1BA8059B61 (3029185)";"RowNumber";"RowNumber-2662979B-1795-4F74-8F37-6A1BA8059B61";"";"";True;"";"GroupOnValue";"";"";"";""
3029288;"Date";"LocalDateTable_80b6f56c-4952-40aa-a933-981568216354";"Date";"PaddedDateTableDates";"";True;True;False;False;"Default";"None";"LocalDateTable 80b6f56c 4952 40aa a933 981568216354 (3029184)$Date (3029288)";"CalculatedTableColumn";"Date";"";"";True;"";"GroupOnValue";"";"";"";"7a75dc5e-3ba2-41b6-b8b7-13ab024603b3"
3029289;"AÑO";"LocalDateTable_80b6f56c-4952-40aa-a933-981568216354";"Integer";"Years";"";True;False;False;True;"Default";"None";"LocalDateTable 80b6f56c 4952 40aa a933 981568216354 (3029184)$Año (3029289)";"Calculated";"";"YEAR([Date])";"";True;"";"GroupOnValue";"";"";"";"ece791f0-0c2d-4e49-af73-f8f7e32a6b77"
3029290;"NroMes";"LocalDateTable_80b6f56c-4952-40aa-a933-981568216354";"Integer";"MonthOfYear";"";True;False;False;True;"Default";"None";"LocalDateTable 80b6f56c 4952 40aa a933 981568216354 (3029184)$NroMes (3029290)";"Calculated";"";"MONTH([Date])";"";True;"";"GroupOnValue";"";"";"";"4ce4fc3c-6a91-42d0-989d-1f08d4004af2"
3029291;"MES";"LocalDateTable_80b6f56c-4952-40aa-a933-981568216354";"Text";"Months";"";True;False;False;True;"Default";"None";"LocalDateTable 80b6f56c 4952 40aa a933 981568216354 (3029184)$Mes (3029291)";"Calculated";"";"FORMAT([Date], ""MMMM"")";"";True;"NroMes";"GroupOnValue";"";"";"";"7402a730-c20e-4ed2-ae61-f229f82ed77c"
3029292;"NroTrimestre";"LocalDateTable_80b6f56c-4952-40aa-a933-981568216354";"Integer";"QuarterOfYear";"";True;False;False;True;"Default";"None";"LocalDateTable 80b6f56c 4952 40aa a933 981568216354 (3029184)$NroTrimestre (3029292)";"Calculated";"";"INT(([NroMes] + 2) / 3)";"";True;"";"GroupOnValue";"";"";"";"0b7f1430-809e-40ee-8a0c-37371a49c2ed"
3029293;"Trimestre";"LocalDateTable_80b6f56c-4952-40aa-a933-981568216354";"Text";"Quarters";"";True;False;False;True;"Default";"None";"LocalDateTable 80b6f56c 4952 40aa a933 981568216354 (3029184)$Trimestre (3029293)";"Calculated";"";"""Trim. "" & [NroTrimestre]";"";True;"NroTrimestre";"GroupOnValue";"";"";"";"885b704c-3bd4-4566-a019-0c61f5c3e257"
3029294;"Día";"LocalDateTable_80b6f56c-4952-40aa-a933-981568216354";"Integer";"DayOfMonth";"";True;False;False;True;"Default";"None";"LocalDateTable 80b6f56c 4952 40aa a933 981568216354 (3029184)$Día (3029294)";"Calculated";"";"DAY([Date])";"";True;"";"GroupOnValue";"";"";"";"74580802-45bf-4be8-aeee-3dc70b1d0144"
3029188;"RowNumber-2662979B-1795-4F74-8F37-6A1BA8059B61";"LocalDateTable_b4e14cf6-a6e1-4b6a-9ae9-3860dcd98754";"Integer";"RowNumber";"";True;True;True;False;"Default";"Default";"LocalDateTable b4e14cf6 a6e1 4b6a 9ae9 3860dcd98754 (3029187)$RowNumber 2662979B 1795 4F74 8F37 6A1BA8059B61 (3029188)";"RowNumber";"RowNumber-2662979B-1795-4F74-8F37-6A1BA8059B61";"";"";True;"";"GroupOnValue";"";"";"";""
3029296;"Date";"LocalDateTable_b4e14cf6-a6e1-4b6a-9ae9-3860dcd98754";"Date";"PaddedDateTableDates";"";True;True;False;False;"Default";"None";"LocalDateTable b4e14cf6 a6e1 4b6a 9ae9 3860dcd98754 (3029187)$Date (3029296)";"CalculatedTableColumn";"Date";"";"";True;"";"GroupOnValue";"";"";"";"b4b1a998-ab4b-4b5b-a937-0d4a56a2f6cc"
3029297;"AÑO";"LocalDateTable_b4e14cf6-a6e1-4b6a-9ae9-3860dcd98754";"Integer";"Years";"";True;False;False;True;"Default";"None";"LocalDateTable b4e14cf6 a6e1 4b6a 9ae9 3860dcd98754 (3029187)$Año (3029297)";"Calculated";"";"YEAR([Date])";"";True;"";"GroupOnValue";"";"";"";"afd83fb5-f6c3-47f7-89c9-27358dda33eb"
3029298;"NroMes";"LocalDateTable_b4e14cf6-a6e1-4b6a-9ae9-3860dcd98754";"Integer";"MonthOfYear";"";True;False;False;True;"Default";"None";"LocalDateTable b4e14cf6 a6e1 4b6a 9ae9 3860dcd98754 (3029187)$NroMes (3029298)";"Calculated";"";"MONTH([Date])";"";True;"";"GroupOnValue";"";"";"";"cc19cb15-da3b-41d7-bc33-78e75f4264eb"
3029299;"MES";"LocalDateTable_b4e14cf6-a6e1-4b6a-9ae9-3860dcd98754";"Text";"Months";"";True;False;False;True;"Default";"None";"LocalDateTable b4e14cf6 a6e1 4b6a 9ae9 3860dcd98754 (3029187)$Mes (3029299)";"Calculated";"";"FORMAT([Date], ""MMMM"")";"";True;"NroMes";"GroupOnValue";"";"";"";"34d14052-c393-4988-a698-55b449dd8504"
3029300;"NroTrimestre";"LocalDateTable_b4e14cf6-a6e1-4b6a-9ae9-3860dcd98754";"Integer";"QuarterOfYear";"";True;False;False;True;"Default";"None";"LocalDateTable b4e14cf6 a6e1 4b6a 9ae9 3860dcd98754 (3029187)$NroTrimestre (3029300)";"Calculated";"";"INT(([NroMes] + 2) / 3)";"";True;"";"GroupOnValue";"";"";"";"e9e6d92e-d031-4344-a7e0-a29494844a5b"
3029301;"Trimestre";"LocalDateTable_b4e14cf6-a6e1-4b6a-9ae9-3860dcd98754";"Text";"Quarters";"";True;False;False;True;"Default";"None";"LocalDateTable b4e14cf6 a6e1 4b6a 9ae9 3860dcd98754 (3029187)$Trimestre (3029301)";"Calculated";"";"""Trim. "" & [NroTrimestre]";"";True;"NroTrimestre";"GroupOnValue";"";"";"";"a72480f2-c31f-4fb2-81e7-4b8f74270449"
3029302;"Día";"LocalDateTable_b4e14cf6-a6e1-4b6a-9ae9-3860dcd98754";"Integer";"DayOfMonth";"";True;False;False;True;"Default";"None";"LocalDateTable b4e14cf6 a6e1 4b6a 9ae9 3860dcd98754 (3029187)$Día (3029302)";"Calculated";"";"DAY([Date])";"";True;"";"GroupOnValue";"";"";"";"61600f70-9ec9-4844-9e79-61c457b45995"
3029191;"RowNumber-2662979B-1795-4F74-8F37-6A1BA8059B61";"LocalDateTable_8428e5e4-55c6-4447-aead-0d081c9bb25d";"Integer";"RowNumber";"";True;True;True;False;"Default";"Default";"LocalDateTable 8428e5e4 55c6 4447 aead 0d081c9bb25d (3029190)$RowNumber 2662979B 1795 4F74 8F37 6A1BA8059B61 (3029191)";"RowNumber";"RowNumber-2662979B-1795-4F74-8F37-6A1BA8059B61";"";"";True;"";"GroupOnValue";"";"";"";""
3029304;"Date";"LocalDateTable_8428e5e4-55c6-4447-aead-0d081c9bb25d";"Date";"PaddedDateTableDates";"";True;True;False;False;"Default";"None";"LocalDateTable 8428e5e4 55c6 4447 aead 0d081c9bb25d (3029190)$Date (3029304)";"CalculatedTableColumn";"Date";"";"";True;"";"GroupOnValue";"";"";"";"66aa42b0-f0c6-44a5-8648-db142824f156"
3029305;"AÑO";"LocalDateTable_8428e5e4-55c6-4447-aead-0d081c9bb25d";"Integer";"Years";"";True;False;False;True;"Default";"None";"LocalDateTable 8428e5e4 55c6 4447 aead 0d081c9bb25d (3029190)$Año (3029305)";"Calculated";"";"YEAR([Date])";"";True;"";"GroupOnValue";"";"";"";"0b579360-bcca-482e-97e3-b6b0efb94920"
3029306;"NroMes";"LocalDateTable_8428e5e4-55c6-4447-aead-0d081c9bb25d";"Integer";"MonthOfYear";"";True;False;False;True;"Default";"None";"LocalDateTable 8428e5e4 55c6 4447 aead 0d081c9bb25d (3029190)$NroMes (3029306)";"Calculated";"";"MONTH([Date])";"";True;"";"GroupOnValue";"";"";"";"c53c43e9-574f-4e96-8168-69f07e817b6f"
3029307;"MES";"LocalDateTable_8428e5e4-55c6-4447-aead-0d081c9bb25d";"Text";"Months";"";True;False;False;True;"Default";"None";"LocalDateTable 8428e5e4 55c6 4447 aead 0d081c9bb25d (3029190)$Mes (3029307)";"Calculated";"";"FORMAT([Date], ""MMMM"")";"";True;"NroMes";"GroupOnValue";"";"";"";"31729952-7a1d-42ee-aef1-3086c204faa5"
3029308;"NroTrimestre";"LocalDateTable_8428e5e4-55c6-4447-aead-0d081c9bb25d";"Integer";"QuarterOfYear";"";True;False;False;True;"Default";"None";"LocalDateTable 8428e5e4 55c6 4447 aead 0d081c9bb25d (3029190)$NroTrimestre (3029308)";"Calculated";"";"INT(([NroMes] + 2) / 3)";"";True;"";"GroupOnValue";"";"";"";"85aa571b-9bb3-41ae-881f-bea856c280f7"
3029309;"Trimestre";"LocalDateTable_8428e5e4-55c6-4447-aead-0d081c9bb25d";"Text";"Quarters";"";True;False;False;True;"Default";"None";"LocalDateTable 8428e5e4 55c6 4447 aead 0d081c9bb25d (3029190)$Trimestre (3029309)";"Calculated";"";"""Trim. "" & [NroTrimestre]";"";True;"NroTrimestre";"GroupOnValue";"";"";"";"7cc463b0-cdbc-4dc7-8696-921522c4dc95"
3029310;"Día";"LocalDateTable_8428e5e4-55c6-4447-aead-0d081c9bb25d";"Integer";"DayOfMonth";"";True;False;False;True;"Default";"None";"LocalDateTable 8428e5e4 55c6 4447 aead 0d081c9bb25d (3029190)$Día (3029310)";"Calculated";"";"DAY([Date])";"";True;"";"GroupOnValue";"";"";"";"32976417-ca73-4942-bcc5-b10c1d6c5fc9"
3029194;"RowNumber-2662979B-1795-4F74-8F37-6A1BA8059B61";"LocalDateTable_4ea06d15-f5ce-4137-b87a-8fcb0e9f14a2";"Integer";"RowNumber";"";True;True;True;False;"Default";"Default";"LocalDateTable 4ea06d15 f5ce 4137 b87a 8fcb0e9f14a2 (3029193)$RowNumber 2662979B 1795 4F74 8F37 6A1BA8059B61 (3029194)";"RowNumber";"RowNumber-2662979B-1795-4F74-8F37-6A1BA8059B61";"";"";True;"";"GroupOnValue";"";"";"";""
3029312;"Date";"LocalDateTable_4ea06d15-f5ce-4137-b87a-8fcb0e9f14a2";"Date";"PaddedDateTableDates";"";True;True;False;False;"Default";"None";"LocalDateTable 4ea06d15 f5ce 4137 b87a 8fcb0e9f14a2 (3029193)$Date (3029312)";"CalculatedTableColumn";"Date";"";"";True;"";"GroupOnValue";"";"";"";"75c896b3-3cae-48d4-8ec2-2c71e9cbf97e"
3029313;"AÑO";"LocalDateTable_4ea06d15-f5ce-4137-b87a-8fcb0e9f14a2";"Integer";"Years";"";True;False;False;True;"Default";"None";"LocalDateTable 4ea06d15 f5ce 4137 b87a 8fcb0e9f14a2 (3029193)$Año (3029313)";"Calculated";"";"YEAR([Date])";"";True;"";"GroupOnValue";"";"";"";"08bae463-fe6c-4702-b9b8-b64580f725ec"
3029314;"NroMes";"LocalDateTable_4ea06d15-f5ce-4137-b87a-8fcb0e9f14a2";"Integer";"MonthOfYear";"";True;False;False;True;"Default";"None";"LocalDateTable 4ea06d15 f5ce 4137 b87a 8fcb0e9f14a2 (3029193)$NroMes (3029314)";"Calculated";"";"MONTH([Date])";"";True;"";"GroupOnValue";"";"";"";"88cb2a52-e5ab-4602-8f9d-39283da6b9c1"
3029315;"MES";"LocalDateTable_4ea06d15-f5ce-4137-b87a-8fcb0e9f14a2";"Text";"Months";"";True;False;False;True;"Default";"None";"LocalDateTable 4ea06d15 f5ce 4137 b87a 8fcb0e9f14a2 (3029193)$Mes (3029315)";"Calculated";"";"FORMAT([Date], ""MMMM"")";"";True;"NroMes";"GroupOnValue";"";"";"";"ab5460a0-5608-4585-9c74-487534996fa7"
3029316;"NroTrimestre";"LocalDateTable_4ea06d15-f5ce-4137-b87a-8fcb0e9f14a2";"Integer";"QuarterOfYear";"";True;False;False;True;"Default";"None";"LocalDateTable 4ea06d15 f5ce 4137 b87a 8fcb0e9f14a2 (3029193)$NroTrimestre (3029316)";"Calculated";"";"INT(([NroMes] + 2) / 3)";"";True;"";"GroupOnValue";"";"";"";"99842b91-73bd-4b2a-95a8-1aaca8d03135"
3029317;"Trimestre";"LocalDateTable_4ea06d15-f5ce-4137-b87a-8fcb0e9f14a2";"Text";"Quarters";"";True;False;False;True;"Default";"None";"LocalDateTable 4ea06d15 f5ce 4137 b87a 8fcb0e9f14a2 (3029193)$Trimestre (3029317)";"Calculated";"";"""Trim. "" & [NroTrimestre]";"";True;"NroTrimestre";"GroupOnValue";"";"";"";"59403069-eb50-414d-954f-1dc4d0b6b81a"
3029318;"Día";"LocalDateTable_4ea06d15-f5ce-4137-b87a-8fcb0e9f14a2";"Integer";"DayOfMonth";"";True;False;False;True;"Default";"None";"LocalDateTable 4ea06d15 f5ce 4137 b87a 8fcb0e9f14a2 (3029193)$Día (3029318)";"Calculated";"";"DAY([Date])";"";True;"";"GroupOnValue";"";"";"";"a160ad67-8bba-4323-bf11-92b22ded918f"
3029197;"RowNumber-2662979B-1795-4F74-8F37-6A1BA8059B61";"LocalDateTable_70b45636-4690-40d5-85e8-a82f55ee4364";"Integer";"RowNumber";"";True;True;True;False;"Default";"Default";"LocalDateTable 70b45636 4690 40d5 85e8 a82f55ee4364 (3029196)$RowNumber 2662979B 1795 4F74 8F37 6A1BA8059B61 (3029197)";"RowNumber";"RowNumber-2662979B-1795-4F74-8F37-6A1BA8059B61";"";"";True;"";"GroupOnValue";"";"";"";""
3029320;"Date";"LocalDateTable_70b45636-4690-40d5-85e8-a82f55ee4364";"Date";"PaddedDateTableDates";"";True;True;False;False;"Default";"None";"LocalDateTable 70b45636 4690 40d5 85e8 a82f55ee4364 (3029196)$Date (3029320)";"CalculatedTableColumn";"Date";"";"";True;"";"GroupOnValue";"";"";"";"0aa807a2-fdc0-4556-ace3-243a21bd6f58"
3029321;"AÑO";"LocalDateTable_70b45636-4690-40d5-85e8-a82f55ee4364";"Integer";"Years";"";True;False;False;True;"Default";"None";"LocalDateTable 70b45636 4690 40d5 85e8 a82f55ee4364 (3029196)$Año (3029321)";"Calculated";"";"YEAR([Date])";"";True;"";"GroupOnValue";"";"";"";"0baa22ad-4182-46c1-b907-4d8af07b6f64"
3029322;"NroMes";"LocalDateTable_70b45636-4690-40d5-85e8-a82f55ee4364";"Integer";"MonthOfYear";"";True;False;False;True;"Default";"None";"LocalDateTable 70b45636 4690 40d5 85e8 a82f55ee4364 (3029196)$NroMes (3029322)";"Calculated";"";"MONTH([Date])";"";True;"";"GroupOnValue";"";"";"";"6d7046a0-3b50-4a9b-bb4e-caeb621d06dc"
3029323;"MES";"LocalDateTable_70b45636-4690-40d5-85e8-a82f55ee4364";"Text";"Months";"";True;False;False;True;"Default";"None";"LocalDateTable 70b45636 4690 40d5 85e8 a82f55ee4364 (3029196)$Mes (3029323)";"Calculated";"";"FORMAT([Date], ""MMMM"")";"";True;"NroMes";"GroupOnValue";"";"";"";"255949c2-6a32-4645-b206-3835b0f5dcf5"
3029324;"NroTrimestre";"LocalDateTable_70b45636-4690-40d5-85e8-a82f55ee4364";"Integer";"QuarterOfYear";"";True;False;False;True;"Default";"None";"LocalDateTable 70b45636 4690 40d5 85e8 a82f55ee4364 (3029196)$NroTrimestre (3029324)";"Calculated";"";"INT(([NroMes] + 2) / 3)";"";True;"";"GroupOnValue";"";"";"";"7234a6ab-e9d7-4739-a101-d69a173fb1fd"
3029325;"Trimestre";"LocalDateTable_70b45636-4690-40d5-85e8-a82f55ee4364";"Text";"Quarters";"";True;False;False;True;"Default";"None";"LocalDateTable 70b45636 4690 40d5 85e8 a82f55ee4364 (3029196)$Trimestre (3029325)";"Calculated";"";"""Trim. "" & [NroTrimestre]";"";True;"NroTrimestre";"GroupOnValue";"";"";"";"0199b3cc-bb06-459c-a5e3-d88de16d5296"
3029326;"Día";"LocalDateTable_70b45636-4690-40d5-85e8-a82f55ee4364";"Integer";"DayOfMonth";"";True;False;False;True;"Default";"None";"LocalDateTable 70b45636 4690 40d5 85e8 a82f55ee4364 (3029196)$Día (3029326)";"Calculated";"";"DAY([Date])";"";True;"";"GroupOnValue";"";"";"";"6acf3a7a-bd41-4aee-bb24-9e68f1737a3c"
3029200;"RowNumber-2662979B-1795-4F74-8F37-6A1BA8059B61";"LocalDateTable_f426ba51-ba2b-402a-bb9e-a302366154f9";"Integer";"RowNumber";"";True;True;True;False;"Default";"Default";"LocalDateTable f426ba51 ba2b 402a bb9e a302366154f9 (3029199)$RowNumber 2662979B 1795 4F74 8F37 6A1BA8059B61 (3029200)";"RowNumber";"RowNumber-2662979B-1795-4F74-8F37-6A1BA8059B61";"";"";True;"";"GroupOnValue";"";"";"";""
3029328;"Date";"LocalDateTable_f426ba51-ba2b-402a-bb9e-a302366154f9";"Date";"PaddedDateTableDates";"";True;True;False;False;"Default";"None";"LocalDateTable f426ba51 ba2b 402a bb9e a302366154f9 (3029199)$Date (3029328)";"CalculatedTableColumn";"Date";"";"";True;"";"GroupOnValue";"";"";"";"ef756a10-e443-4ca1-8cf7-630143bdbba8"
3029329;"AÑO";"LocalDateTable_f426ba51-ba2b-402a-bb9e-a302366154f9";"Integer";"Years";"";True;False;False;True;"Default";"None";"LocalDateTable f426ba51 ba2b 402a bb9e a302366154f9 (3029199)$Año (3029329)";"Calculated";"";"YEAR([Date])";"";True;"";"GroupOnValue";"";"";"";"3424ce8e-9fff-4594-9b43-ffdce23f1b4d"
3029330;"NroMes";"LocalDateTable_f426ba51-ba2b-402a-bb9e-a302366154f9";"Integer";"MonthOfYear";"";True;False;False;True;"Default";"None";"LocalDateTable f426ba51 ba2b 402a bb9e a302366154f9 (3029199)$NroMes (3029330)";"Calculated";"";"MONTH([Date])";"";True;"";"GroupOnValue";"";"";"";"0f6840c1-cfd9-4ecd-8e20-ab7351f84e7b"
3029331;"MES";"LocalDateTable_f426ba51-ba2b-402a-bb9e-a302366154f9";"Text";"Months";"";True;False;False;True;"Default";"None";"LocalDateTable f426ba51 ba2b 402a bb9e a302366154f9 (3029199)$Mes (3029331)";"Calculated";"";"FORMAT([Date], ""MMMM"")";"";True;"NroMes";"GroupOnValue";"";"";"";"145032c6-bf88-4cdf-aa57-1c957f2c0aaf"
3029332;"NroTrimestre";"LocalDateTable_f426ba51-ba2b-402a-bb9e-a302366154f9";"Integer";"QuarterOfYear";"";True;False;False;True;"Default";"None";"LocalDateTable f426ba51 ba2b 402a bb9e a302366154f9 (3029199)$NroTrimestre (3029332)";"Calculated";"";"INT(([NroMes] + 2) / 3)";"";True;"";"GroupOnValue";"";"";"";"c5603ccf-662c-49f2-aa8e-30d914525ff4"
3029333;"Trimestre";"LocalDateTable_f426ba51-ba2b-402a-bb9e-a302366154f9";"Text";"Quarters";"";True;False;False;True;"Default";"None";"LocalDateTable f426ba51 ba2b 402a bb9e a302366154f9 (3029199)$Trimestre (3029333)";"Calculated";"";"""Trim. "" & [NroTrimestre]";"";True;"NroTrimestre";"GroupOnValue";"";"";"";"9fb2bc4d-5d57-4c28-98a0-b04416639187"
3029334;"Día";"LocalDateTable_f426ba51-ba2b-402a-bb9e-a302366154f9";"Integer";"DayOfMonth";"";True;False;False;True;"Default";"None";"LocalDateTable f426ba51 ba2b 402a bb9e a302366154f9 (3029199)$Día (3029334)";"Calculated";"";"DAY([Date])";"";True;"";"GroupOnValue";"";"";"";"e9015222-654e-41c1-80e7-8e202697af7f"
3029203;"RowNumber-2662979B-1795-4F74-8F37-6A1BA8059B61";"LocalDateTable_44d7158c-b006-427e-892d-d838e53e337c";"Integer";"RowNumber";"";True;True;True;False;"Default";"Default";"LocalDateTable 44d7158c b006 427e 892d d838e53e337c (3029202)$RowNumber 2662979B 1795 4F74 8F37 6A1BA8059B61 (3029203)";"RowNumber";"RowNumber-2662979B-1795-4F74-8F37-6A1BA8059B61";"";"";True;"";"GroupOnValue";"";"";"";""
3029336;"Date";"LocalDateTable_44d7158c-b006-427e-892d-d838e53e337c";"Date";"PaddedDateTableDates";"";True;True;False;False;"Default";"None";"LocalDateTable 44d7158c b006 427e 892d d838e53e337c (3029202)$Date (3029336)";"CalculatedTableColumn";"Date";"";"";True;"";"GroupOnValue";"";"";"";"d1e737d9-add7-4f29-9984-f46a6905f8fc"
3029337;"AÑO";"LocalDateTable_44d7158c-b006-427e-892d-d838e53e337c";"Integer";"Years";"";True;False;False;True;"Default";"None";"LocalDateTable 44d7158c b006 427e 892d d838e53e337c (3029202)$Año (3029337)";"Calculated";"";"YEAR([Date])";"";True;"";"GroupOnValue";"";"";"";"57fd07ff-3d29-40fa-9537-c0785bb84979"
3029338;"NroMes";"LocalDateTable_44d7158c-b006-427e-892d-d838e53e337c";"Integer";"MonthOfYear";"";True;False;False;True;"Default";"None";"LocalDateTable 44d7158c b006 427e 892d d838e53e337c (3029202)$NroMes (3029338)";"Calculated";"";"MONTH([Date])";"";True;"";"GroupOnValue";"";"";"";"6e9687f6-42c1-4a83-86a7-4f8e5dadfead"
3029339;"MES";"LocalDateTable_44d7158c-b006-427e-892d-d838e53e337c";"Text";"Months";"";True;False;False;True;"Default";"None";"LocalDateTable 44d7158c b006 427e 892d d838e53e337c (3029202)$Mes (3029339)";"Calculated";"";"FORMAT([Date], ""MMMM"")";"";True;"NroMes";"GroupOnValue";"";"";"";"b9c07b5a-c1ac-4063-9427-78bff8fee7fe"
3029340;"NroTrimestre";"LocalDateTable_44d7158c-b006-427e-892d-d838e53e337c";"Integer";"QuarterOfYear";"";True;False;False;True;"Default";"None";"LocalDateTable 44d7158c b006 427e 892d d838e53e337c (3029202)$NroTrimestre (3029340)";"Calculated";"";"INT(([NroMes] + 2) / 3)";"";True;"";"GroupOnValue";"";"";"";"44efb086-da20-4a75-ad52-2889e698eb5a"
3029341;"Trimestre";"LocalDateTable_44d7158c-b006-427e-892d-d838e53e337c";"Text";"Quarters";"";True;False;False;True;"Default";"None";"LocalDateTable 44d7158c b006 427e 892d d838e53e337c (3029202)$Trimestre (3029341)";"Calculated";"";"""Trim. "" & [NroTrimestre]";"";True;"NroTrimestre";"GroupOnValue";"";"";"";"a0ecb018-3c4c-439c-afa5-4936f06d23cc"
3029342;"Día";"LocalDateTable_44d7158c-b006-427e-892d-d838e53e337c";"Integer";"DayOfMonth";"";True;False;False;True;"Default";"None";"LocalDateTable 44d7158c b006 427e 892d d838e53e337c (3029202)$Día (3029342)";"Calculated";"";"DAY([Date])";"";True;"";"GroupOnValue";"";"";"";"2335eeb4-4aa6-4704-a46d-1b0df5684fc4"
3496843;"RowNumber-2662979B-1795-4F74-8F37-6A1BA8059B61";"CONSOLIDADO_IMAGENES_2025";"Integer";"RowNumber";"";True;True;True;False;"Default";"Default";"Consulta1 (3496842)$RowNumber 2662979B 1795 4F74 8F37 6A1BA8059B61 (3496843)";"RowNumber";"RowNumber-2662979B-1795-4F74-8F37-6A1BA8059B61";"";"";True;"";"GroupOnValue";"";"";"";""
3496849;"CEDULA";"CONSOLIDADO_IMAGENES_2025";"Text";"Regular";"";False;False;False;True;"Default";"None";"Consulta1 (3496842)$CEDULA (3496849)";"Data";"CEDULA";"";"";True;"";"GroupOnValue";"";"";"";"0105f640-50bd-4f95-a06d-6a1c1b8bb678"
3496850;"CANTIDAD";"CONSOLIDADO_IMAGENES_2025";"Number";"Regular";"";False;False;False;True;"Default";"Sum";"Consulta1 (3496842)$CANTIDAD (3496850)";"Data";"CANTIDAD";"";"0";True;"";"GroupOnValue";"";"";"";"e94ace0f-7d5a-43ff-9ebb-c571ded49623"
3496851;"ENTIDAD";"CONSOLIDADO_IMAGENES_2025";"Text";"Regular";"";False;False;False;True;"Default";"None";"Consulta1 (3496842)$ENTIDAD (3496851)";"Data";"ENTIDAD";"";"";True;"";"GroupOnValue";"";"";"";"64b60fee-3f8d-4a66-a81e-dfe4ef2d876c"
3496853;"FECHA";"CONSOLIDADO_IMAGENES_2025";"Date";"Regular";"";False;False;False;True;"Default";"None";"Consulta1 (3496842)$FECHA (3496853)";"Data";"FECHA";"";"General Date";True;"";"GroupOnValue";"";"";"";"9c73656c-26d7-473f-b004-ea647255d14c"
3496861;"CODIGO";"CONSOLIDADO_IMAGENES_2025";"Text";"Regular";"";False;False;False;True;"Default";"None";"Consulta1 (3496842)$CODIGO (3496861)";"Data";"CODIGO";"";"";True;"";"GroupOnValue";"";"";"";"32c38d00-a58b-4562-914a-76d032abac33"
3496862;"EXAMEN";"CONSOLIDADO_IMAGENES_2025";"Text";"Regular";"";False;False;False;True;"Default";"None";"Consulta1 (3496842)$EXAMEN (3496862)";"Data";"EXAMEN";"";"";True;"";"GroupOnValue";"";"";"";"c8a2f809-41b7-4f1f-95bb-4027a6a6f70b"
8825203;"AREA_SERVICIO";"CONSOLIDADO_IMAGENES_2025";"Text";"Regular";"";False;False;False;True;"Default";"None";"Consulta1 (3496842)$AREA SERVICIO (8825203)";"Data";"AREA_SERVICIO";"";"";True;"";"GroupOnValue";"";"";"";"41b67eff-84aa-41a6-a208-27aec69faea5"
8825204;"GRUPO";"CONSOLIDADO_IMAGENES_2025";"Text";"Regular";"";False;False;False;True;"Default";"None";"Consulta1 (3496842)$GRUPO (8825204)";"Data";"GRUPO";"";"";True;"";"GroupOnValue";"";"";"";"bdb11757-244a-42bb-a28a-6072684bfe59"
8825205;"TIPO_INGRESO";"CONSOLIDADO_IMAGENES_2025";"Text";"Regular";"";False;False;False;True;"Default";"None";"Consulta1 (3496842)$TIPO INGRESO (8825205)";"Data";"TIPO_INGRESO";"";"";True;"";"GroupOnValue";"";"";"";"cef0e9c4-014b-4c8a-80be-00145946a887"
8825206;"VALOR_FACTURADO";"CONSOLIDADO_IMAGENES_2025";"Number";"Regular";"";False;False;False;True;"Default";"Sum";"Consulta1 (3496842)$VALOR FACTURADO (8825206)";"Data";"VALOR_FACTURADO";"";"";True;"";"GroupOnValue";"";"";"";"39605c86-a41e-4895-9007-658ade9cee62"
8825207;"INGRESO";"CONSOLIDADO_IMAGENES_2025";"Integer";"Regular";"";False;False;False;True;"Default";"Sum";"Consulta1 (3496842)$INGRESO (8825207)";"Data";"INGRESO";"";"0";True;"";"GroupOnValue";"";"";"";"acfbcabf-335a-4057-875e-5e06207f89e0"
8919415;"edad";"CONSOLIDADO_IMAGENES_2025";"Integer";"Regular";"";False;False;False;True;"Default";"Sum";"Consulta1 (3496842)$EDAD (8919415)";"Data";"edad";"";"0";True;"";"GroupOnValue";"";"";"";"3959dfde-b7a6-400f-8121-dd84b1548571"
8951803;"MAYORES";"CONSOLIDADO_IMAGENES_2025";"Text";"Regular";"";False;False;False;True;"Default";"None";"Consulta1 (3496842)$Columna 2 (8951803)";"Calculated";"";"IF(CONSOLIDADO_IMAGENES_2025[EDAD]<18,""MENORES DE EDAD"",""MAYORES DE EDAD"")";"";True;"";"GroupOnValue";"";"";"";"b9711a37-4dc9-4073-87c6-af006cd48c7d"
3540708;"RowNumber-2662979B-1795-4F74-8F37-6A1BA8059B61";"HOSPITALIZACION_PARCIAL";"Integer";"RowNumber";"";True;True;True;False;"Default";"Default";"Consulta1 (3540707)$RowNumber 2662979B 1795 4F74 8F37 6A1BA8059B61 (3540708)";"RowNumber";"RowNumber-2662979B-1795-4F74-8F37-6A1BA8059B61";"";"";True;"";"GroupOnValue";"";"";"";""
3540730;"INGRESO";"HOSPITALIZACION_PARCIAL";"Integer";"Regular";"";False;False;False;True;"Default";"Sum";"Consulta1 (3540707)$INGRESO (3540730)";"Data";"INGRESO";"";"0";True;"";"GroupOnValue";"";"";"";"de15d709-0309-4900-bf89-e603b46e1492"
3540731;"OID_CAMA";"HOSPITALIZACION_PARCIAL";"Integer";"Regular";"";False;False;False;True;"Default";"Sum";"Consulta1 (3540707)$OID CAMA (3540731)";"Data";"OID_CAMA";"";"0";True;"";"GroupOnValue";"";"";"";"7cb9edc1-b809-4b72-a74d-f488f35bae11"
3540732;"CAMA";"HOSPITALIZACION_PARCIAL";"Text";"Regular";"";False;False;False;True;"Default";"None";"Consulta1 (3540707)$CAMA (3540732)";"Data";"CAMA";"";"";True;"";"GroupOnValue";"";"";"";"7bc57848-4bc5-441b-91e6-8ad78f2e0f6d"
3540733;"servicio";"HOSPITALIZACION_PARCIAL";"Text";"Regular";"";False;False;False;True;"Default";"None";"Consulta1 (3540707)$SERVICIO (3540733)";"Data";"servicio";"";"";True;"";"GroupOnValue";"";"";"";"8a47dcd9-2fcc-45d5-ae2b-80b88a71bb8a"
3540734;"FECHA_INGRESO_CAMA";"HOSPITALIZACION_PARCIAL";"Date";"Regular";"";False;False;False;True;"Default";"None";"Consulta1 (3540707)$FECHA INGRESO CAMA (3540734)";"Data";"FECHA_INGRESO_CAMA";"";"General Date";True;"";"GroupOnValue";"";"";"";"8d8997a3-561d-48dc-a3cc-9be66402e1bb"
3540742;"FECHA_EGRESO_CAMA";"HOSPITALIZACION_PARCIAL";"Date";"Regular";"";False;False;False;True;"Default";"None";"Consulta1 (3540707)$FECHA EGRESO CAMA (3540742)";"Data";"FECHA_EGRESO_CAMA";"";"General Date";True;"";"GroupOnValue";"";"";"";"fa708c4c-dffb-463e-8028-d2a89507f7fc"
3540750;"FECHA_EGRESO_FINAL";"HOSPITALIZACION_PARCIAL";"Date";"Regular";"";False;False;False;True;"Default";"None";"Consulta1 (3540707)$FECHA EGRESO FINAL (3540750)";"Data";"FECHA_EGRESO_FINAL";"";"General Date";True;"";"GroupOnValue";"";"";"";"43a34a97-72a2-40ea-b137-372cc3b01ec1"
3540758;"DIAS_ESTANCIA";"HOSPITALIZACION_PARCIAL";"Integer";"Regular";"";False;False;False;True;"Default";"Sum";"Consulta1 (3540707)$DIAS ESTANCIA (3540758)";"Data";"DIAS_ESTANCIA";"";"0";True;"";"GroupOnValue";"";"";"";"0a230c59-47aa-4f75-a52b-3961385ec077"
3540759;"MES";"HOSPITALIZACION_PARCIAL";"Integer";"Regular";"";False;False;False;True;"Default";"Sum";"Consulta1 (3540707)$MES (3540759)";"Data";"MES";"";"0";True;"";"GroupOnValue";"";"";"";"f1737a36-2b03-4d0a-829a-cae85220e76c"
3540760;"ANNO";"HOSPITALIZACION_PARCIAL";"Integer";"Regular";"";False;False;False;True;"Default";"Sum";"Consulta1 (3540707)$ANNO (3540760)";"Data";"ANNO";"";"0";True;"";"GroupOnValue";"";"";"";"9b9c5ee0-19d6-4911-bced-cf3e9b3eecf6"
3540761;"TRASLADO";"HOSPITALIZACION_PARCIAL";"Integer";"Regular";"";False;False;False;True;"Default";"Sum";"Consulta1 (3540707)$TRASLADO (3540761)";"Data";"TRASLADO";"";"0";True;"";"GroupOnValue";"";"";"";"d475a77f-fa58-4b07-a455-d5faed758d1d"
3540762;"EGRESO";"HOSPITALIZACION_PARCIAL";"Integer";"Regular";"";False;False;False;True;"Default";"Sum";"Consulta1 (3540707)$EGRESO (3540762)";"Data";"EGRESO";"";"0";True;"";"GroupOnValue";"";"";"";"85764eb5-08ae-433f-ac40-b55117231314"
3540763;"AEEGRCORCU";"HOSPITALIZACION_PARCIAL";"True/False";"Regular";"";False;False;False;True;"Default";"None";"Consulta1 (3540707)$AEEGRCORCU (3540763)";"Data";"AEEGRCORCU";"";"""TRUE"";""TRUE"";""FALSE""";True;"";"GroupOnValue";"";"";"";"70b415bd-277a-45d1-99a0-bcece8d7c0ce"
3540764;"Sexo";"HOSPITALIZACION_PARCIAL";"Text";"Regular";"";False;False;False;True;"Default";"None";"Consulta1 (3540707)$SEXO (3540764)";"Data";"Sexo";"";"";True;"";"GroupOnValue";"";"";"";"f19727c0-1327-46ee-b5a0-af01c08020cc"
3540765;"edad";"HOSPITALIZACION_PARCIAL";"Integer";"Regular";"";False;False;False;True;"Default";"Sum";"Consulta1 (3540707)$EDAD (3540765)";"Data";"edad";"";"0";True;"";"GroupOnValue";"";"";"";"85e4696e-93e3-4ffa-b8e6-c70685037947"
3540766;"FECHA_INGRESO_INST";"HOSPITALIZACION_PARCIAL";"Date";"Regular";"";False;False;False;True;"Default";"None";"Consulta1 (3540707)$FECHA INGRESO INST (3540766)";"Data";"FECHA_INGRESO_INST";"";"General Date";True;"";"GroupOnValue";"";"";"";"3c04d6f0-255f-48bd-b82e-4f112edfc357"
3540774;"AINCONSEC";"HOSPITALIZACION_PARCIAL";"Integer";"Regular";"";False;False;False;True;"Default";"Sum";"Consulta1 (3540707)$AINCONSEC (3540774)";"Data";"AINCONSEC";"";"0";True;"";"GroupOnValue";"";"";"";"d2d2e0a8-abc4-4f6e-bb1b-b69117f1281a"
3540775;"PACNUMDOC";"HOSPITALIZACION_PARCIAL";"Text";"Regular";"";False;False;False;True;"Default";"None";"Consulta1 (3540707)$PACNUMDOC (3540775)";"Data";"PACNUMDOC";"";"";True;"";"GroupOnValue";"";"";"";"a9192200-152e-4d1e-81c4-2a8fe6be69b3"
3540776;"TERNOMCOM";"HOSPITALIZACION_PARCIAL";"Text";"Regular";"";False;False;False;True;"Default";"None";"Consulta1 (3540707)$TERNOMCOM (3540776)";"Data";"TERNOMCOM";"";"";True;"";"GroupOnValue";"";"";"";"6f457234-db01-4fca-9e80-e2734439fd4a"
3540777;"PLAN_BENEFICIOS";"HOSPITALIZACION_PARCIAL";"Text";"Regular";"";False;False;False;True;"Default";"None";"Consulta1 (3540707)$PLAN BENEFICIOS (3540777)";"Data";"PLAN_BENEFICIOS";"";"";True;"";"GroupOnValue";"";"";"";"f29f4815-acaa-413d-b5d4-835d53550f87"
3540778;"CODIGO";"HOSPITALIZACION_PARCIAL";"Text";"Regular";"";False;False;False;True;"Default";"None";"Consulta1 (3540707)$CODIGO (3540778)";"Data";"CODIGO";"";"";True;"";"GroupOnValue";"";"";"";"ff843498-5f76-4896-a4ea-a535fa10dd15"
3540779;"CIE10";"HOSPITALIZACION_PARCIAL";"Text";"Regular";"";False;False;False;True;"Default";"None";"Consulta1 (3540707)$CIE10 (3540779)";"Data";"CIE10";"";"";True;"";"GroupOnValue";"";"";"";"0f810cc1-7ead-4f35-ad09-fee22eb0e94a"
3540780;"CODCMD";"HOSPITALIZACION_PARCIAL";"Text";"Regular";"";False;False;False;True;"Default";"None";"Consulta1 (3540707)$CODCMD (3540780)";"Data";"CODCMD";"";"";True;"";"GroupOnValue";"";"";"";"efbebfbe-eb1e-472a-ac27-f7d296b6caba"
3540781;"CMD";"HOSPITALIZACION_PARCIAL";"Text";"Regular";"";False;False;False;True;"Default";"None";"Consulta1 (3540707)$CMD (3540781)";"Data";"CMD";"";"";True;"";"GroupOnValue";"";"";"";"b076a48b-5a38-45f0-85d9-9dac774729eb"
3540782;"CODGRD";"HOSPITALIZACION_PARCIAL";"Text";"Regular";"";False;False;False;True;"Default";"None";"Consulta1 (3540707)$CODGRD (3540782)";"Data";"CODGRD";"";"";True;"";"GroupOnValue";"";"";"";"1bc11a7b-9853-4d57-9085-178b774f35b1"
3540783;"GRD";"HOSPITALIZACION_PARCIAL";"Text";"Regular";"";False;False;False;True;"Default";"None";"Consulta1 (3540707)$GRD (3540783)";"Data";"GRD";"";"";True;"";"GroupOnValue";"";"";"";"8acab861-8679-4275-b945-d8942e340c27"
3540784;"RN";"HOSPITALIZACION_PARCIAL";"Integer";"Regular";"";False;False;False;True;"Default";"Sum";"Consulta1 (3540707)$RN (3540784)";"Data";"RN";"";"0";True;"";"GroupOnValue";"";"";"";"8d85ec0c-9fcc-42c6-8c5e-a7fd8c625dd1"
3540785;"GDECODIGO";"HOSPITALIZACION_PARCIAL";"Text";"Regular";"";False;False;False;True;"Default";"None";"Consulta1 (3540707)$GDECODIGO (3540785)";"Data";"GDECODIGO";"";"";True;"";"GroupOnValue";"";"";"";"5a1e482e-424e-460a-b8d9-73bea1a01eb2"
3540786;"MUNICIPIO";"HOSPITALIZACION_PARCIAL";"Text";"Regular";"";False;False;False;True;"Default";"None";"Consulta1 (3540707)$MUNICIPIO (3540786)";"Data";"MUNICIPIO";"";"";True;"";"GroupOnValue";"";"";"";"e1636124-1648-479f-ba41-72caf4c13a46"
3540787;"FECHA_EGRESO_FACTURACION";"HOSPITALIZACION_PARCIAL";"Date";"Regular";"";False;False;False;True;"Default";"None";"Consulta1 (3540707)$FECHA EGRESO FACTURACION (3540787)";"Data";"FECHA_EGRESO_FACTURACION";"";"General Date";True;"";"GroupOnValue";"";"";"";"80ec3e08-9309-41d6-ae80-6a10e8d896b6"
3584424;"FECHA";"HOSPITALIZACION_PARCIAL";"Date";"Regular";"";False;False;False;True;"Default";"None";"Consulta1 (3540707)$FECHA (3584424)";"Data";"FECHA";"";"General Date";True;"";"GroupOnValue";"";"";"";"d50a3938-4462-44fa-89b2-b68396208fa8"
3540711;"RowNumber-2662979B-1795-4F74-8F37-6A1BA8059B61";"LocalDateTable_3ccc4380-0435-474b-88c1-0ec1d0ecaf3c";"Integer";"RowNumber";"";True;True;True;False;"Default";"Default";"LocalDateTable 3ccc4380 0435 474b 88c1 0ec1d0ecaf3c (3540710)$RowNumber 2662979B 1795 4F74 8F37 6A1BA8059B61 (3540711)";"RowNumber";"RowNumber-2662979B-1795-4F74-8F37-6A1BA8059B61";"";"";True;"";"GroupOnValue";"";"";"";""
3540735;"Date";"LocalDateTable_3ccc4380-0435-474b-88c1-0ec1d0ecaf3c";"Date";"PaddedDateTableDates";"";True;True;False;False;"Default";"None";"LocalDateTable 3ccc4380 0435 474b 88c1 0ec1d0ecaf3c (3540710)$Date (3540735)";"CalculatedTableColumn";"Date";"";"";True;"";"GroupOnValue";"";"";"";"7784a945-2d59-4b15-85d0-8617689a4a84"
3540736;"AÑO";"LocalDateTable_3ccc4380-0435-474b-88c1-0ec1d0ecaf3c";"Integer";"Years";"";True;False;False;True;"Default";"None";"LocalDateTable 3ccc4380 0435 474b 88c1 0ec1d0ecaf3c (3540710)$Año (3540736)";"Calculated";"";"YEAR([Date])";"";True;"";"GroupOnValue";"";"";"";"a0f6eccc-44d6-4c32-aa9e-4461ad0bc981"
3540737;"NroMes";"LocalDateTable_3ccc4380-0435-474b-88c1-0ec1d0ecaf3c";"Integer";"MonthOfYear";"";True;False;False;True;"Default";"None";"LocalDateTable 3ccc4380 0435 474b 88c1 0ec1d0ecaf3c (3540710)$NroMes (3540737)";"Calculated";"";"MONTH([Date])";"";True;"";"GroupOnValue";"";"";"";"59fe4bc6-ef2e-4f02-bcec-a7cc37d493f9"
3540738;"MES";"LocalDateTable_3ccc4380-0435-474b-88c1-0ec1d0ecaf3c";"Text";"Months";"";True;False;False;True;"Default";"None";"LocalDateTable 3ccc4380 0435 474b 88c1 0ec1d0ecaf3c (3540710)$Mes (3540738)";"Calculated";"";"FORMAT([Date], ""MMMM"")";"";True;"NroMes";"GroupOnValue";"";"";"";"0b92156c-2c9d-4aa7-9fc2-5781443b88bd"
3540739;"NroTrimestre";"LocalDateTable_3ccc4380-0435-474b-88c1-0ec1d0ecaf3c";"Integer";"QuarterOfYear";"";True;False;False;True;"Default";"None";"LocalDateTable 3ccc4380 0435 474b 88c1 0ec1d0ecaf3c (3540710)$NroTrimestre (3540739)";"Calculated";"";"INT(([NroMes] + 2) / 3)";"";True;"";"GroupOnValue";"";"";"";"f45756ca-6f41-4d3e-8cd9-7edaa8b3a42b"
3540740;"Trimestre";"LocalDateTable_3ccc4380-0435-474b-88c1-0ec1d0ecaf3c";"Text";"Quarters";"";True;False;False;True;"Default";"None";"LocalDateTable 3ccc4380 0435 474b 88c1 0ec1d0ecaf3c (3540710)$Trimestre (3540740)";"Calculated";"";"""Trim. "" & [NroTrimestre]";"";True;"NroTrimestre";"GroupOnValue";"";"";"";"0e9ac90a-6679-499b-974f-8d4d935e5a43"
3540741;"Día";"LocalDateTable_3ccc4380-0435-474b-88c1-0ec1d0ecaf3c";"Integer";"DayOfMonth";"";True;False;False;True;"Default";"None";"LocalDateTable 3ccc4380 0435 474b 88c1 0ec1d0ecaf3c (3540710)$Día (3540741)";"Calculated";"";"DAY([Date])";"";True;"";"GroupOnValue";"";"";"";"43067a94-543d-451d-8729-e776cc7884bf"
3540714;"RowNumber-2662979B-1795-4F74-8F37-6A1BA8059B61";"LocalDateTable_57d8d861-1e4a-4ad1-ab22-76a2aeb7f08c";"Integer";"RowNumber";"";True;True;True;False;"Default";"Default";"LocalDateTable 57d8d861 1e4a 4ad1 ab22 76a2aeb7f08c (3540713)$RowNumber 2662979B 1795 4F74 8F37 6A1BA8059B61 (3540714)";"RowNumber";"RowNumber-2662979B-1795-4F74-8F37-6A1BA8059B61";"";"";True;"";"GroupOnValue";"";"";"";""
3540743;"Date";"LocalDateTable_57d8d861-1e4a-4ad1-ab22-76a2aeb7f08c";"Date";"PaddedDateTableDates";"";True;True;False;False;"Default";"None";"LocalDateTable 57d8d861 1e4a 4ad1 ab22 76a2aeb7f08c (3540713)$Date (3540743)";"CalculatedTableColumn";"Date";"";"";True;"";"GroupOnValue";"";"";"";"ff8b65ba-ead4-425c-be3f-adf719c83d44"
3540744;"AÑO";"LocalDateTable_57d8d861-1e4a-4ad1-ab22-76a2aeb7f08c";"Integer";"Years";"";True;False;False;True;"Default";"None";"LocalDateTable 57d8d861 1e4a 4ad1 ab22 76a2aeb7f08c (3540713)$Año (3540744)";"Calculated";"";"YEAR([Date])";"";True;"";"GroupOnValue";"";"";"";"ff5992e1-d0d8-4fb3-8ff4-46e459afe337"
3540745;"NroMes";"LocalDateTable_57d8d861-1e4a-4ad1-ab22-76a2aeb7f08c";"Integer";"MonthOfYear";"";True;False;False;True;"Default";"None";"LocalDateTable 57d8d861 1e4a 4ad1 ab22 76a2aeb7f08c (3540713)$NroMes (3540745)";"Calculated";"";"MONTH([Date])";"";True;"";"GroupOnValue";"";"";"";"d336e5f8-4658-439d-aa53-a38045fa5958"
3540746;"MES";"LocalDateTable_57d8d861-1e4a-4ad1-ab22-76a2aeb7f08c";"Text";"Months";"";True;False;False;True;"Default";"None";"LocalDateTable 57d8d861 1e4a 4ad1 ab22 76a2aeb7f08c (3540713)$Mes (3540746)";"Calculated";"";"FORMAT([Date], ""MMMM"")";"";True;"NroMes";"GroupOnValue";"";"";"";"f8b045b4-d335-4631-a8a8-888486dcb770"
3540747;"NroTrimestre";"LocalDateTable_57d8d861-1e4a-4ad1-ab22-76a2aeb7f08c";"Integer";"QuarterOfYear";"";True;False;False;True;"Default";"None";"LocalDateTable 57d8d861 1e4a 4ad1 ab22 76a2aeb7f08c (3540713)$NroTrimestre (3540747)";"Calculated";"";"INT(([NroMes] + 2) / 3)";"";True;"";"GroupOnValue";"";"";"";"debd90fa-371e-4d77-a507-fc6f2f74eabe"
3540748;"Trimestre";"LocalDateTable_57d8d861-1e4a-4ad1-ab22-76a2aeb7f08c";"Text";"Quarters";"";True;False;False;True;"Default";"None";"LocalDateTable 57d8d861 1e4a 4ad1 ab22 76a2aeb7f08c (3540713)$Trimestre (3540748)";"Calculated";"";"""Trim. "" & [NroTrimestre]";"";True;"NroTrimestre";"GroupOnValue";"";"";"";"333c09e2-6fea-4d5d-aad7-7aba12426253"
3540749;"Día";"LocalDateTable_57d8d861-1e4a-4ad1-ab22-76a2aeb7f08c";"Integer";"DayOfMonth";"";True;False;False;True;"Default";"None";"LocalDateTable 57d8d861 1e4a 4ad1 ab22 76a2aeb7f08c (3540713)$Día (3540749)";"Calculated";"";"DAY([Date])";"";True;"";"GroupOnValue";"";"";"";"372a5c31-718f-4bc9-b283-7adfa253fa5a"
3540720;"RowNumber-2662979B-1795-4F74-8F37-6A1BA8059B61";"LocalDateTable_37259e27-e88c-4c36-a24d-2e8342183217";"Integer";"RowNumber";"";True;True;True;False;"Default";"Default";"LocalDateTable 37259e27 e88c 4c36 a24d 2e8342183217 (3540719)$RowNumber 2662979B 1795 4F74 8F37 6A1BA8059B61 (3540720)";"RowNumber";"RowNumber-2662979B-1795-4F74-8F37-6A1BA8059B61";"";"";True;"";"GroupOnValue";"";"";"";""
3540767;"Date";"LocalDateTable_37259e27-e88c-4c36-a24d-2e8342183217";"Date";"PaddedDateTableDates";"";True;True;False;False;"Default";"None";"LocalDateTable 37259e27 e88c 4c36 a24d 2e8342183217 (3540719)$Date (3540767)";"CalculatedTableColumn";"Date";"";"";True;"";"GroupOnValue";"";"";"";"f9a09b29-b383-4b40-aeb2-fe583195b2fa"
3540768;"AÑO";"LocalDateTable_37259e27-e88c-4c36-a24d-2e8342183217";"Integer";"Years";"";True;False;False;True;"Default";"None";"LocalDateTable 37259e27 e88c 4c36 a24d 2e8342183217 (3540719)$Año (3540768)";"Calculated";"";"YEAR([Date])";"";True;"";"GroupOnValue";"";"";"";"943e97b1-132b-448e-883c-189ed5978c21"
3540769;"NroMes";"LocalDateTable_37259e27-e88c-4c36-a24d-2e8342183217";"Integer";"MonthOfYear";"";True;False;False;True;"Default";"None";"LocalDateTable 37259e27 e88c 4c36 a24d 2e8342183217 (3540719)$NroMes (3540769)";"Calculated";"";"MONTH([Date])";"";True;"";"GroupOnValue";"";"";"";"048bb8f8-01a5-4dac-8d55-d8c18a5844e7"
3540770;"MES";"LocalDateTable_37259e27-e88c-4c36-a24d-2e8342183217";"Text";"Months";"";True;False;False;True;"Default";"None";"LocalDateTable 37259e27 e88c 4c36 a24d 2e8342183217 (3540719)$Mes (3540770)";"Calculated";"";"FORMAT([Date], ""MMMM"")";"";True;"NroMes";"GroupOnValue";"";"";"";"a56dca13-50be-40bd-b8dc-593f8d77926d"
3540771;"NroTrimestre";"LocalDateTable_37259e27-e88c-4c36-a24d-2e8342183217";"Integer";"QuarterOfYear";"";True;False;False;True;"Default";"None";"LocalDateTable 37259e27 e88c 4c36 a24d 2e8342183217 (3540719)$NroTrimestre (3540771)";"Calculated";"";"INT(([NroMes] + 2) / 3)";"";True;"";"GroupOnValue";"";"";"";"c33da020-98bb-4198-80fd-5c29de6f67d3"
3540772;"Trimestre";"LocalDateTable_37259e27-e88c-4c36-a24d-2e8342183217";"Text";"Quarters";"";True;False;False;True;"Default";"None";"LocalDateTable 37259e27 e88c 4c36 a24d 2e8342183217 (3540719)$Trimestre (3540772)";"Calculated";"";"""Trim. "" & [NroTrimestre]";"";True;"NroTrimestre";"GroupOnValue";"";"";"";"53adbe5a-f681-4b70-bcf3-39142ed7e129"
3540773;"Día";"LocalDateTable_37259e27-e88c-4c36-a24d-2e8342183217";"Integer";"DayOfMonth";"";True;False;False;True;"Default";"None";"LocalDateTable 37259e27 e88c 4c36 a24d 2e8342183217 (3540719)$Día (3540773)";"Calculated";"";"DAY([Date])";"";True;"";"GroupOnValue";"";"";"";"35e593f5-06ba-46ff-bb51-68ee7ee95df5"
3540723;"RowNumber-2662979B-1795-4F74-8F37-6A1BA8059B61";"LocalDateTable_03567001-b069-44a7-a247-6e46382e05c0";"Integer";"RowNumber";"";True;True;True;False;"Default";"Default";"LocalDateTable 03567001 b069 44a7 a247 6e46382e05c0 (3540722)$RowNumber 2662979B 1795 4F74 8F37 6A1BA8059B61 (3540723)";"RowNumber";"RowNumber-2662979B-1795-4F74-8F37-6A1BA8059B61";"";"";True;"";"GroupOnValue";"";"";"";""
3540788;"Date";"LocalDateTable_03567001-b069-44a7-a247-6e46382e05c0";"Date";"PaddedDateTableDates";"";True;True;False;False;"Default";"None";"LocalDateTable 03567001 b069 44a7 a247 6e46382e05c0 (3540722)$Date (3540788)";"CalculatedTableColumn";"Date";"";"";True;"";"GroupOnValue";"";"";"";"5b6608d4-80a1-4440-9622-bcab86b575c6"
3540789;"AÑO";"LocalDateTable_03567001-b069-44a7-a247-6e46382e05c0";"Integer";"Years";"";True;False;False;True;"Default";"None";"LocalDateTable 03567001 b069 44a7 a247 6e46382e05c0 (3540722)$Año (3540789)";"Calculated";"";"YEAR([Date])";"";True;"";"GroupOnValue";"";"";"";"65e9ec33-70e8-4435-bdd2-78db3c7083bf"
3540790;"NroMes";"LocalDateTable_03567001-b069-44a7-a247-6e46382e05c0";"Integer";"MonthOfYear";"";True;False;False;True;"Default";"None";"LocalDateTable 03567001 b069 44a7 a247 6e46382e05c0 (3540722)$NroMes (3540790)";"Calculated";"";"MONTH([Date])";"";True;"";"GroupOnValue";"";"";"";"c945d093-3202-458c-9a53-65661c60eb6a"
3540791;"MES";"LocalDateTable_03567001-b069-44a7-a247-6e46382e05c0";"Text";"Months";"";True;False;False;True;"Default";"None";"LocalDateTable 03567001 b069 44a7 a247 6e46382e05c0 (3540722)$Mes (3540791)";"Calculated";"";"FORMAT([Date], ""MMMM"")";"";True;"NroMes";"GroupOnValue";"";"";"";"e4fa9890-3acd-4d9e-b45e-4e73313d19f5"
3540792;"NroTrimestre";"LocalDateTable_03567001-b069-44a7-a247-6e46382e05c0";"Integer";"QuarterOfYear";"";True;False;False;True;"Default";"None";"LocalDateTable 03567001 b069 44a7 a247 6e46382e05c0 (3540722)$NroTrimestre (3540792)";"Calculated";"";"INT(([NroMes] + 2) / 3)";"";True;"";"GroupOnValue";"";"";"";"151c2f31-873d-45cf-b1f4-acd8675ed190"
3540793;"Trimestre";"LocalDateTable_03567001-b069-44a7-a247-6e46382e05c0";"Text";"Quarters";"";True;False;False;True;"Default";"None";"LocalDateTable 03567001 b069 44a7 a247 6e46382e05c0 (3540722)$Trimestre (3540793)";"Calculated";"";"""Trim. "" & [NroTrimestre]";"";True;"NroTrimestre";"GroupOnValue";"";"";"";"5be7f6e7-f372-4beb-bfe5-ccc727893ed7"
3540794;"Día";"LocalDateTable_03567001-b069-44a7-a247-6e46382e05c0";"Integer";"DayOfMonth";"";True;False;False;True;"Default";"None";"LocalDateTable 03567001 b069 44a7 a247 6e46382e05c0 (3540722)$Día (3540794)";"Calculated";"";"DAY([Date])";"";True;"";"GroupOnValue";"";"";"";"bf272816-3796-4f53-8b91-9e3f0a1a705e"
3612720;"RowNumber-2662979B-1795-4F74-8F37-6A1BA8059B61";"LocalDateTable_a5cc91bc-be4c-4d25-b1fc-5b3b441fbd7c";"Integer";"RowNumber";"";True;True;True;False;"Default";"Default";"LocalDateTable a5cc91bc be4c 4d25 b1fc 5b3b441fbd7c (3612719)$RowNumber 2662979B 1795 4F74 8F37 6A1BA8059B61 (3612720)";"RowNumber";"RowNumber-2662979B-1795-4F74-8F37-6A1BA8059B61";"";"";True;"";"GroupOnValue";"";"";"";""
3612724;"Date";"LocalDateTable_a5cc91bc-be4c-4d25-b1fc-5b3b441fbd7c";"Date";"PaddedDateTableDates";"";True;True;False;False;"Default";"None";"LocalDateTable a5cc91bc be4c 4d25 b1fc 5b3b441fbd7c (3612719)$Date (3612724)";"CalculatedTableColumn";"Date";"";"";True;"";"GroupOnValue";"";"";"";"33c2076c-1106-4586-a8e5-a93e664fff5e"
3612725;"AÑO";"LocalDateTable_a5cc91bc-be4c-4d25-b1fc-5b3b441fbd7c";"Integer";"Years";"";True;False;False;True;"Default";"None";"LocalDateTable a5cc91bc be4c 4d25 b1fc 5b3b441fbd7c (3612719)$Año (3612725)";"Calculated";"";"YEAR([Date])";"";True;"";"GroupOnValue";"";"";"";"1e80c0cd-72fb-4ea1-8c33-cbaadb8fad8b"
3612726;"NroMes";"LocalDateTable_a5cc91bc-be4c-4d25-b1fc-5b3b441fbd7c";"Integer";"MonthOfYear";"";True;False;False;True;"Default";"None";"LocalDateTable a5cc91bc be4c 4d25 b1fc 5b3b441fbd7c (3612719)$NroMes (3612726)";"Calculated";"";"MONTH([Date])";"";True;"";"GroupOnValue";"";"";"";"5abd81b8-5c19-4ce9-86e2-ba9e8b16225d"
3612727;"MES";"LocalDateTable_a5cc91bc-be4c-4d25-b1fc-5b3b441fbd7c";"Text";"Months";"";True;False;False;True;"Default";"None";"LocalDateTable a5cc91bc be4c 4d25 b1fc 5b3b441fbd7c (3612719)$Mes (3612727)";"Calculated";"";"FORMAT([Date], ""MMMM"")";"";True;"NroMes";"GroupOnValue";"";"";"";"f7078dec-7b64-4985-8e34-e1c7d7f4d30d"
3612728;"NroTrimestre";"LocalDateTable_a5cc91bc-be4c-4d25-b1fc-5b3b441fbd7c";"Integer";"QuarterOfYear";"";True;False;False;True;"Default";"None";"LocalDateTable a5cc91bc be4c 4d25 b1fc 5b3b441fbd7c (3612719)$NroTrimestre (3612728)";"Calculated";"";"INT(([NroMes] + 2) / 3)";"";True;"";"GroupOnValue";"";"";"";"01ba4ada-0892-4966-9a73-2f7977b37329"
3612729;"Trimestre";"LocalDateTable_a5cc91bc-be4c-4d25-b1fc-5b3b441fbd7c";"Text";"Quarters";"";True;False;False;True;"Default";"None";"LocalDateTable a5cc91bc be4c 4d25 b1fc 5b3b441fbd7c (3612719)$Trimestre (3612729)";"Calculated";"";"""Trim. "" & [NroTrimestre]";"";True;"NroTrimestre";"GroupOnValue";"";"";"";"a433168d-6e4c-40f9-aaf3-5babb0c2d7e2"
3612730;"Día";"LocalDateTable_a5cc91bc-be4c-4d25-b1fc-5b3b441fbd7c";"Integer";"DayOfMonth";"";True;False;False;True;"Default";"None";"LocalDateTable a5cc91bc be4c 4d25 b1fc 5b3b441fbd7c (3612719)$Día (3612730)";"Calculated";"";"DAY([Date])";"";True;"";"GroupOnValue";"";"";"";"26aa8c80-623f-4adc-a83f-7fe3c63f820f"
3613814;"RowNumber-2662979B-1795-4F74-8F37-6A1BA8059B61";"ATENCION DOMICILIARIA";"Integer";"RowNumber";"";True;True;True;False;"Default";"Default";"Consulta1 (3613813)$RowNumber 2662979B 1795 4F74 8F37 6A1BA8059B61 (3613814)";"RowNumber";"RowNumber-2662979B-1795-4F74-8F37-6A1BA8059B61";"";"";True;"";"GroupOnValue";"";"";"";""
3613836;"INGRESO";"ATENCION DOMICILIARIA";"Integer";"Regular";"";False;False;False;True;"Default";"Sum";"Consulta1 (3613813)$INGRESO (3613836)";"Data";"INGRESO";"";"0";True;"";"GroupOnValue";"";"";"";"ce5b30bf-e8fd-48cc-8566-497f1b58d4eb"
3613837;"OID_CAMA";"ATENCION DOMICILIARIA";"Integer";"Regular";"";False;False;False;True;"Default";"Sum";"Consulta1 (3613813)$OID CAMA (3613837)";"Data";"OID_CAMA";"";"0";True;"";"GroupOnValue";"";"";"";"74be3cf2-7596-477e-a737-8b4bb3e17340"
3613838;"CAMA";"ATENCION DOMICILIARIA";"Text";"Regular";"";False;False;False;True;"Default";"None";"Consulta1 (3613813)$CAMA (3613838)";"Data";"CAMA";"";"";True;"";"GroupOnValue";"";"";"";"e5438594-4f3a-4bf0-9d79-d1033cc6bc95"
3613839;"servicio";"ATENCION DOMICILIARIA";"Text";"Regular";"";False;False;False;True;"Default";"None";"Consulta1 (3613813)$SERVICIO (3613839)";"Data";"servicio";"";"";True;"";"GroupOnValue";"";"";"";"cea59c33-09e2-4aca-8f63-05d6ef468545"
3613840;"FECHA_INGRESO_CAMA";"ATENCION DOMICILIARIA";"Date";"Regular";"";False;False;False;True;"Default";"None";"Consulta1 (3613813)$FECHA INGRESO CAMA (3613840)";"Data";"FECHA_INGRESO_CAMA";"";"General Date";True;"";"GroupOnValue";"";"";"";"308d9150-adbc-4ff2-aceb-421f42f8438b"
3613848;"FECHA_EGRESO_CAMA";"ATENCION DOMICILIARIA";"Date";"Regular";"";False;False;False;True;"Default";"None";"Consulta1 (3613813)$FECHA EGRESO CAMA (3613848)";"Data";"FECHA_EGRESO_CAMA";"";"General Date";True;"";"GroupOnValue";"";"";"";"79c0cbcc-e47b-4cb5-ab12-4b14077672cf"
3613856;"FECHA_EGRESO_FINAL";"ATENCION DOMICILIARIA";"Date";"Regular";"";False;False;False;True;"Default";"None";"Consulta1 (3613813)$FECHA EGRESO FINAL (3613856)";"Data";"FECHA_EGRESO_FINAL";"";"General Date";True;"";"GroupOnValue";"";"";"";"d9c86021-e5e4-4afe-bcdb-ffac1de2400f"
3613864;"DIAS_ESTANCIA";"ATENCION DOMICILIARIA";"Integer";"Regular";"";False;False;False;True;"Default";"Sum";"Consulta1 (3613813)$DIAS ESTANCIA (3613864)";"Data";"DIAS_ESTANCIA";"";"0";True;"";"GroupOnValue";"";"";"";"22f3ba8a-4b44-40ee-a32c-749333416b69"
3613865;"MES";"ATENCION DOMICILIARIA";"Integer";"Regular";"";False;False;False;True;"Default";"Sum";"Consulta1 (3613813)$MES (3613865)";"Data";"MES";"";"0";True;"";"GroupOnValue";"";"";"";"58f679d5-e164-4957-8c2e-4311523ad6de"
3613866;"ANNO";"ATENCION DOMICILIARIA";"Integer";"Regular";"";False;False;False;True;"Default";"Sum";"Consulta1 (3613813)$ANNO (3613866)";"Data";"ANNO";"";"0";True;"";"GroupOnValue";"";"";"";"8f00841e-41e3-4e0d-81ec-c6f6a823b5f8"
3613867;"TRASLADO";"ATENCION DOMICILIARIA";"Integer";"Regular";"";False;False;False;True;"Default";"Sum";"Consulta1 (3613813)$TRASLADO (3613867)";"Data";"TRASLADO";"";"0";True;"";"GroupOnValue";"";"";"";"20535992-f939-4f36-a344-76b315937def"
3613868;"EGRESO";"ATENCION DOMICILIARIA";"Integer";"Regular";"";False;False;False;True;"Default";"Sum";"Consulta1 (3613813)$EGRESO (3613868)";"Data";"EGRESO";"";"0";True;"";"GroupOnValue";"";"";"";"61d3d92c-c193-456a-8f08-6dec189360b6"
3613869;"AEEGRCORCU";"ATENCION DOMICILIARIA";"True/False";"Regular";"";False;False;False;True;"Default";"None";"Consulta1 (3613813)$AEEGRCORCU (3613869)";"Data";"AEEGRCORCU";"";"""TRUE"";""TRUE"";""FALSE""";True;"";"GroupOnValue";"";"";"";"60d7520b-2b50-4e0b-9005-b6eb99e59c2f"
3613870;"Sexo";"ATENCION DOMICILIARIA";"Text";"Regular";"";False;False;False;True;"Default";"None";"Consulta1 (3613813)$SEXO (3613870)";"Data";"Sexo";"";"";True;"";"GroupOnValue";"";"";"";"6773c2c7-ea21-43ec-9787-631ece3a0337"
3613871;"edad";"ATENCION DOMICILIARIA";"Integer";"Regular";"";False;False;False;True;"Default";"Sum";"Consulta1 (3613813)$EDAD (3613871)";"Data";"edad";"";"0";True;"";"GroupOnValue";"";"";"";"332301b9-62a9-4534-8180-5670f1ac6a47"
3613872;"FECHA_INGRESO_INST";"ATENCION DOMICILIARIA";"Date";"Regular";"";False;False;False;True;"Default";"None";"Consulta1 (3613813)$FECHA INGRESO INST (3613872)";"Data";"FECHA_INGRESO_INST";"";"General Date";True;"";"GroupOnValue";"";"";"";"dd8ba4c9-d035-41f3-a7f9-4dabf133c09d"
3613880;"AINCONSEC";"ATENCION DOMICILIARIA";"Integer";"Regular";"";False;False;False;True;"Default";"Sum";"Consulta1 (3613813)$AINCONSEC (3613880)";"Data";"AINCONSEC";"";"0";True;"";"GroupOnValue";"";"";"";"47ff1396-5149-4fa3-b23f-9cc753c8c55f"
3613881;"PACNUMDOC";"ATENCION DOMICILIARIA";"Text";"Regular";"";False;False;False;True;"Default";"None";"Consulta1 (3613813)$PACNUMDOC (3613881)";"Data";"PACNUMDOC";"";"";True;"";"GroupOnValue";"";"";"";"95de3bad-7bad-40bc-9476-ea3ef1022617"
3613882;"TERNOMCOM";"ATENCION DOMICILIARIA";"Text";"Regular";"";False;False;False;True;"Default";"None";"Consulta1 (3613813)$TERNOMCOM (3613882)";"Data";"TERNOMCOM";"";"";True;"";"GroupOnValue";"";"";"";"642c8a50-9f9e-40bd-8023-f776e7cce4e5"
3613883;"PLAN_BENEFICIOS";"ATENCION DOMICILIARIA";"Text";"Regular";"";False;False;False;True;"Default";"None";"Consulta1 (3613813)$PLAN BENEFICIOS (3613883)";"Data";"PLAN_BENEFICIOS";"";"";True;"";"GroupOnValue";"";"";"";"8b1975a2-2204-484c-a11e-2b0c42d8ad10"
3613884;"CODIGO";"ATENCION DOMICILIARIA";"Text";"Regular";"";False;False;False;True;"Default";"None";"Consulta1 (3613813)$CODIGO (3613884)";"Data";"CODIGO";"";"";True;"";"GroupOnValue";"";"";"";"a0ef1b32-bbeb-4a9b-b401-5d10ec795dcf"
3613885;"CIE10";"ATENCION DOMICILIARIA";"Text";"Regular";"";False;False;False;True;"Default";"None";"Consulta1 (3613813)$CIE10 (3613885)";"Data";"CIE10";"";"";True;"";"GroupOnValue";"";"";"";"43226ae8-a71e-429e-86ad-e7bb765c8d6c"
3613886;"CODCMD";"ATENCION DOMICILIARIA";"Text";"Regular";"";False;False;False;True;"Default";"None";"Consulta1 (3613813)$CODCMD (3613886)";"Data";"CODCMD";"";"";True;"";"GroupOnValue";"";"";"";"ff3140e4-7fbd-45cb-a389-0a636d61a2b4"
3613887;"CMD";"ATENCION DOMICILIARIA";"Text";"Regular";"";False;False;False;True;"Default";"None";"Consulta1 (3613813)$CMD (3613887)";"Data";"CMD";"";"";True;"";"GroupOnValue";"";"";"";"5b5e4982-3e8f-4ca9-87e9-c19f85e8486d"
3613888;"CODGRD";"ATENCION DOMICILIARIA";"Text";"Regular";"";False;False;False;True;"Default";"None";"Consulta1 (3613813)$CODGRD (3613888)";"Data";"CODGRD";"";"";True;"";"GroupOnValue";"";"";"";"57e43605-b27f-4821-8062-6b492d8c50c4"
3613889;"GRD";"ATENCION DOMICILIARIA";"Text";"Regular";"";False;False;False;True;"Default";"None";"Consulta1 (3613813)$GRD (3613889)";"Data";"GRD";"";"";True;"";"GroupOnValue";"";"";"";"5f9ab86b-f70a-4be7-8d75-4cc458d9244a"
3613890;"RN";"ATENCION DOMICILIARIA";"Integer";"Regular";"";False;False;False;True;"Default";"Sum";"Consulta1 (3613813)$RN (3613890)";"Data";"RN";"";"0";True;"";"GroupOnValue";"";"";"";"7556e376-5a44-4938-bcc8-e72626040a57"
3613891;"GDECODIGO";"ATENCION DOMICILIARIA";"Text";"Regular";"";False;False;False;True;"Default";"None";"Consulta1 (3613813)$GDECODIGO (3613891)";"Data";"GDECODIGO";"";"";True;"";"GroupOnValue";"";"";"";"816fed3d-414d-4364-804c-35e68f98f91b"
3613892;"MUNICIPIO";"ATENCION DOMICILIARIA";"Text";"Regular";"";False;False;False;True;"Default";"None";"Consulta1 (3613813)$MUNICIPIO (3613892)";"Data";"MUNICIPIO";"";"";True;"";"GroupOnValue";"";"";"";"155ec15c-8b96-445d-b2c8-f30b3c850415"
3613893;"FECHA_EGRESO_FACTURACION";"ATENCION DOMICILIARIA";"Date";"Regular";"";False;False;False;True;"Default";"None";"Consulta1 (3613813)$FECHA EGRESO FACTURACION (3613893)";"Data";"FECHA_EGRESO_FACTURACION";"";"General Date";True;"";"GroupOnValue";"";"";"";"cf8561f4-cfc1-4552-a63e-e7f2c0cc9a07"
3655634;"FECHA";"ATENCION DOMICILIARIA";"Date";"Regular";"";False;False;False;True;"Default";"None";"Consulta1 (3613813)$FECHA (3655634)";"Data";"FECHA";"";"General Date";True;"";"GroupOnValue";"";"";"";"c36ac013-067e-4c75-ba6f-7044acb17006"
3613817;"RowNumber-2662979B-1795-4F74-8F37-6A1BA8059B61";"LocalDateTable_3cd70fc0-4d84-44e6-be3b-070d7264ea59";"Integer";"RowNumber";"";True;True;True;False;"Default";"Default";"LocalDateTable 3cd70fc0 4d84 44e6 be3b 070d7264ea59 (3613816)$RowNumber 2662979B 1795 4F74 8F37 6A1BA8059B61 (3613817)";"RowNumber";"RowNumber-2662979B-1795-4F74-8F37-6A1BA8059B61";"";"";True;"";"GroupOnValue";"";"";"";""
3613841;"Date";"LocalDateTable_3cd70fc0-4d84-44e6-be3b-070d7264ea59";"Date";"PaddedDateTableDates";"";True;True;False;False;"Default";"None";"LocalDateTable 3cd70fc0 4d84 44e6 be3b 070d7264ea59 (3613816)$Date (3613841)";"CalculatedTableColumn";"Date";"";"";True;"";"GroupOnValue";"";"";"";"aad78579-bf8e-43bb-83c9-65f6db4dd0a4"
3613842;"AÑO";"LocalDateTable_3cd70fc0-4d84-44e6-be3b-070d7264ea59";"Integer";"Years";"";True;False;False;True;"Default";"None";"LocalDateTable 3cd70fc0 4d84 44e6 be3b 070d7264ea59 (3613816)$Año (3613842)";"Calculated";"";"YEAR([Date])";"";True;"";"GroupOnValue";"";"";"";"deeb9752-a536-4f65-8119-1083c428e5b6"
3613843;"NroMes";"LocalDateTable_3cd70fc0-4d84-44e6-be3b-070d7264ea59";"Integer";"MonthOfYear";"";True;False;False;True;"Default";"None";"LocalDateTable 3cd70fc0 4d84 44e6 be3b 070d7264ea59 (3613816)$NroMes (3613843)";"Calculated";"";"MONTH([Date])";"";True;"";"GroupOnValue";"";"";"";"7f9bfaf7-16e9-4e0d-96f4-a48cdafe8d70"
3613844;"MES";"LocalDateTable_3cd70fc0-4d84-44e6-be3b-070d7264ea59";"Text";"Months";"";True;False;False;True;"Default";"None";"LocalDateTable 3cd70fc0 4d84 44e6 be3b 070d7264ea59 (3613816)$Mes (3613844)";"Calculated";"";"FORMAT([Date], ""MMMM"")";"";True;"NroMes";"GroupOnValue";"";"";"";"e9c7b9b9-6791-4964-a070-6008267659dc"
3613845;"NroTrimestre";"LocalDateTable_3cd70fc0-4d84-44e6-be3b-070d7264ea59";"Integer";"QuarterOfYear";"";True;False;False;True;"Default";"None";"LocalDateTable 3cd70fc0 4d84 44e6 be3b 070d7264ea59 (3613816)$NroTrimestre (3613845)";"Calculated";"";"INT(([NroMes] + 2) / 3)";"";True;"";"GroupOnValue";"";"";"";"d03e1aa9-5ff3-4c0c-8d63-652abe5db243"
3613846;"Trimestre";"LocalDateTable_3cd70fc0-4d84-44e6-be3b-070d7264ea59";"Text";"Quarters";"";True;False;False;True;"Default";"None";"LocalDateTable 3cd70fc0 4d84 44e6 be3b 070d7264ea59 (3613816)$Trimestre (3613846)";"Calculated";"";"""Trim. "" & [NroTrimestre]";"";True;"NroTrimestre";"GroupOnValue";"";"";"";"c84a5cd4-4b96-4796-b922-9147a8e92d6d"
3613847;"Día";"LocalDateTable_3cd70fc0-4d84-44e6-be3b-070d7264ea59";"Integer";"DayOfMonth";"";True;False;False;True;"Default";"None";"LocalDateTable 3cd70fc0 4d84 44e6 be3b 070d7264ea59 (3613816)$Día (3613847)";"Calculated";"";"DAY([Date])";"";True;"";"GroupOnValue";"";"";"";"661dd238-7ad0-4aed-a90f-aec23a46b2d7"
3613820;"RowNumber-2662979B-1795-4F74-8F37-6A1BA8059B61";"LocalDateTable_4fbe9367-c61c-4ef2-9607-558bf4896899";"Integer";"RowNumber";"";True;True;True;False;"Default";"Default";"LocalDateTable 4fbe9367 c61c 4ef2 9607 558bf4896899 (3613819)$RowNumber 2662979B 1795 4F74 8F37 6A1BA8059B61 (3613820)";"RowNumber";"RowNumber-2662979B-1795-4F74-8F37-6A1BA8059B61";"";"";True;"";"GroupOnValue";"";"";"";""
3613849;"Date";"LocalDateTable_4fbe9367-c61c-4ef2-9607-558bf4896899";"Date";"PaddedDateTableDates";"";True;True;False;False;"Default";"None";"LocalDateTable 4fbe9367 c61c 4ef2 9607 558bf4896899 (3613819)$Date (3613849)";"CalculatedTableColumn";"Date";"";"";True;"";"GroupOnValue";"";"";"";"7d5f4008-c210-4e61-9aac-7377196ece23"
3613850;"AÑO";"LocalDateTable_4fbe9367-c61c-4ef2-9607-558bf4896899";"Integer";"Years";"";True;False;False;True;"Default";"None";"LocalDateTable 4fbe9367 c61c 4ef2 9607 558bf4896899 (3613819)$Año (3613850)";"Calculated";"";"YEAR([Date])";"";True;"";"GroupOnValue";"";"";"";"6331d1e2-05cd-46ed-8ed4-f941ec13e01c"
3613851;"NroMes";"LocalDateTable_4fbe9367-c61c-4ef2-9607-558bf4896899";"Integer";"MonthOfYear";"";True;False;False;True;"Default";"None";"LocalDateTable 4fbe9367 c61c 4ef2 9607 558bf4896899 (3613819)$NroMes (3613851)";"Calculated";"";"MONTH([Date])";"";True;"";"GroupOnValue";"";"";"";"83f99066-58ca-405e-ba99-e425cb1ee357"
3613852;"MES";"LocalDateTable_4fbe9367-c61c-4ef2-9607-558bf4896899";"Text";"Months";"";True;False;False;True;"Default";"None";"LocalDateTable 4fbe9367 c61c 4ef2 9607 558bf4896899 (3613819)$Mes (3613852)";"Calculated";"";"FORMAT([Date], ""MMMM"")";"";True;"NroMes";"GroupOnValue";"";"";"";"87b042f3-9d53-4cf2-8a09-ec0c1b9bb289"
3613853;"NroTrimestre";"LocalDateTable_4fbe9367-c61c-4ef2-9607-558bf4896899";"Integer";"QuarterOfYear";"";True;False;False;True;"Default";"None";"LocalDateTable 4fbe9367 c61c 4ef2 9607 558bf4896899 (3613819)$NroTrimestre (3613853)";"Calculated";"";"INT(([NroMes] + 2) / 3)";"";True;"";"GroupOnValue";"";"";"";"f5822f2c-b520-494a-81c2-347b90ac3f11"
3613854;"Trimestre";"LocalDateTable_4fbe9367-c61c-4ef2-9607-558bf4896899";"Text";"Quarters";"";True;False;False;True;"Default";"None";"LocalDateTable 4fbe9367 c61c 4ef2 9607 558bf4896899 (3613819)$Trimestre (3613854)";"Calculated";"";"""Trim. "" & [NroTrimestre]";"";True;"NroTrimestre";"GroupOnValue";"";"";"";"85b27ec5-2ce6-486b-919c-ba1bb0571cc0"
3613855;"Día";"LocalDateTable_4fbe9367-c61c-4ef2-9607-558bf4896899";"Integer";"DayOfMonth";"";True;False;False;True;"Default";"None";"LocalDateTable 4fbe9367 c61c 4ef2 9607 558bf4896899 (3613819)$Día (3613855)";"Calculated";"";"DAY([Date])";"";True;"";"GroupOnValue";"";"";"";"f5b7a114-b358-4ccd-8bcb-6b887f1ee755"
3613823;"RowNumber-2662979B-1795-4F74-8F37-6A1BA8059B61";"LocalDateTable_27465467-6d81-4bfa-88f2-68edc797ed76";"Integer";"RowNumber";"";True;True;True;False;"Default";"Default";"LocalDateTable 27465467 6d81 4bfa 88f2 68edc797ed76 (3613822)$RowNumber 2662979B 1795 4F74 8F37 6A1BA8059B61 (3613823)";"RowNumber";"RowNumber-2662979B-1795-4F74-8F37-6A1BA8059B61";"";"";True;"";"GroupOnValue";"";"";"";""
3613857;"Date";"LocalDateTable_27465467-6d81-4bfa-88f2-68edc797ed76";"Date";"PaddedDateTableDates";"";True;True;False;False;"Default";"None";"LocalDateTable 27465467 6d81 4bfa 88f2 68edc797ed76 (3613822)$Date (3613857)";"CalculatedTableColumn";"Date";"";"";True;"";"GroupOnValue";"";"";"";"1c614904-b878-483c-9468-b423f73299d2"
3613858;"AÑO";"LocalDateTable_27465467-6d81-4bfa-88f2-68edc797ed76";"Integer";"Years";"";True;False;False;True;"Default";"None";"LocalDateTable 27465467 6d81 4bfa 88f2 68edc797ed76 (3613822)$Año (3613858)";"Calculated";"";"YEAR([Date])";"";True;"";"GroupOnValue";"";"";"";"cec08e11-1102-4ac2-8cb3-934cc244baa2"
3613859;"NroMes";"LocalDateTable_27465467-6d81-4bfa-88f2-68edc797ed76";"Integer";"MonthOfYear";"";True;False;False;True;"Default";"None";"LocalDateTable 27465467 6d81 4bfa 88f2 68edc797ed76 (3613822)$NroMes (3613859)";"Calculated";"";"MONTH([Date])";"";True;"";"GroupOnValue";"";"";"";"78c9a45f-0f75-4876-a841-ee3c79da400f"
3613860;"MES";"LocalDateTable_27465467-6d81-4bfa-88f2-68edc797ed76";"Text";"Months";"";True;False;False;True;"Default";"None";"LocalDateTable 27465467 6d81 4bfa 88f2 68edc797ed76 (3613822)$Mes (3613860)";"Calculated";"";"FORMAT([Date], ""MMMM"")";"";True;"NroMes";"GroupOnValue";"";"";"";"4cc738ab-b429-4e62-9484-ebe5b92de57a"
3613861;"NroTrimestre";"LocalDateTable_27465467-6d81-4bfa-88f2-68edc797ed76";"Integer";"QuarterOfYear";"";True;False;False;True;"Default";"None";"LocalDateTable 27465467 6d81 4bfa 88f2 68edc797ed76 (3613822)$NroTrimestre (3613861)";"Calculated";"";"INT(([NroMes] + 2) / 3)";"";True;"";"GroupOnValue";"";"";"";"e59b5710-06d8-4b59-b94c-38fd272adf07"
3613862;"Trimestre";"LocalDateTable_27465467-6d81-4bfa-88f2-68edc797ed76";"Text";"Quarters";"";True;False;False;True;"Default";"None";"LocalDateTable 27465467 6d81 4bfa 88f2 68edc797ed76 (3613822)$Trimestre (3613862)";"Calculated";"";"""Trim. "" & [NroTrimestre]";"";True;"NroTrimestre";"GroupOnValue";"";"";"";"d7030651-dbeb-4090-815a-651c41480b12"
3613863;"Día";"LocalDateTable_27465467-6d81-4bfa-88f2-68edc797ed76";"Integer";"DayOfMonth";"";True;False;False;True;"Default";"None";"LocalDateTable 27465467 6d81 4bfa 88f2 68edc797ed76 (3613822)$Día (3613863)";"Calculated";"";"DAY([Date])";"";True;"";"GroupOnValue";"";"";"";"c4bc41f9-4498-4253-871f-14d30f8e4182"
3613826;"RowNumber-2662979B-1795-4F74-8F37-6A1BA8059B61";"LocalDateTable_06dac1dc-0715-481a-9ac0-c0b0356653e0";"Integer";"RowNumber";"";True;True;True;False;"Default";"Default";"LocalDateTable 06dac1dc 0715 481a 9ac0 c0b0356653e0 (3613825)$RowNumber 2662979B 1795 4F74 8F37 6A1BA8059B61 (3613826)";"RowNumber";"RowNumber-2662979B-1795-4F74-8F37-6A1BA8059B61";"";"";True;"";"GroupOnValue";"";"";"";""
3613873;"Date";"LocalDateTable_06dac1dc-0715-481a-9ac0-c0b0356653e0";"Date";"PaddedDateTableDates";"";True;True;False;False;"Default";"None";"LocalDateTable 06dac1dc 0715 481a 9ac0 c0b0356653e0 (3613825)$Date (3613873)";"CalculatedTableColumn";"Date";"";"";True;"";"GroupOnValue";"";"";"";"8f2e0915-0301-4b5b-8131-32bb009c60af"
3613874;"AÑO";"LocalDateTable_06dac1dc-0715-481a-9ac0-c0b0356653e0";"Integer";"Years";"";True;False;False;True;"Default";"None";"LocalDateTable 06dac1dc 0715 481a 9ac0 c0b0356653e0 (3613825)$Año (3613874)";"Calculated";"";"YEAR([Date])";"";True;"";"GroupOnValue";"";"";"";"3f1af4fa-cf2d-4352-b1a0-b911be829f6b"
3613875;"NroMes";"LocalDateTable_06dac1dc-0715-481a-9ac0-c0b0356653e0";"Integer";"MonthOfYear";"";True;False;False;True;"Default";"None";"LocalDateTable 06dac1dc 0715 481a 9ac0 c0b0356653e0 (3613825)$NroMes (3613875)";"Calculated";"";"MONTH([Date])";"";True;"";"GroupOnValue";"";"";"";"ab41b6d2-7f5b-4a9e-9207-fc43f736bc4a"
3613876;"MES";"LocalDateTable_06dac1dc-0715-481a-9ac0-c0b0356653e0";"Text";"Months";"";True;False;False;True;"Default";"None";"LocalDateTable 06dac1dc 0715 481a 9ac0 c0b0356653e0 (3613825)$Mes (3613876)";"Calculated";"";"FORMAT([Date], ""MMMM"")";"";True;"NroMes";"GroupOnValue";"";"";"";"eefb5f1d-e54d-4cdd-a5f1-41e39e51c6f6"
3613877;"NroTrimestre";"LocalDateTable_06dac1dc-0715-481a-9ac0-c0b0356653e0";"Integer";"QuarterOfYear";"";True;False;False;True;"Default";"None";"LocalDateTable 06dac1dc 0715 481a 9ac0 c0b0356653e0 (3613825)$NroTrimestre (3613877)";"Calculated";"";"INT(([NroMes] + 2) / 3)";"";True;"";"GroupOnValue";"";"";"";"6e203dbe-efd9-4451-b55e-912bcb899273"
3613878;"Trimestre";"LocalDateTable_06dac1dc-0715-481a-9ac0-c0b0356653e0";"Text";"Quarters";"";True;False;False;True;"Default";"None";"LocalDateTable 06dac1dc 0715 481a 9ac0 c0b0356653e0 (3613825)$Trimestre (3613878)";"Calculated";"";"""Trim. "" & [NroTrimestre]";"";True;"NroTrimestre";"GroupOnValue";"";"";"";"0daa43e7-5a4a-45a5-b0d4-285b58bb4c8c"
3613879;"Día";"LocalDateTable_06dac1dc-0715-481a-9ac0-c0b0356653e0";"Integer";"DayOfMonth";"";True;False;False;True;"Default";"None";"LocalDateTable 06dac1dc 0715 481a 9ac0 c0b0356653e0 (3613825)$Día (3613879)";"Calculated";"";"DAY([Date])";"";True;"";"GroupOnValue";"";"";"";"a56cb59d-5663-4b19-98c0-68be27e57d05"
3613829;"RowNumber-2662979B-1795-4F74-8F37-6A1BA8059B61";"LocalDateTable_afd97080-68cd-41f4-badd-f52ad2f34c0a";"Integer";"RowNumber";"";True;True;True;False;"Default";"Default";"LocalDateTable afd97080 68cd 41f4 badd f52ad2f34c0a (3613828)$RowNumber 2662979B 1795 4F74 8F37 6A1BA8059B61 (3613829)";"RowNumber";"RowNumber-2662979B-1795-4F74-8F37-6A1BA8059B61";"";"";True;"";"GroupOnValue";"";"";"";""
3613894;"Date";"LocalDateTable_afd97080-68cd-41f4-badd-f52ad2f34c0a";"Date";"PaddedDateTableDates";"";True;True;False;False;"Default";"None";"LocalDateTable afd97080 68cd 41f4 badd f52ad2f34c0a (3613828)$Date (3613894)";"CalculatedTableColumn";"Date";"";"";True;"";"GroupOnValue";"";"";"";"ac5b25c2-5738-4f6a-b7a7-c1d139129fdb"
3613895;"AÑO";"LocalDateTable_afd97080-68cd-41f4-badd-f52ad2f34c0a";"Integer";"Years";"";True;False;False;True;"Default";"None";"LocalDateTable afd97080 68cd 41f4 badd f52ad2f34c0a (3613828)$Año (3613895)";"Calculated";"";"YEAR([Date])";"";True;"";"GroupOnValue";"";"";"";"17d4d430-4677-441f-86d6-47ee1a509a26"
3613896;"NroMes";"LocalDateTable_afd97080-68cd-41f4-badd-f52ad2f34c0a";"Integer";"MonthOfYear";"";True;False;False;True;"Default";"None";"LocalDateTable afd97080 68cd 41f4 badd f52ad2f34c0a (3613828)$NroMes (3613896)";"Calculated";"";"MONTH([Date])";"";True;"";"GroupOnValue";"";"";"";"ce31297b-30c1-4372-879f-c89ffafdca1e"
3613897;"MES";"LocalDateTable_afd97080-68cd-41f4-badd-f52ad2f34c0a";"Text";"Months";"";True;False;False;True;"Default";"None";"LocalDateTable afd97080 68cd 41f4 badd f52ad2f34c0a (3613828)$Mes (3613897)";"Calculated";"";"FORMAT([Date], ""MMMM"")";"";True;"NroMes";"GroupOnValue";"";"";"";"1ee167a0-37b8-41d5-9a95-661aa454e6f1"
3613898;"NroTrimestre";"LocalDateTable_afd97080-68cd-41f4-badd-f52ad2f34c0a";"Integer";"QuarterOfYear";"";True;False;False;True;"Default";"None";"LocalDateTable afd97080 68cd 41f4 badd f52ad2f34c0a (3613828)$NroTrimestre (3613898)";"Calculated";"";"INT(([NroMes] + 2) / 3)";"";True;"";"GroupOnValue";"";"";"";"447bbd90-f683-4cfe-8817-51cb340bd368"
3613899;"Trimestre";"LocalDateTable_afd97080-68cd-41f4-badd-f52ad2f34c0a";"Text";"Quarters";"";True;False;False;True;"Default";"None";"LocalDateTable afd97080 68cd 41f4 badd f52ad2f34c0a (3613828)$Trimestre (3613899)";"Calculated";"";"""Trim. "" & [NroTrimestre]";"";True;"NroTrimestre";"GroupOnValue";"";"";"";"3fe8cc28-c956-42da-a1df-d18a592c2919"
3613900;"Día";"LocalDateTable_afd97080-68cd-41f4-badd-f52ad2f34c0a";"Integer";"DayOfMonth";"";True;False;False;True;"Default";"None";"LocalDateTable afd97080 68cd 41f4 badd f52ad2f34c0a (3613828)$Día (3613900)";"Calculated";"";"DAY([Date])";"";True;"";"GroupOnValue";"";"";"";"11218182-2147-464b-bb0f-996389b253f6"
4755962;"RowNumber-2662979B-1795-4F74-8F37-6A1BA8059B61";"LocalDateTable_b1234d38-f4fa-40d7-9f3d-98402bedb5dc";"Integer";"RowNumber";"";True;True;True;False;"Default";"Default";"LocalDateTable b1234d38 f4fa 40d7 9f3d 98402bedb5dc (4755961)$RowNumber 2662979B 1795 4F74 8F37 6A1BA8059B61 (4755962)";"RowNumber";"RowNumber-2662979B-1795-4F74-8F37-6A1BA8059B61";"";"";True;"";"GroupOnValue";"";"";"";""
4755995;"Date";"LocalDateTable_b1234d38-f4fa-40d7-9f3d-98402bedb5dc";"Date";"PaddedDateTableDates";"";True;True;False;False;"Default";"None";"LocalDateTable b1234d38 f4fa 40d7 9f3d 98402bedb5dc (4755961)$Date (4755995)";"CalculatedTableColumn";"Date";"";"";True;"";"GroupOnValue";"";"";"";"79e73bd5-f929-48d3-9ff5-b64b0654d049"
4755996;"AÑO";"LocalDateTable_b1234d38-f4fa-40d7-9f3d-98402bedb5dc";"Integer";"Years";"";True;False;False;True;"Default";"None";"LocalDateTable b1234d38 f4fa 40d7 9f3d 98402bedb5dc (4755961)$Año (4755996)";"Calculated";"";"YEAR([Date])";"";True;"";"GroupOnValue";"";"";"";"3103d0fc-9577-412e-8bd7-c8ae61dc9a4f"
4755997;"NroMes";"LocalDateTable_b1234d38-f4fa-40d7-9f3d-98402bedb5dc";"Integer";"MonthOfYear";"";True;False;False;True;"Default";"None";"LocalDateTable b1234d38 f4fa 40d7 9f3d 98402bedb5dc (4755961)$NroMes (4755997)";"Calculated";"";"MONTH([Date])";"";True;"";"GroupOnValue";"";"";"";"4ef3562b-3353-4f90-9cb7-3e2731a33888"
4755998;"MES";"LocalDateTable_b1234d38-f4fa-40d7-9f3d-98402bedb5dc";"Text";"Months";"";True;False;False;True;"Default";"None";"LocalDateTable b1234d38 f4fa 40d7 9f3d 98402bedb5dc (4755961)$Mes (4755998)";"Calculated";"";"FORMAT([Date], ""MMMM"")";"";True;"NroMes";"GroupOnValue";"";"";"";"60366946-5c80-44b1-8f57-cc452e5ade9b"
4755999;"NroTrimestre";"LocalDateTable_b1234d38-f4fa-40d7-9f3d-98402bedb5dc";"Integer";"QuarterOfYear";"";True;False;False;True;"Default";"None";"LocalDateTable b1234d38 f4fa 40d7 9f3d 98402bedb5dc (4755961)$NroTrimestre (4755999)";"Calculated";"";"INT(([NroMes] + 2) / 3)";"";True;"";"GroupOnValue";"";"";"";"8777eba6-b09b-4221-95d4-adb7d63cfdd3"
4756000;"Trimestre";"LocalDateTable_b1234d38-f4fa-40d7-9f3d-98402bedb5dc";"Text";"Quarters";"";True;False;False;True;"Default";"None";"LocalDateTable b1234d38 f4fa 40d7 9f3d 98402bedb5dc (4755961)$Trimestre (4756000)";"Calculated";"";"""Trim. "" & [NroTrimestre]";"";True;"NroTrimestre";"GroupOnValue";"";"";"";"7a14ed70-e065-484e-a0c1-cb8ab2239282"
4756001;"Día";"LocalDateTable_b1234d38-f4fa-40d7-9f3d-98402bedb5dc";"Integer";"DayOfMonth";"";True;False;False;True;"Default";"None";"LocalDateTable b1234d38 f4fa 40d7 9f3d 98402bedb5dc (4755961)$Día (4756001)";"Calculated";"";"DAY([Date])";"";True;"";"GroupOnValue";"";"";"";"e49f4c5d-819d-405f-9a76-ee624e7bf0e5"
4960136;"RowNumber-2662979B-1795-4F74-8F37-6A1BA8059B61";"FACT_EGRESOS";"Integer";"RowNumber";"";True;True;True;False;"Default";"Default";"Consulta1 (4960135)$RowNumber 2662979B 1795 4F74 8F37 6A1BA8059B61 (4960136)";"RowNumber";"RowNumber-2662979B-1795-4F74-8F37-6A1BA8059B61";"";"";True;"";"GroupOnValue";"";"";"";""
4960151;"ENTIDAD";"FACT_EGRESOS";"Integer";"Regular";"";False;False;False;True;"Default";"None";"Consulta1 (4960135)$ENTIDAD (4960151)";"Data";"ENTIDAD";"";"0";True;"";"GroupOnValue";"";"";"";"00d86854-26a0-4e3b-af14-df22435958ba"
4960152;"IDENTIFICACION";"FACT_EGRESOS";"Text";"Regular";"";False;False;False;True;"Default";"None";"Consulta1 (4960135)$IDENTIFICACION (4960152)";"Data";"IDENTIFICACION";"";"";True;"";"GroupOnValue";"";"";"";"2053420b-ea9b-4796-9b9c-f8f318f316b2"
4960153;"Sexo";"FACT_EGRESOS";"Text";"Regular";"";False;False;False;True;"Default";"None";"Consulta1 (4960135)$SEXO (4960153)";"Data";"Sexo";"";"";True;"";"GroupOnValue";"";"";"";"b5974f91-473b-447b-8788-83b8a9ead615"
4960155;"DIAGNOSTICO";"FACT_EGRESOS";"Text";"Regular";"";False;False;False;True;"Default";"None";"Consulta1 (4960135)$DIAGNOSTICO (4960155)";"Data";"DIAGNOSTICO";"";"";True;"";"GroupOnValue";"";"";"";"2f496cc5-120b-44af-80cf-e8ed14d5c7b7"
4960156;"INGRESO";"FACT_EGRESOS";"Integer";"Regular";"";False;False;False;True;"Default";"Sum";"Consulta1 (4960135)$INGRESO (4960156)";"Data";"INGRESO";"";"0";True;"";"GroupOnValue";"";"";"";"02127375-8bfc-4dcf-a8c2-f81fa0ad8194"
4960157;"FECHA_ADMISION";"FACT_EGRESOS";"Date";"Regular";"";False;False;False;True;"Default";"None";"Consulta1 (4960135)$FECHA ADMISION (4960157)";"Data";"FECHA_ADMISION";"";"Short Date";True;"";"GroupOnValue";"";"";"";"369be580-503b-476d-8691-b6862b9c6fc2"
4960165;"EGRESO_EPICRISIS";"FACT_EGRESOS";"Date";"Regular";"";False;False;False;True;"Default";"None";"Consulta1 (4960135)$EGRESO EPICRISIS (4960165)";"Data";"EGRESO_EPICRISIS";"";"Short Date";True;"";"GroupOnValue";"";"";"";"28291100-2b29-438f-b05c-5c64f2fb42fa"
4960173;"EGRESO_FACTURACION";"FACT_EGRESOS";"Date";"Regular";"";False;False;False;True;"Default";"None";"Consulta1 (4960135)$EGRESO FACTURACION (4960173)";"Data";"EGRESO_FACTURACION";"";"Short Date";True;"";"GroupOnValue";"";"";"";"79592fe5-66b9-4fb8-a184-b93bb06a21e6"
4960181;"CAMA";"FACT_EGRESOS";"Text";"Regular";"";False;False;False;True;"Default";"None";"Consulta1 (4960135)$CAMA (4960181)";"Data";"CAMA";"";"";True;"";"GroupOnValue";"";"";"";"0452748a-522c-40a2-a92b-afe57ca1a96e"
4960184;"EGRESO_PUERTA";"FACT_EGRESOS";"Text";"Regular";"";False;False;False;True;"Default";"None";"Consulta1 (4960135)$EGRESO PUERTA (4960184)";"Data";"EGRESO_PUERTA";"";"";True;"";"GroupOnValue";"";"";"";"e5815b03-96a7-45c3-9dcd-cac967bc740d"
4960186;"MUNICIPIO";"FACT_EGRESOS";"Text";"Regular";"";False;False;False;True;"Default";"None";"Consulta1 (4960135)$MUNICIPIO (4960186)";"Data";"MUNICIPIO";"";"";True;"";"GroupOnValue";"";"";"";"e338eaf0-7dab-44b7-aef6-938ae53c661d"
5425867;"SERVICIO_HOMOLOGADO";"FACT_EGRESOS";"Text";"Regular";"";False;False;False;True;"Default";"None";"Consulta1 (4960135)$SERVICIO HOMOLOGADO (5425867)";"Data";"SERVICIO_HOMOLOGADO";"";"";True;"";"GroupOnValue";"";"";"";"88556085-7ce8-4896-ad41-8f4198e6b3f6"
5740370;"servicio";"FACT_EGRESOS";"Text";"Regular";"";False;False;False;True;"Default";"None";"Consulta1 (4960135)$SERVICIO (5740370)";"Data";"servicio";"";"";True;"";"GroupOnValue";"";"";"";"c050dffe-1d32-49f8-b636-6b761a733c83"
5933103;"CODIGO";"FACT_EGRESOS";"Text";"Regular";"";False;False;False;True;"Default";"None";"Consulta1 (4960135)$CODIGO (5933103)";"Data";"CODIGO";"";"";True;"";"GroupOnValue";"";"";"";"be601ade-b15f-4a86-9cd7-e2a721d96048"
5933104;"CODIGO_DIAGNOSTICO";"FACT_EGRESOS";"Text";"Regular";"";False;False;False;True;"Default";"None";"Consulta1 (4960135)$CODIGO DIAGNOSTICO (5933104)";"Data";"CODIGO_DIAGNOSTICO";"";"";True;"";"GroupOnValue";"";"";"";"eee81d0e-3d71-4380-a317-e3414896e9f7"
4960139;"RowNumber-2662979B-1795-4F74-8F37-6A1BA8059B61";"LocalDateTable_ad08a943-f408-4c5b-a38e-e60ecc23ca67";"Integer";"RowNumber";"";True;True;True;False;"Default";"Default";"LocalDateTable ad08a943 f408 4c5b a38e e60ecc23ca67 (4960138)$RowNumber 2662979B 1795 4F74 8F37 6A1BA8059B61 (4960139)";"RowNumber";"RowNumber-2662979B-1795-4F74-8F37-6A1BA8059B61";"";"";True;"";"GroupOnValue";"";"";"";""
4960158;"Date";"LocalDateTable_ad08a943-f408-4c5b-a38e-e60ecc23ca67";"Date";"PaddedDateTableDates";"";True;True;False;False;"Default";"None";"LocalDateTable ad08a943 f408 4c5b a38e e60ecc23ca67 (4960138)$Date (4960158)";"CalculatedTableColumn";"Date";"";"";True;"";"GroupOnValue";"";"";"";"81f9b8c6-4e87-4bc6-83ef-c330f860ccab"
4960159;"AÑO";"LocalDateTable_ad08a943-f408-4c5b-a38e-e60ecc23ca67";"Integer";"Years";"";True;False;False;True;"Default";"None";"LocalDateTable ad08a943 f408 4c5b a38e e60ecc23ca67 (4960138)$Año (4960159)";"Calculated";"";"YEAR([Date])";"";True;"";"GroupOnValue";"";"";"";"a35e6676-6360-42a9-b3c6-2c8a88bed96e"
4960160;"NroMes";"LocalDateTable_ad08a943-f408-4c5b-a38e-e60ecc23ca67";"Integer";"MonthOfYear";"";True;False;False;True;"Default";"None";"LocalDateTable ad08a943 f408 4c5b a38e e60ecc23ca67 (4960138)$NroMes (4960160)";"Calculated";"";"MONTH([Date])";"";True;"";"GroupOnValue";"";"";"";"f745a44d-e37d-47b5-998f-b3164a413141"
4960161;"MES";"LocalDateTable_ad08a943-f408-4c5b-a38e-e60ecc23ca67";"Text";"Months";"";True;False;False;True;"Default";"None";"LocalDateTable ad08a943 f408 4c5b a38e e60ecc23ca67 (4960138)$Mes (4960161)";"Calculated";"";"FORMAT([Date], ""MMMM"")";"";True;"NroMes";"GroupOnValue";"";"";"";"a4ca4a58-0be1-4a99-9d3a-291d760810d1"
4960162;"NroTrimestre";"LocalDateTable_ad08a943-f408-4c5b-a38e-e60ecc23ca67";"Integer";"QuarterOfYear";"";True;False;False;True;"Default";"None";"LocalDateTable ad08a943 f408 4c5b a38e e60ecc23ca67 (4960138)$NroTrimestre (4960162)";"Calculated";"";"INT(([NroMes] + 2) / 3)";"";True;"";"GroupOnValue";"";"";"";"a417f4c0-1b64-43c6-84fa-e4391b919f9b"
4960163;"Trimestre";"LocalDateTable_ad08a943-f408-4c5b-a38e-e60ecc23ca67";"Text";"Quarters";"";True;False;False;True;"Default";"None";"LocalDateTable ad08a943 f408 4c5b a38e e60ecc23ca67 (4960138)$Trimestre (4960163)";"Calculated";"";"""Trim. "" & [NroTrimestre]";"";True;"NroTrimestre";"GroupOnValue";"";"";"";"97159cdb-aa6d-47fa-a068-19722c0c0363"
4960164;"Día";"LocalDateTable_ad08a943-f408-4c5b-a38e-e60ecc23ca67";"Integer";"DayOfMonth";"";True;False;False;True;"Default";"None";"LocalDateTable ad08a943 f408 4c5b a38e e60ecc23ca67 (4960138)$Día (4960164)";"Calculated";"";"DAY([Date])";"";True;"";"GroupOnValue";"";"";"";"5565603b-1c23-403a-a007-b4064fbd3940"
5456687;"RowNumber-2662979B-1795-4F74-8F37-6A1BA8059B61";"FACT_ESTANCIA";"Integer";"RowNumber";"";True;True;True;False;"Default";"Default";"Consulta2 (5456686)$RowNumber 2662979B 1795 4F74 8F37 6A1BA8059B61 (5456687)";"RowNumber";"RowNumber-2662979B-1795-4F74-8F37-6A1BA8059B61";"";"";True;"";"GroupOnValue";"";"";"";""
5456701;"OID_INGRESO";"FACT_ESTANCIA";"Integer";"Regular";"";False;False;False;True;"Default";"Sum";"Consulta2 (5456686)$OID INGRESO (5456701)";"Data";"OID_INGRESO";"";"0";True;"";"GroupOnValue";"";"";"";"94e77b76-de09-41b1-8483-88cc76cc800d"
5456702;"CODIGO_ENTIDAD";"FACT_ESTANCIA";"Text";"Regular";"";False;False;False;True;"Default";"None";"Consulta2 (5456686)$CODIGO ENTIDAD (5456702)";"Data";"CODIGO_ENTIDAD";"";"";True;"";"GroupOnValue";"";"";"";"5e639a75-3776-4ebf-b685-fcb91753d10e"
5456703;"ENTIDAD";"FACT_ESTANCIA";"Integer";"Regular";"";False;False;False;True;"Default";"None";"Consulta2 (5456686)$ENTIDAD (5456703)";"Data";"ENTIDAD";"";"0";True;"";"GroupOnValue";"";"";"";"9e75c21a-0215-487b-b3d2-0ae9c34d750e"
5456704;"CEDULA";"FACT_ESTANCIA";"Text";"Regular";"";False;False;False;True;"Default";"None";"Consulta2 (5456686)$CEDULA (5456704)";"Data";"CEDULA";"";"";True;"";"GroupOnValue";"";"";"";"9178455f-0117-4c6d-a000-e21cfd917c0b"
5456705;"Sexo";"FACT_ESTANCIA";"Text";"Regular";"";False;False;False;True;"Default";"None";"Consulta2 (5456686)$SEXO (5456705)";"Data";"Sexo";"";"";True;"";"GroupOnValue";"";"";"";"5d4f3e7c-6661-4e4f-99af-b15f6d039a75"
5456706;"CODIGO_CIE10";"FACT_ESTANCIA";"Text";"Regular";"";False;False;False;True;"Default";"None";"Consulta2 (5456686)$CODIGO CIE10 (5456706)";"Data";"CODIGO_CIE10";"";"";True;"";"GroupOnValue";"";"";"";"d86edda9-5ed3-492f-969d-5a1124f6945b"
5456707;"DIAGNOSTICO";"FACT_ESTANCIA";"Text";"Regular";"";False;False;False;True;"Default";"None";"Consulta2 (5456686)$DIAGNOSTICO (5456707)";"Data";"DIAGNOSTICO";"";"";True;"";"GroupOnValue";"";"";"";"979556a2-f837-4b28-81e7-3f52a56ea50b"
5456708;"INGRESO";"FACT_ESTANCIA";"Text";"Regular";"";False;False;False;True;"Default";"None";"Consulta2 (5456686)$INGRESO (5456708)";"Data";"INGRESO";"";"";True;"";"GroupOnValue";"";"";"";"65955748-71ec-4b8c-b1c5-58c5d0cf6b6a"
5456709;"FECHA_INGRESO";"FACT_ESTANCIA";"Date";"Regular";"";False;False;False;True;"Default";"None";"Consulta2 (5456686)$FECHA INGRESO (5456709)";"Data";"FECHA_INGRESO";"";"General Date";True;"";"GroupOnValue";"";"";"";"e8af641b-b7d9-467c-9fb8-128542d3edcb"
5456717;"INGRESO_CAMA";"FACT_ESTANCIA";"Date";"Regular";"";False;False;False;True;"Default";"None";"Consulta2 (5456686)$INGRESO CAMA (5456717)";"Data";"INGRESO_CAMA";"";"General Date";True;"";"GroupOnValue";"";"";"";"d8e0981a-99f5-4629-b4d6-6ed3cee92ac5"
5456725;"EGRESO_CAMA";"FACT_ESTANCIA";"Date";"Regular";"";False;False;False;True;"Default";"None";"Consulta2 (5456686)$EGRESO CAMA (5456725)";"Data";"EGRESO_CAMA";"";"General Date";True;"";"GroupOnValue";"";"";"";"b3e5b1fa-d456-43d7-aa22-12f1446145c1"
5456733;"CAMA";"FACT_ESTANCIA";"Text";"Regular";"";False;False;False;True;"Default";"None";"Consulta2 (5456686)$CAMA (5456733)";"Data";"CAMA";"";"";True;"";"GroupOnValue";"";"";"";"0cbf1cad-4405-4436-b43f-7b7fac85fd57"
5456734;"servicio";"FACT_ESTANCIA";"Text";"Regular";"";False;False;False;True;"Default";"None";"Consulta2 (5456686)$SERVICIO (5456734)";"Data";"servicio";"";"";True;"";"GroupOnValue";"";"";"";"2cac4159-dcb5-42fc-bdff-3fa591f7a84a"
5456735;"SERVICIO_HOMOLOGADO";"FACT_ESTANCIA";"Text";"Regular";"";False;False;False;True;"Default";"None";"Consulta2 (5456686)$SERVICIO HOMOLOGADO (5456735)";"Data";"SERVICIO_HOMOLOGADO";"";"";True;"";"GroupOnValue";"";"";"";"56ba9f95-fbf0-445e-bfca-8f2c3f7c2dd7"
5456736;"MUNICIPIO";"FACT_ESTANCIA";"Text";"Regular";"";False;False;False;True;"Default";"None";"Consulta2 (5456686)$MUNICIPIO (5456736)";"Data";"MUNICIPIO";"";"";True;"";"GroupOnValue";"";"";"";"5202bf9b-e1a9-473a-93f5-7a8d7372a197"
5456737;"DIAS_ESTANCIA";"FACT_ESTANCIA";"Integer";"Regular";"";False;False;False;True;"Default";"Sum";"Consulta2 (5456686)$DIAS ESTANCIA (5456737)";"Data";"DIAS_ESTANCIA";"";"0";True;"";"GroupOnValue";"";"";"";"c193b7c8-e2dc-4912-97ed-8467c4902590"
5895451;"HORAS_ESTANCIA";"FACT_ESTANCIA";"Number";"Regular";"";False;False;False;True;"Default";"Sum";"Consulta2 (5456686)$HORAS ESTANCIA (5895451)";"Data";"HORAS_ESTANCIA";"";"0";True;"";"GroupOnValue";"";"";"";"c7744dff-8611-4b25-aa6b-9e27cce8a12e"
5456690;"RowNumber-2662979B-1795-4F74-8F37-6A1BA8059B61";"LocalDateTable_9cda7ada-0277-4871-974d-2a3bb03d75f3";"Integer";"RowNumber";"";True;True;True;False;"Default";"Default";"LocalDateTable 9cda7ada 0277 4871 974d 2a3bb03d75f3 (5456689)$RowNumber 2662979B 1795 4F74 8F37 6A1BA8059B61 (5456690)";"RowNumber";"RowNumber-2662979B-1795-4F74-8F37-6A1BA8059B61";"";"";True;"";"GroupOnValue";"";"";"";""
5456710;"Date";"LocalDateTable_9cda7ada-0277-4871-974d-2a3bb03d75f3";"Date";"PaddedDateTableDates";"";True;True;False;False;"Default";"None";"LocalDateTable 9cda7ada 0277 4871 974d 2a3bb03d75f3 (5456689)$Date (5456710)";"CalculatedTableColumn";"Date";"";"";True;"";"GroupOnValue";"";"";"";"9d3b7a90-75f2-4605-96c2-bf9041041252"
5456711;"AÑO";"LocalDateTable_9cda7ada-0277-4871-974d-2a3bb03d75f3";"Integer";"Years";"";True;False;False;True;"Default";"None";"LocalDateTable 9cda7ada 0277 4871 974d 2a3bb03d75f3 (5456689)$Año (5456711)";"Calculated";"";"YEAR([Date])";"";True;"";"GroupOnValue";"";"";"";"81b983c7-4f2a-4519-b7da-be9eb3ea79c6"
5456712;"NroMes";"LocalDateTable_9cda7ada-0277-4871-974d-2a3bb03d75f3";"Integer";"MonthOfYear";"";True;False;False;True;"Default";"None";"LocalDateTable 9cda7ada 0277 4871 974d 2a3bb03d75f3 (5456689)$NroMes (5456712)";"Calculated";"";"MONTH([Date])";"";True;"";"GroupOnValue";"";"";"";"578e487a-211d-4c34-8138-5e76123f31b1"
5456713;"MES";"LocalDateTable_9cda7ada-0277-4871-974d-2a3bb03d75f3";"Text";"Months";"";True;False;False;True;"Default";"None";"LocalDateTable 9cda7ada 0277 4871 974d 2a3bb03d75f3 (5456689)$Mes (5456713)";"Calculated";"";"FORMAT([Date], ""MMMM"")";"";True;"NroMes";"GroupOnValue";"";"";"";"be61d2a4-dd88-4266-a008-d62cbb94bfbc"
5456714;"NroTrimestre";"LocalDateTable_9cda7ada-0277-4871-974d-2a3bb03d75f3";"Integer";"QuarterOfYear";"";True;False;False;True;"Default";"None";"LocalDateTable 9cda7ada 0277 4871 974d 2a3bb03d75f3 (5456689)$NroTrimestre (5456714)";"Calculated";"";"INT(([NroMes] + 2) / 3)";"";True;"";"GroupOnValue";"";"";"";"ef8c1666-5f3f-4abd-9b62-e97eaf73735f"
5456715;"Trimestre";"LocalDateTable_9cda7ada-0277-4871-974d-2a3bb03d75f3";"Text";"Quarters";"";True;False;False;True;"Default";"None";"LocalDateTable 9cda7ada 0277 4871 974d 2a3bb03d75f3 (5456689)$Trimestre (5456715)";"Calculated";"";"""Trim. "" & [NroTrimestre]";"";True;"NroTrimestre";"GroupOnValue";"";"";"";"65fa2302-2a39-48a6-9524-75e6e509d489"
5456716;"Día";"LocalDateTable_9cda7ada-0277-4871-974d-2a3bb03d75f3";"Integer";"DayOfMonth";"";True;False;False;True;"Default";"None";"LocalDateTable 9cda7ada 0277 4871 974d 2a3bb03d75f3 (5456689)$Día (5456716)";"Calculated";"";"DAY([Date])";"";True;"";"GroupOnValue";"";"";"";"89720ead-3818-47a7-9869-70d260579ed9"
5456693;"RowNumber-2662979B-1795-4F74-8F37-6A1BA8059B61";"LocalDateTable_7fccc83d-043a-4364-9068-9b643b491300";"Integer";"RowNumber";"";True;True;True;False;"Default";"Default";"LocalDateTable 7fccc83d 043a 4364 9068 9b643b491300 (5456692)$RowNumber 2662979B 1795 4F74 8F37 6A1BA8059B61 (5456693)";"RowNumber";"RowNumber-2662979B-1795-4F74-8F37-6A1BA8059B61";"";"";True;"";"GroupOnValue";"";"";"";""
5456718;"Date";"LocalDateTable_7fccc83d-043a-4364-9068-9b643b491300";"Date";"PaddedDateTableDates";"";True;True;False;False;"Default";"None";"LocalDateTable 7fccc83d 043a 4364 9068 9b643b491300 (5456692)$Date (5456718)";"CalculatedTableColumn";"Date";"";"";True;"";"GroupOnValue";"";"";"";"4509718c-8753-4984-b762-c5b823aecbf2"
5456719;"AÑO";"LocalDateTable_7fccc83d-043a-4364-9068-9b643b491300";"Integer";"Years";"";True;False;False;True;"Default";"None";"LocalDateTable 7fccc83d 043a 4364 9068 9b643b491300 (5456692)$Año (5456719)";"Calculated";"";"YEAR([Date])";"";True;"";"GroupOnValue";"";"";"";"5c0a045a-d8f6-4e7e-a069-584dca3f99ba"
5456720;"NroMes";"LocalDateTable_7fccc83d-043a-4364-9068-9b643b491300";"Integer";"MonthOfYear";"";True;False;False;True;"Default";"None";"LocalDateTable 7fccc83d 043a 4364 9068 9b643b491300 (5456692)$NroMes (5456720)";"Calculated";"";"MONTH([Date])";"";True;"";"GroupOnValue";"";"";"";"cd05c1d6-9c75-41cb-9e2a-b2c16bd81bf3"
5456721;"MES";"LocalDateTable_7fccc83d-043a-4364-9068-9b643b491300";"Text";"Months";"";True;False;False;True;"Default";"None";"LocalDateTable 7fccc83d 043a 4364 9068 9b643b491300 (5456692)$Mes (5456721)";"Calculated";"";"FORMAT([Date], ""MMMM"")";"";True;"NroMes";"GroupOnValue";"";"";"";"c3c08a06-74ea-4a70-8393-cbdd573ddcd3"
5456722;"NroTrimestre";"LocalDateTable_7fccc83d-043a-4364-9068-9b643b491300";"Integer";"QuarterOfYear";"";True;False;False;True;"Default";"None";"LocalDateTable 7fccc83d 043a 4364 9068 9b643b491300 (5456692)$NroTrimestre (5456722)";"Calculated";"";"INT(([NroMes] + 2) / 3)";"";True;"";"GroupOnValue";"";"";"";"f500e27a-da35-4491-8b29-84c37c96f2b1"
5456723;"Trimestre";"LocalDateTable_7fccc83d-043a-4364-9068-9b643b491300";"Text";"Quarters";"";True;False;False;True;"Default";"None";"LocalDateTable 7fccc83d 043a 4364 9068 9b643b491300 (5456692)$Trimestre (5456723)";"Calculated";"";"""Trim. "" & [NroTrimestre]";"";True;"NroTrimestre";"GroupOnValue";"";"";"";"886ea4f8-9bb3-4e04-931e-bea9e3650539"
5456724;"Día";"LocalDateTable_7fccc83d-043a-4364-9068-9b643b491300";"Integer";"DayOfMonth";"";True;False;False;True;"Default";"None";"LocalDateTable 7fccc83d 043a 4364 9068 9b643b491300 (5456692)$Día (5456724)";"Calculated";"";"DAY([Date])";"";True;"";"GroupOnValue";"";"";"";"e22bd145-537c-4c83-90b6-962b08e8ee6a"
5456696;"RowNumber-2662979B-1795-4F74-8F37-6A1BA8059B61";"LocalDateTable_60bc3055-891f-4613-b2f0-8c1c300b1dde";"Integer";"RowNumber";"";True;True;True;False;"Default";"Default";"LocalDateTable 60bc3055 891f 4613 b2f0 8c1c300b1dde (5456695)$RowNumber 2662979B 1795 4F74 8F37 6A1BA8059B61 (5456696)";"RowNumber";"RowNumber-2662979B-1795-4F74-8F37-6A1BA8059B61";"";"";True;"";"GroupOnValue";"";"";"";""
5456726;"Date";"LocalDateTable_60bc3055-891f-4613-b2f0-8c1c300b1dde";"Date";"PaddedDateTableDates";"";True;True;False;False;"Default";"None";"LocalDateTable 60bc3055 891f 4613 b2f0 8c1c300b1dde (5456695)$Date (5456726)";"CalculatedTableColumn";"Date";"";"";True;"";"GroupOnValue";"";"";"";"0d78ff64-24e2-46ae-bedf-611e86210b43"
5456727;"AÑO";"LocalDateTable_60bc3055-891f-4613-b2f0-8c1c300b1dde";"Integer";"Years";"";True;False;False;True;"Default";"None";"LocalDateTable 60bc3055 891f 4613 b2f0 8c1c300b1dde (5456695)$Año (5456727)";"Calculated";"";"YEAR([Date])";"";True;"";"GroupOnValue";"";"";"";"e144759f-c8eb-4fdf-af6f-9fe82bb23ead"
5456728;"NroMes";"LocalDateTable_60bc3055-891f-4613-b2f0-8c1c300b1dde";"Integer";"MonthOfYear";"";True;False;False;True;"Default";"None";"LocalDateTable 60bc3055 891f 4613 b2f0 8c1c300b1dde (5456695)$NroMes (5456728)";"Calculated";"";"MONTH([Date])";"";True;"";"GroupOnValue";"";"";"";"161658d4-0b49-49bf-8c69-5d6074198acd"
5456729;"MES";"LocalDateTable_60bc3055-891f-4613-b2f0-8c1c300b1dde";"Text";"Months";"";True;False;False;True;"Default";"None";"LocalDateTable 60bc3055 891f 4613 b2f0 8c1c300b1dde (5456695)$Mes (5456729)";"Calculated";"";"FORMAT([Date], ""MMMM"")";"";True;"NroMes";"GroupOnValue";"";"";"";"4892d6f0-7696-43fc-84f9-94a4dc308e83"
5456730;"NroTrimestre";"LocalDateTable_60bc3055-891f-4613-b2f0-8c1c300b1dde";"Integer";"QuarterOfYear";"";True;False;False;True;"Default";"None";"LocalDateTable 60bc3055 891f 4613 b2f0 8c1c300b1dde (5456695)$NroTrimestre (5456730)";"Calculated";"";"INT(([NroMes] + 2) / 3)";"";True;"";"GroupOnValue";"";"";"";"3e75c5ee-7621-4f9f-ae58-476c2216b5b0"
5456731;"Trimestre";"LocalDateTable_60bc3055-891f-4613-b2f0-8c1c300b1dde";"Text";"Quarters";"";True;False;False;True;"Default";"None";"LocalDateTable 60bc3055 891f 4613 b2f0 8c1c300b1dde (5456695)$Trimestre (5456731)";"Calculated";"";"""Trim. "" & [NroTrimestre]";"";True;"NroTrimestre";"GroupOnValue";"";"";"";"3639534f-b401-476f-8782-eb2c3de988e4"
5456732;"Día";"LocalDateTable_60bc3055-891f-4613-b2f0-8c1c300b1dde";"Integer";"DayOfMonth";"";True;False;False;True;"Default";"None";"LocalDateTable 60bc3055 891f 4613 b2f0 8c1c300b1dde (5456695)$Día (5456732)";"Calculated";"";"DAY([Date])";"";True;"";"GroupOnValue";"";"";"";"408fffe4-367f-432b-9846-d07da88fde87"
5522119;"RowNumber-2662979B-1795-4F74-8F37-6A1BA8059B61";"DIM_SERVICIO";"Integer";"RowNumber";"";True;True;True;False;"Default";"Default";"Consulta1 (5522118)$RowNumber 2662979B 1795 4F74 8F37 6A1BA8059B61 (5522119)";"RowNumber";"RowNumber-2662979B-1795-4F74-8F37-6A1BA8059B61";"";"";True;"";"GroupOnValue";"";"";"";""
5522121;"SERVICIO_HOMOLOGADO";"DIM_SERVICIO";"Text";"Regular";"";False;True;False;False;"Default";"None";"Consulta1 (5522118)$SERVICIO HOMOLOGADO (5522121)";"Data";"SERVICIO_HOMOLOGADO";"";"";True;"";"GroupOnValue";"";"";"";"dac49b67-d825-4a1b-abbd-5912b9a517f6"
6156187;"RowNumber-2662979B-1795-4F74-8F37-6A1BA8059B61";"LocalDateTable_38204903-9b9f-49e9-b82d-554d01f65f83";"Integer";"RowNumber";"";True;True;True;False;"Default";"Default";"LocalDateTable 38204903 9b9f 49e9 b82d 554d01f65f83 (6156186)$RowNumber 2662979B 1795 4F74 8F37 6A1BA8059B61 (6156187)";"RowNumber";"RowNumber-2662979B-1795-4F74-8F37-6A1BA8059B61";"";"";True;"";"GroupOnValue";"";"";"";""
6156191;"Date";"LocalDateTable_38204903-9b9f-49e9-b82d-554d01f65f83";"Date";"PaddedDateTableDates";"";True;True;False;False;"Default";"None";"LocalDateTable 38204903 9b9f 49e9 b82d 554d01f65f83 (6156186)$Date (6156191)";"CalculatedTableColumn";"Date";"";"";True;"";"GroupOnValue";"";"";"";"5782daee-2fdc-4388-94ef-73bf57b435d8"
6156192;"AÑO";"LocalDateTable_38204903-9b9f-49e9-b82d-554d01f65f83";"Integer";"Years";"";True;False;False;True;"Default";"None";"LocalDateTable 38204903 9b9f 49e9 b82d 554d01f65f83 (6156186)$Año (6156192)";"Calculated";"";"YEAR([Date])";"";True;"";"GroupOnValue";"";"";"";"113b91d9-9208-46a5-97ea-78c916d3e782"
6156193;"NroMes";"LocalDateTable_38204903-9b9f-49e9-b82d-554d01f65f83";"Integer";"MonthOfYear";"";True;False;False;True;"Default";"None";"LocalDateTable 38204903 9b9f 49e9 b82d 554d01f65f83 (6156186)$NroMes (6156193)";"Calculated";"";"MONTH([Date])";"";True;"";"GroupOnValue";"";"";"";"2e92bc89-7ad4-475c-8965-559c1165ee17"
6156194;"MES";"LocalDateTable_38204903-9b9f-49e9-b82d-554d01f65f83";"Text";"Months";"";True;False;False;True;"Default";"None";"LocalDateTable 38204903 9b9f 49e9 b82d 554d01f65f83 (6156186)$Mes (6156194)";"Calculated";"";"FORMAT([Date], ""MMMM"")";"";True;"NroMes";"GroupOnValue";"";"";"";"cadc7524-fe89-41a3-81c9-9667168535de"
6156195;"NroTrimestre";"LocalDateTable_38204903-9b9f-49e9-b82d-554d01f65f83";"Integer";"QuarterOfYear";"";True;False;False;True;"Default";"None";"LocalDateTable 38204903 9b9f 49e9 b82d 554d01f65f83 (6156186)$NroTrimestre (6156195)";"Calculated";"";"INT(([NroMes] + 2) / 3)";"";True;"";"GroupOnValue";"";"";"";"36ba8c26-66d7-416d-a641-59777485c36a"
6156196;"Trimestre";"LocalDateTable_38204903-9b9f-49e9-b82d-554d01f65f83";"Text";"Quarters";"";True;False;False;True;"Default";"None";"LocalDateTable 38204903 9b9f 49e9 b82d 554d01f65f83 (6156186)$Trimestre (6156196)";"Calculated";"";"""Trim. "" & [NroTrimestre]";"";True;"NroTrimestre";"GroupOnValue";"";"";"";"ca130ca5-dc5e-4849-89e8-1d909437bbff"
6156197;"Día";"LocalDateTable_38204903-9b9f-49e9-b82d-554d01f65f83";"Integer";"DayOfMonth";"";True;False;False;True;"Default";"None";"LocalDateTable 38204903 9b9f 49e9 b82d 554d01f65f83 (6156186)$Día (6156197)";"Calculated";"";"DAY([Date])";"";True;"";"GroupOnValue";"";"";"";"640fe3a2-2bed-4c1c-9ebd-7574fbd723d0"
6164061;"RowNumber-2662979B-1795-4F74-8F37-6A1BA8059B61";"PORCENTAJE_OCUPACIONAL";"Integer";"RowNumber";"";True;True;True;False;"Default";"Default";"Consulta1 (6164060)$RowNumber 2662979B 1795 4F74 8F37 6A1BA8059B61 (6164061)";"RowNumber";"RowNumber-2662979B-1795-4F74-8F37-6A1BA8059B61";"";"";True;"";"GroupOnValue";"";"";"";""
6164075;"OID";"PORCENTAJE_OCUPACIONAL";"Integer";"Regular";"";False;False;False;True;"Default";"Count";"Consulta1 (6164060)$OID (6164075)";"Data";"OID";"";"0";True;"";"GroupOnValue";"";"";"";"bd1e9c06-17cc-4969-9825-21f0f37d2a28"
6164076;"codcama";"PORCENTAJE_OCUPACIONAL";"Text";"Regular";"";False;False;False;True;"Default";"None";"Consulta1 (6164060)$CODCAMA (6164076)";"Data";"codcama";"";"";True;"";"GroupOnValue";"";"";"";"dc05254d-d8d3-4461-8d8e-bfeac471bf99"
6164077;"FECHA_ING";"PORCENTAJE_OCUPACIONAL";"Date";"Regular";"";False;False;False;True;"Default";"None";"Consulta1 (6164060)$FECHA ING (6164077)";"Data";"FECHA_ING";"";"General Date";True;"";"GroupOnValue";"";"";"";"0930803d-4be2-48cb-8c80-05d7bd64e15b"
6164085;"FECHA_EGR";"PORCENTAJE_OCUPACIONAL";"Date";"Regular";"";False;False;False;True;"Default";"None";"Consulta1 (6164060)$FECHA EGR (6164085)";"Data";"FECHA_EGR";"";"General Date";True;"";"GroupOnValue";"";"";"";"0a05a66d-dda7-44d7-bd09-464bf69c3770"
6164093;"CODIGO";"PORCENTAJE_OCUPACIONAL";"Text";"Regular";"";False;False;False;True;"Default";"None";"Consulta1 (6164060)$CODIGO (6164093)";"Data";"CODIGO";"";"";True;"";"GroupOnValue";"";"";"";"a3bf52ba-2462-4c0e-aa60-ac22cfc5a622"
6164095;"fechades";"PORCENTAJE_OCUPACIONAL";"Date";"Regular";"";False;False;False;True;"Default";"None";"Consulta1 (6164060)$FECHADES (6164095)";"Data";"fechades";"";"General Date";True;"";"GroupOnValue";"";"";"";"d877b87c-32f4-4881-8a5e-cc516ffbf78d"
6403895;"servicio";"PORCENTAJE_OCUPACIONAL";"Text";"Regular";"";False;False;False;True;"Default";"None";"Consulta1 (6164060)$SERVICIO (6403895)";"Data";"servicio";"";"";True;"";"GroupOnValue";"";"";"";"7c235e15-4c15-42d0-a8af-0502136fa4e8"
7574745;"SERVICIO_HOMOLOGADO";"PORCENTAJE_OCUPACIONAL";"Text";"Regular";"";False;False;False;True;"Default";"None";"Consulta1 (6164060)$SERVICIO HOMOLOGADO (7574745)";"Data";"SERVICIO_HOMOLOGADO";"";"";True;"";"GroupOnValue";"";"";"";"defbc3db-a379-4e99-9f63-b71114df0435"
6164067;"RowNumber-2662979B-1795-4F74-8F37-6A1BA8059B61";"LocalDateTable_b2587bf2-0d3f-4941-b550-9d4883e4392a";"Integer";"RowNumber";"";True;True;True;False;"Default";"Default";"LocalDateTable b2587bf2 0d3f 4941 b550 9d4883e4392a (6164066)$RowNumber 2662979B 1795 4F74 8F37 6A1BA8059B61 (6164067)";"RowNumber";"RowNumber-2662979B-1795-4F74-8F37-6A1BA8059B61";"";"";True;"";"GroupOnValue";"";"";"";""
6164086;"Date";"LocalDateTable_b2587bf2-0d3f-4941-b550-9d4883e4392a";"Date";"PaddedDateTableDates";"";True;True;False;False;"Default";"None";"LocalDateTable b2587bf2 0d3f 4941 b550 9d4883e4392a (6164066)$Date (6164086)";"CalculatedTableColumn";"Date";"";"";True;"";"GroupOnValue";"";"";"";"67089fbe-c560-4ab0-9d77-ebc8fcb92f3d"
6164087;"AÑO";"LocalDateTable_b2587bf2-0d3f-4941-b550-9d4883e4392a";"Integer";"Years";"";True;False;False;True;"Default";"None";"LocalDateTable b2587bf2 0d3f 4941 b550 9d4883e4392a (6164066)$Año (6164087)";"Calculated";"";"YEAR([Date])";"";True;"";"GroupOnValue";"";"";"";"29e4827a-a71e-4831-83a7-3215bc677cd2"
6164088;"NroMes";"LocalDateTable_b2587bf2-0d3f-4941-b550-9d4883e4392a";"Integer";"MonthOfYear";"";True;False;False;True;"Default";"None";"LocalDateTable b2587bf2 0d3f 4941 b550 9d4883e4392a (6164066)$NroMes (6164088)";"Calculated";"";"MONTH([Date])";"";True;"";"GroupOnValue";"";"";"";"27de54a1-0ae7-413e-b090-bd9ad303507e"
6164089;"MES";"LocalDateTable_b2587bf2-0d3f-4941-b550-9d4883e4392a";"Text";"Months";"";True;False;False;True;"Default";"None";"LocalDateTable b2587bf2 0d3f 4941 b550 9d4883e4392a (6164066)$Mes (6164089)";"Calculated";"";"FORMAT([Date], ""MMMM"")";"";True;"NroMes";"GroupOnValue";"";"";"";"45c78919-6464-47d0-b5f3-2bb69b7a545a"
6164090;"NroTrimestre";"LocalDateTable_b2587bf2-0d3f-4941-b550-9d4883e4392a";"Integer";"QuarterOfYear";"";True;False;False;True;"Default";"None";"LocalDateTable b2587bf2 0d3f 4941 b550 9d4883e4392a (6164066)$NroTrimestre (6164090)";"Calculated";"";"INT(([NroMes] + 2) / 3)";"";True;"";"GroupOnValue";"";"";"";"4054be72-d1c0-4cb8-b94c-fc5ed15a4b3d"
6164091;"Trimestre";"LocalDateTable_b2587bf2-0d3f-4941-b550-9d4883e4392a";"Text";"Quarters";"";True;False;False;True;"Default";"None";"LocalDateTable b2587bf2 0d3f 4941 b550 9d4883e4392a (6164066)$Trimestre (6164091)";"Calculated";"";"""Trim. "" & [NroTrimestre]";"";True;"NroTrimestre";"GroupOnValue";"";"";"";"116a3e4d-e21e-4571-a326-b47abe517e09"
6164092;"Día";"LocalDateTable_b2587bf2-0d3f-4941-b550-9d4883e4392a";"Integer";"DayOfMonth";"";True;False;False;True;"Default";"None";"LocalDateTable b2587bf2 0d3f 4941 b550 9d4883e4392a (6164066)$Día (6164092)";"Calculated";"";"DAY([Date])";"";True;"";"GroupOnValue";"";"";"";"19dd9751-5dd6-43f1-96d5-c88ffdac3c06"
6434649;"RowNumber-2662979B-1795-4F74-8F37-6A1BA8059B61";"LocalDateTable_edde8baf-b13f-46b9-bf8b-559c92af05b1";"Integer";"RowNumber";"";True;True;True;False;"Default";"Default";"LocalDateTable edde8baf b13f 46b9 bf8b 559c92af05b1 (6434648)$RowNumber 2662979B 1795 4F74 8F37 6A1BA8059B61 (6434649)";"RowNumber";"RowNumber-2662979B-1795-4F74-8F37-6A1BA8059B61";"";"";True;"";"GroupOnValue";"";"";"";""
6434653;"Date";"LocalDateTable_edde8baf-b13f-46b9-bf8b-559c92af05b1";"Date";"PaddedDateTableDates";"";True;True;False;False;"Default";"None";"LocalDateTable edde8baf b13f 46b9 bf8b 559c92af05b1 (6434648)$Date (6434653)";"CalculatedTableColumn";"Date";"";"";True;"";"GroupOnValue";"";"";"";"32e00a76-73ff-4ebf-a8b6-7b305b7e9e19"
6434654;"AÑO";"LocalDateTable_edde8baf-b13f-46b9-bf8b-559c92af05b1";"Integer";"Years";"";True;False;False;True;"Default";"None";"LocalDateTable edde8baf b13f 46b9 bf8b 559c92af05b1 (6434648)$Año (6434654)";"Calculated";"";"YEAR([Date])";"";True;"";"GroupOnValue";"";"";"";"d287edef-b533-42b0-b0a9-ea969192c3ed"
6434655;"NroMes";"LocalDateTable_edde8baf-b13f-46b9-bf8b-559c92af05b1";"Integer";"MonthOfYear";"";True;False;False;True;"Default";"None";"LocalDateTable edde8baf b13f 46b9 bf8b 559c92af05b1 (6434648)$NroMes (6434655)";"Calculated";"";"MONTH([Date])";"";True;"";"GroupOnValue";"";"";"";"048172bf-8dd2-462e-ae31-8fdc9be20ad4"
6434656;"MES";"LocalDateTable_edde8baf-b13f-46b9-bf8b-559c92af05b1";"Text";"Months";"";True;False;False;True;"Default";"None";"LocalDateTable edde8baf b13f 46b9 bf8b 559c92af05b1 (6434648)$Mes (6434656)";"Calculated";"";"FORMAT([Date], ""MMMM"")";"";True;"NroMes";"GroupOnValue";"";"";"";"441a0ae8-1d09-4f0b-a536-f3d758747a10"
6434657;"NroTrimestre";"LocalDateTable_edde8baf-b13f-46b9-bf8b-559c92af05b1";"Integer";"QuarterOfYear";"";True;False;False;True;"Default";"None";"LocalDateTable edde8baf b13f 46b9 bf8b 559c92af05b1 (6434648)$NroTrimestre (6434657)";"Calculated";"";"INT(([NroMes] + 2) / 3)";"";True;"";"GroupOnValue";"";"";"";"d1d2ad7b-0476-46be-9843-febe2ebb6795"
6434658;"Trimestre";"LocalDateTable_edde8baf-b13f-46b9-bf8b-559c92af05b1";"Text";"Quarters";"";True;False;False;True;"Default";"None";"LocalDateTable edde8baf b13f 46b9 bf8b 559c92af05b1 (6434648)$Trimestre (6434658)";"Calculated";"";"""Trim. "" & [NroTrimestre]";"";True;"NroTrimestre";"GroupOnValue";"";"";"";"40d41f3d-7fed-49ad-8362-e44898e18de4"
6434659;"Día";"LocalDateTable_edde8baf-b13f-46b9-bf8b-559c92af05b1";"Integer";"DayOfMonth";"";True;False;False;True;"Default";"None";"LocalDateTable edde8baf b13f 46b9 bf8b 559c92af05b1 (6434648)$Día (6434659)";"Calculated";"";"DAY([Date])";"";True;"";"GroupOnValue";"";"";"";"d5c0c7ca-ce6d-4613-92fa-bd694b727aa4"
6588225;"RowNumber-2662979B-1795-4F74-8F37-6A1BA8059B61";"DIM_ASEGURADOR";"Integer";"RowNumber";"";True;True;True;False;"Default";"Default";"Tabla (6588224)$RowNumber 2662979B 1795 4F74 8F37 6A1BA8059B61 (6588225)";"RowNumber";"RowNumber-2662979B-1795-4F74-8F37-6A1BA8059B61";"";"";True;"";"GroupOnValue";"";"";"";""
6589128;"ASEGURADOR";"DIM_ASEGURADOR";"Integer";"Regular";"";False;False;False;True;"Default";"Sum";"Tabla (6588224)$ASEGURADOR (6589128)";"CalculatedTableColumn";"ASEGURADOR";"";"";True;"";"GroupOnValue";"";"";"";"cdcd88f4-6a40-400f-9d73-c26cf354ca6a"
6999826;"RowNumber-2662979B-1795-4F74-8F37-6A1BA8059B61";"LocalDateTable_8dc76051-35b9-43f0-bd25-4b56ba9c8af8";"Integer";"RowNumber";"";True;True;True;False;"Default";"Default";"LocalDateTable 8dc76051 35b9 43f0 bd25 4b56ba9c8af8 (6999825)$RowNumber 2662979B 1795 4F74 8F37 6A1BA8059B61 (6999826)";"RowNumber";"RowNumber-2662979B-1795-4F74-8F37-6A1BA8059B61";"";"";True;"";"GroupOnValue";"";"";"";""
6999829;"Date";"LocalDateTable_8dc76051-35b9-43f0-bd25-4b56ba9c8af8";"Date";"PaddedDateTableDates";"";True;True;False;False;"Default";"None";"LocalDateTable 8dc76051 35b9 43f0 bd25 4b56ba9c8af8 (6999825)$Date (6999829)";"CalculatedTableColumn";"Date";"";"";True;"";"GroupOnValue";"";"";"";"f2d9e916-88ec-4bda-acca-b894ab76ec4a"
6999830;"AÑO";"LocalDateTable_8dc76051-35b9-43f0-bd25-4b56ba9c8af8";"Integer";"Years";"";True;False;False;True;"Default";"None";"LocalDateTable 8dc76051 35b9 43f0 bd25 4b56ba9c8af8 (6999825)$Año (6999830)";"Calculated";"";"YEAR([Date])";"";True;"";"GroupOnValue";"";"";"";"e5c20e99-4213-43a8-96de-e1f8737d5ee8"
6999831;"NroMes";"LocalDateTable_8dc76051-35b9-43f0-bd25-4b56ba9c8af8";"Integer";"MonthOfYear";"";True;False;False;True;"Default";"None";"LocalDateTable 8dc76051 35b9 43f0 bd25 4b56ba9c8af8 (6999825)$NroMes (6999831)";"Calculated";"";"MONTH([Date])";"";True;"";"GroupOnValue";"";"";"";"b26843db-3651-49e6-84d5-bad832b61323"
6999832;"MES";"LocalDateTable_8dc76051-35b9-43f0-bd25-4b56ba9c8af8";"Text";"Months";"";True;False;False;True;"Default";"None";"LocalDateTable 8dc76051 35b9 43f0 bd25 4b56ba9c8af8 (6999825)$Mes (6999832)";"Calculated";"";"FORMAT([Date], ""MMMM"")";"";True;"NroMes";"GroupOnValue";"";"";"";"f09f00de-1f15-45ed-943c-9f1c662bb08f"
6999833;"NroTrimestre";"LocalDateTable_8dc76051-35b9-43f0-bd25-4b56ba9c8af8";"Integer";"QuarterOfYear";"";True;False;False;True;"Default";"None";"LocalDateTable 8dc76051 35b9 43f0 bd25 4b56ba9c8af8 (6999825)$NroTrimestre (6999833)";"Calculated";"";"INT(([NroMes] + 2) / 3)";"";True;"";"GroupOnValue";"";"";"";"8caebaae-f263-49c3-a384-6b274e50b9ee"
6999834;"Trimestre";"LocalDateTable_8dc76051-35b9-43f0-bd25-4b56ba9c8af8";"Text";"Quarters";"";True;False;False;True;"Default";"None";"LocalDateTable 8dc76051 35b9 43f0 bd25 4b56ba9c8af8 (6999825)$Trimestre (6999834)";"Calculated";"";"""Trim. "" & [NroTrimestre]";"";True;"NroTrimestre";"GroupOnValue";"";"";"";"694aec8e-b54b-496b-ad22-b41261770102"
6999835;"Día";"LocalDateTable_8dc76051-35b9-43f0-bd25-4b56ba9c8af8";"Integer";"DayOfMonth";"";True;False;False;True;"Default";"None";"LocalDateTable 8dc76051 35b9 43f0 bd25 4b56ba9c8af8 (6999825)$Día (6999835)";"Calculated";"";"DAY([Date])";"";True;"";"GroupOnValue";"";"";"";"4bbf0ce3-bfba-49f6-b06e-c63279a2a79d"
7315943;"RowNumber-2662979B-1795-4F74-8F37-6A1BA8059B61";"LABORATORIOS_PATOLOGICOS";"Integer";"RowNumber";"";True;True;True;False;"Default";"Default";"Consulta1 (7315942)$RowNumber 2662979B 1795 4F74 8F37 6A1BA8059B61 (7315943)";"RowNumber";"RowNumber-2662979B-1795-4F74-8F37-6A1BA8059B61";"";"";True;"";"GroupOnValue";"";"";"";""
7315954;"PACIENTE";"LABORATORIOS_PATOLOGICOS";"Text";"Regular";"";False;False;False;True;"Default";"None";"Consulta1 (7315942)$Paciente (7315954)";"Data";"PACIENTE";"";"";True;"";"GroupOnValue";"";"";"";"387ca119-2386-45c9-a74f-8e2bfaacb1b2"
7315955;"FechaSolicitud";"LABORATORIOS_PATOLOGICOS";"Date";"Regular";"";False;False;False;True;"Default";"None";"Consulta1 (7315942)$FechaSolicitud (7315955)";"Data";"FechaSolicitud";"";"General Date";True;"";"GroupOnValue";"";"";"";"684f2fa8-cce9-4882-8eb3-aae8bf6e47f5"
7315963;"FechaRealizado";"LABORATORIOS_PATOLOGICOS";"Date";"Regular";"";False;False;False;True;"Default";"None";"Consulta1 (7315942)$FechaRealizado (7315963)";"Data";"FechaRealizado";"";"Short Date";True;"";"GroupOnValue";"";"";"";"e453c77e-6962-4cec-b032-1381c6abaceb"
7315972;"ASEGURADORA";"LABORATORIOS_PATOLOGICOS";"Text";"Regular";"";False;False;False;True;"Default";"None";"Consulta1 (7315942)$Aseguradora (7315972)";"Data";"ASEGURADORA";"";"";True;"";"GroupOnValue";"";"";"";"8e4768e1-263d-4b6f-9a7d-e2f0529e0f3e"
7381829;"Consecutivo";"LABORATORIOS_PATOLOGICOS";"Integer";"Regular";"";False;False;False;True;"Default";"Sum";"Consulta1 (7315942)$Consecutivo (7381829)";"Data";"Consecutivo";"";"0";True;"";"GroupOnValue";"";"";"";"ba1d952e-e52b-401b-8ae0-a9f0b5a7da4e"
7381830;"CodigoLaboratorio";"LABORATORIOS_PATOLOGICOS";"Text";"Regular";"";False;False;False;True;"Default";"None";"Consulta1 (7315942)$CodigoLaboratorio (7381830)";"Data";"CodigoLaboratorio";"";"";True;"";"GroupOnValue";"";"";"";"cdfc872a-c55d-4f77-a949-d3d7a4cb881b"
7381831;"TipoLaboratorio";"LABORATORIOS_PATOLOGICOS";"Text";"Regular";"";False;False;False;True;"Default";"None";"Consulta1 (7315942)$TipoLaboratorio (7381831)";"Data";"TipoLaboratorio";"";"";True;"";"GroupOnValue";"";"";"";"f248792f-ef49-4d73-b0b7-e3853d7eeb2b"
7381832;"ResultadoLaboratorio";"LABORATORIOS_PATOLOGICOS";"Text";"Regular";"";False;False;False;True;"Default";"None";"Consulta1 (7315942)$ResultadoLaboratorio (7381832)";"Data";"ResultadoLaboratorio";"";"";True;"";"GroupOnValue";"";"";"";"20630fba-28d7-4db2-abc6-803311b67ef0"
7451072;"CategoriaEPS";"LABORATORIOS_PATOLOGICOS";"Text";"Regular";"";False;False;False;True;"Default";"None";"Consulta1 (7315942)$CategoriaEPS (7451072)";"Data";"CategoriaEPS";"";"";True;"";"GroupOnValue";"";"";"";"9a83a78a-b241-417c-ab65-19df2382ea50"
7349965;"RowNumber-2662979B-1795-4F74-8F37-6A1BA8059B61";"LocalDateTable_6bc42647-bc47-43c6-a914-9a80782b02c8";"Integer";"RowNumber";"";True;True;True;False;"Default";"Default";"LocalDateTable 6bc42647 bc47 43c6 a914 9a80782b02c8 (7349964)$RowNumber 2662979B 1795 4F74 8F37 6A1BA8059B61 (7349965)";"RowNumber";"RowNumber-2662979B-1795-4F74-8F37-6A1BA8059B61";"";"";True;"";"GroupOnValue";"";"";"";""
7349969;"Date";"LocalDateTable_6bc42647-bc47-43c6-a914-9a80782b02c8";"Date";"PaddedDateTableDates";"";True;True;False;False;"Default";"None";"LocalDateTable 6bc42647 bc47 43c6 a914 9a80782b02c8 (7349964)$Date (7349969)";"CalculatedTableColumn";"Date";"";"";True;"";"GroupOnValue";"";"";"";"1baff192-bd05-4d99-b66a-67e5546d5231"
7349970;"AÑO";"LocalDateTable_6bc42647-bc47-43c6-a914-9a80782b02c8";"Integer";"Years";"";True;False;False;True;"Default";"None";"LocalDateTable 6bc42647 bc47 43c6 a914 9a80782b02c8 (7349964)$Año (7349970)";"Calculated";"";"YEAR([Date])";"";True;"";"GroupOnValue";"";"";"";"bfc63a1c-c39c-4d6b-94fe-b2de3a59ce30"
7349971;"NroMes";"LocalDateTable_6bc42647-bc47-43c6-a914-9a80782b02c8";"Integer";"MonthOfYear";"";True;False;False;True;"Default";"None";"LocalDateTable 6bc42647 bc47 43c6 a914 9a80782b02c8 (7349964)$NroMes (7349971)";"Calculated";"";"MONTH([Date])";"";True;"";"GroupOnValue";"";"";"";"43bb4f64-38f5-492b-abad-e6ebff0e1f1d"
7349972;"MES";"LocalDateTable_6bc42647-bc47-43c6-a914-9a80782b02c8";"Text";"Months";"";True;False;False;True;"Default";"None";"LocalDateTable 6bc42647 bc47 43c6 a914 9a80782b02c8 (7349964)$Mes (7349972)";"Calculated";"";"FORMAT([Date], ""MMMM"")";"";True;"NroMes";"GroupOnValue";"";"";"";"a263b9c2-26ac-4a1f-aef5-812b36fd9650"
7349973;"NroTrimestre";"LocalDateTable_6bc42647-bc47-43c6-a914-9a80782b02c8";"Integer";"QuarterOfYear";"";True;False;False;True;"Default";"None";"LocalDateTable 6bc42647 bc47 43c6 a914 9a80782b02c8 (7349964)$NroTrimestre (7349973)";"Calculated";"";"INT(([NroMes] + 2) / 3)";"";True;"";"GroupOnValue";"";"";"";"f20a09de-af31-4eaa-81f7-c2ae7e92da43"
7349974;"Trimestre";"LocalDateTable_6bc42647-bc47-43c6-a914-9a80782b02c8";"Text";"Quarters";"";True;False;False;True;"Default";"None";"LocalDateTable 6bc42647 bc47 43c6 a914 9a80782b02c8 (7349964)$Trimestre (7349974)";"Calculated";"";"""Trim. "" & [NroTrimestre]";"";True;"NroTrimestre";"GroupOnValue";"";"";"";"2e499b62-2fd3-4672-ae27-a61d489fefef"
7349975;"Día";"LocalDateTable_6bc42647-bc47-43c6-a914-9a80782b02c8";"Integer";"DayOfMonth";"";True;False;False;True;"Default";"None";"LocalDateTable 6bc42647 bc47 43c6 a914 9a80782b02c8 (7349964)$Día (7349975)";"Calculated";"";"DAY([Date])";"";True;"";"GroupOnValue";"";"";"";"4309ceab-246d-4c24-b122-0ff06e97d2f8"
8790886;"RowNumber-2662979B-1795-4F74-8F37-6A1BA8059B61";"LocalDateTable_0ef91757-a863-4649-b09b-8ea1f667a20f";"Integer";"RowNumber";"";True;True;True;False;"Default";"Default";"LocalDateTable 0ef91757 a863 4649 b09b 8ea1f667a20f (8790885)$RowNumber 2662979B 1795 4F74 8F37 6A1BA8059B61 (8790886)";"RowNumber";"RowNumber-2662979B-1795-4F74-8F37-6A1BA8059B61";"";"";True;"";"GroupOnValue";"";"";"";""
8790890;"Date";"LocalDateTable_0ef91757-a863-4649-b09b-8ea1f667a20f";"Date";"PaddedDateTableDates";"";True;True;False;False;"Default";"None";"LocalDateTable 0ef91757 a863 4649 b09b 8ea1f667a20f (8790885)$Date (8790890)";"CalculatedTableColumn";"Date";"";"";True;"";"GroupOnValue";"";"";"";"d89799ec-3f0d-492e-9662-0e6aa1793b89"
8790891;"AÑO";"LocalDateTable_0ef91757-a863-4649-b09b-8ea1f667a20f";"Integer";"Years";"";True;False;False;True;"Default";"None";"LocalDateTable 0ef91757 a863 4649 b09b 8ea1f667a20f (8790885)$Año (8790891)";"Calculated";"";"YEAR([Date])";"";True;"";"GroupOnValue";"";"";"";"fec3d40f-0c5c-4c83-8ccb-a55b7b32d91c"
8790892;"NroMes";"LocalDateTable_0ef91757-a863-4649-b09b-8ea1f667a20f";"Integer";"MonthOfYear";"";True;False;False;True;"Default";"None";"LocalDateTable 0ef91757 a863 4649 b09b 8ea1f667a20f (8790885)$NroMes (8790892)";"Calculated";"";"MONTH([Date])";"";True;"";"GroupOnValue";"";"";"";"3f428065-3bc3-484f-8afb-2e2870a7232f"
8790893;"MES";"LocalDateTable_0ef91757-a863-4649-b09b-8ea1f667a20f";"Text";"Months";"";True;False;False;True;"Default";"None";"LocalDateTable 0ef91757 a863 4649 b09b 8ea1f667a20f (8790885)$Mes (8790893)";"Calculated";"";"FORMAT([Date], ""MMMM"")";"";True;"NroMes";"GroupOnValue";"";"";"";"b60e1a1b-cfd9-4189-aa39-9b5da1a4a575"
8790894;"NroTrimestre";"LocalDateTable_0ef91757-a863-4649-b09b-8ea1f667a20f";"Integer";"QuarterOfYear";"";True;False;False;True;"Default";"None";"LocalDateTable 0ef91757 a863 4649 b09b 8ea1f667a20f (8790885)$NroTrimestre (8790894)";"Calculated";"";"INT(([NroMes] + 2) / 3)";"";True;"";"GroupOnValue";"";"";"";"b647787e-0721-4d39-a038-7320ec7fe36a"
8790895;"Trimestre";"LocalDateTable_0ef91757-a863-4649-b09b-8ea1f667a20f";"Text";"Quarters";"";True;False;False;True;"Default";"None";"LocalDateTable 0ef91757 a863 4649 b09b 8ea1f667a20f (8790885)$Trimestre (8790895)";"Calculated";"";"""Trim. "" & [NroTrimestre]";"";True;"NroTrimestre";"GroupOnValue";"";"";"";"a3bf1da5-a830-4021-ac36-2437d73c9818"
8790896;"Día";"LocalDateTable_0ef91757-a863-4649-b09b-8ea1f667a20f";"Integer";"DayOfMonth";"";True;False;False;True;"Default";"None";"LocalDateTable 0ef91757 a863 4649 b09b 8ea1f667a20f (8790885)$Día (8790896)";"Calculated";"";"DAY([Date])";"";True;"";"GroupOnValue";"";"";"";"eac8bf4a-990c-4ac0-960a-5273b3768e45"
